threshold,threshold_source,alarm_budget_per_hour,fpr_observed,persistence,event_recall,n_events,n_detected,median_delay_min,mean_delay_min,p90_delay_min,earlier_than_report_share,padf,alarms_per_hour,config,label,dataset,seed
3.1312254667282122,validation,0.25,0.0031120331950207467,3,0.07142857142857142,14,1,1.0,1.0,1.0,0.0,0.06820297170788689,0.12903225806451613,ctrl_random,Случайный score (контроль),fold0,0
3.0705755949020386,validation,0.5,0.006224066390041493,3,0.07142857142857142,14,1,1.0,1.0,1.0,0.0,0.06820297170788689,0.25806451612903225,ctrl_random,Случайный score (контроль),fold0,0
2.965063452720642,validation,1.0,0.01970954356846473,3,0.21428571428571427,14,3,1.0,4.333333333333333,15.4,0.3333333333333333,0.1693186108558436,0.8172043010752689,ctrl_random,Случайный score (контроль),fold0,0
2.888545632362367,validation,2.0,0.03423236514522822,3,0.2857142857142857,14,4,-3.0,0.0,12.200000000000003,0.5,0.2436216320135375,1.4193548387096775,ctrl_random,Случайный score (контроль),fold0,0
2.765344977378845,validation,5.0,0.0912863070539419,3,0.7142857142857143,14,10,-6.5,-2.3,12.499999999999998,0.6,0.6073052502224864,3.78494623655914,ctrl_random,Случайный score (контроль),fold0,0
2.63100016117096,validation,10.0,0.1908713692946058,3,1.0,14,14,-0.5,-1.0,10.700000000000001,0.5,0.8465932929675809,7.913978494623656,ctrl_random,Случайный score (контроль),fold0,0
2.480463624000551,validation,20.0,0.42012448132780084,3,1.0,14,14,-9.0,-6.714285714285714,6.200000000000006,0.7857142857142857,0.9451885323921101,17.419354838709676,ctrl_random,Случайный score (контроль),fold0,0
14.71313047409058,validation,0.25,0.024896265560165973,3,0.14285714285714285,14,2,-8.5,-8.5,-3.3,1.0,0.14285714285714285,1.032258064516129,ctrl_untrained,GCN+GRU (фикс. граф) + Реконструкция [необучен],fold0,0
12.184107303619388,validation,0.5,0.04149377593360996,3,0.14285714285714285,14,2,-8.5,-8.5,-3.3,1.0,0.14285714285714285,1.7204301075268817,ctrl_untrained,GCN+GRU (фикс. граф) + Реконструкция [необучен],fold0,0
9.642817974090578,validation,1.0,0.0912863070539419,3,0.5,14,7,-2.0,-2.0,5.400000000000002,0.5714285714285714,0.4601447862314849,3.78494623655914,ctrl_untrained,GCN+GRU (фикс. граф) + Реконструкция [необучен],fold0,0
8.759707927703868,validation,2.0,0.12448132780082988,3,0.6428571428571429,14,9,-5.0,-3.2222222222222223,10.400000000000002,0.6666666666666666,0.5744748790633112,5.161290322580645,ctrl_untrained,GCN+GRU (фикс. граф) + Реконструкция [необучен],fold0,0
7.835203886032105,validation,5.0,0.15560165975103735,3,0.7142857142857143,14,10,-9.0,-5.0,8.999999999999996,0.8,0.6518736944022822,6.451612903225806,ctrl_untrained,GCN+GRU (фикс. граф) + Реконструкция [необучен],fold0,0
7.330438375473025,validation,10.0,0.18775933609958506,3,0.7142857142857143,14,10,-9.5,-5.5,8.899999999999997,0.8,0.6533441203044997,7.78494623655914,ctrl_untrained,GCN+GRU (фикс. граф) + Реконструкция [необучен],fold0,0
3.521906495094303,validation,20.0,0.516597510373444,3,0.8571428571428571,14,12,-15.0,-9.083333333333334,7.0000000000000036,0.8333333333333334,0.7993540314274206,21.419354838709676,ctrl_untrained,GCN+GRU (фикс. граф) + Реконструкция [необучен],fold0,0
4.5738465785980225,validation,0.25,0.007261410788381743,3,0.14285714285714285,14,2,-8.5,-8.5,-3.3,1.0,0.14285714285714285,0.3010752688172043,base_pca,PCA (линейная граница),fold0,0
3.948857903480531,validation,0.5,0.015560165975103735,3,0.14285714285714285,14,2,-8.5,-8.5,-3.3,1.0,0.14285714285714285,0.6451612903225806,base_pca,PCA (линейная граница),fold0,0
3.4302195310592687,validation,1.0,0.032157676348547715,3,0.14285714285714285,14,2,-8.5,-8.5,-3.3,1.0,0.14285714285714285,1.3333333333333333,base_pca,PCA (линейная граница),fold0,0
2.246043324470522,validation,2.0,0.08298755186721991,3,0.35714285714285715,14,5,5.0,2.6,13.4,0.4,0.28146558644622116,3.4408602150537635,base_pca,PCA (линейная граница),fold0,0
1.435736596584325,validation,5.0,0.15767634854771784,3,0.6428571428571429,14,9,-3.0,-1.6666666666666667,9.8,0.6666666666666666,0.5671798721605069,6.537634408602151,base_pca,PCA (линейная граница),fold0,0
1.1943281292915358,validation,10.0,0.22717842323651452,3,0.7142857142857143,14,10,-7.5,-5.4,8.399999999999999,0.7,0.6525611557698949,9.419354838709678,base_pca,PCA (линейная граница),fold0,0
0.4861337989568725,validation,20.0,0.5767634854771784,3,0.9285714285714286,14,13,-15.0,-8.076923076923077,6.0,0.7692307692307693,0.8719052147495919,23.913978494623656,base_pca,PCA (линейная граница),fold0,0
-0.16460906714200896,validation,0.25,0.014522821576763486,3,0.35714285714285715,14,5,6.0,2.8,10.2,0.4,0.28708033976305025,0.6021505376344086,base_california,California алгоритм (AID),fold0,0
-0.19540884345769866,validation,0.5,0.024896265560165973,3,0.6428571428571429,14,9,6.0,2.3333333333333335,11.4,0.4444444444444444,0.5232425378418011,1.032258064516129,base_california,California алгоритм (AID),fold0,0
-0.22427981346845566,validation,1.0,0.035269709543568464,3,0.6428571428571429,14,9,-2.0,1.3333333333333333,11.4,0.5555555555555556,0.5405383747521441,1.4623655913978495,base_california,California алгоритм (AID),fold0,0
-0.2816262394189829,validation,2.0,0.061203319502074686,3,0.7142857142857143,14,10,-2.0,0.0,11.1,0.6,0.6183824712510688,2.5376344086021505,base_california,California алгоритм (AID),fold0,0
-0.3768545240163798,validation,5.0,0.1421161825726141,3,0.8571428571428571,14,12,-9.0,-5.5,7.800000000000001,0.75,0.7913410891561803,5.89247311827957,base_california,California алгоритм (AID),fold0,0
-0.44385920464992484,validation,10.0,0.22406639004149378,3,1.0,14,14,-9.0,-6.428571428571429,5.100000000000003,0.7857142857142857,0.9513832347525151,9.290322580645162,base_california,California алгоритм (AID),fold0,0
-0.5174252688884731,validation,20.0,0.3744813278008299,3,1.0,14,14,-12.0,-8.428571428571429,4.200000000000006,0.7857142857142857,0.9606296230885062,15.526881720430108,base_california,California алгоритм (AID),fold0,0
2.6486703157424962,validation,0.25,0.005186721991701245,3,0.2857142857142857,14,4,9.5,4.5,13.100000000000001,0.25,0.2011511442453757,0.21505376344086022,base_snd,Standard Normal Deviate (AID),fold0,0
2.487475037574784,validation,0.5,0.005186721991701245,3,0.35714285714285715,14,5,8.0,4.6,12.8,0.2,0.25784403895852565,0.21505376344086022,base_snd,Standard Normal Deviate (AID),fold0,0
2.1992236375808822,validation,1.0,0.015560165975103735,3,0.42857142857142855,14,6,8.5,3.3333333333333335,12.5,0.3333333333333333,0.3197049982015505,0.6451612903225806,base_snd,Standard Normal Deviate (AID),fold0,0
1.840651452541358,validation,2.0,0.038381742738589214,3,0.5714285714285714,14,8,10.0,5.5,13.5,0.25,0.4042518999062677,1.5913978494623655,base_snd,Standard Normal Deviate (AID),fold0,0
1.5731864571571652,validation,5.0,0.08713692946058091,3,0.7857142857142857,14,11,2.0,1.6363636363636365,12.0,0.2727272727272727,0.6395545296177364,3.6129032258064515,base_snd,Standard Normal Deviate (AID),fold0,0
1.4287303090095578,validation,10.0,0.1607883817427386,3,0.7857142857142857,14,11,-2.0,-2.6363636363636362,11.0,0.6363636363636364,0.7142361909040007,6.666666666666667,base_snd,Standard Normal Deviate (AID),fold0,0
1.2418395876884718,validation,20.0,0.36618257261410786,3,1.0,14,14,-13.5,-8.357142857142858,5.200000000000006,0.7857142857142857,0.9549594759010352,15.182795698924732,base_snd,Standard Normal Deviate (AID),fold0,0
0.6834249794483187,validation,0.25,0.046680497925311204,3,0.5,14,7,11.0,5.571428571428571,16.6,0.2857142857142857,0.35859896856215584,1.935483870967742,base_iforest,Isolation Forest,fold0,0
0.679802268743515,validation,0.5,0.058091286307053944,3,0.5,14,7,11.0,4.714285714285714,16.200000000000003,0.42857142857142855,0.36702145126644137,2.4086021505376345,base_iforest,Isolation Forest,fold0,0
0.6788777410984042,validation,1.0,0.06224066390041494,3,0.5,14,7,11.0,4.571428571428571,16.200000000000003,0.42857142857142855,0.36702145126644137,2.5806451612903225,base_iforest,Isolation Forest,fold0,0
0.6717221438884735,validation,2.0,0.09232365145228216,3,0.5714285714285714,14,8,2.5,2.125,15.899999999999999,0.5,0.4535618814537242,3.827956989247312,base_iforest,Isolation Forest,fold0,0
0.6547470986843109,validation,5.0,0.15145228215767634,3,0.7142857142857143,14,10,-6.0,-3.9,8.999999999999996,0.7,0.6371380176868607,6.279569892473118,base_iforest,Isolation Forest,fold0,0
0.6374289691448212,validation,10.0,0.241701244813278,3,0.7142857142857143,14,10,-6.0,-4.0,8.899999999999997,0.7,0.6386084435890782,10.021505376344086,base_iforest,Isolation Forest,fold0,0
0.5798676908016205,validation,20.0,0.508298755186722,3,0.9285714285714286,14,13,-15.0,-8.692307692307692,5.600000000000001,0.7692307692307693,0.877146615670134,21.0752688172043,base_iforest,Isolation Forest,fold0,0
0.002098988159559669,validation,0.25,0.20643153526970953,3,0.21428571428571427,14,3,-1.0,1.3333333333333333,5.4,0.6666666666666666,0.19454532990858492,8.559139784946236,deep_transformer_contrastive,Transformer (без графа) + Контрастив,fold0,0
0.0019280975102446993,validation,0.5,0.229253112033195,3,0.21428571428571427,14,3,-2.0,-4.0,3.6000000000000005,0.6666666666666666,0.19955003757029283,9.505376344086022,deep_transformer_contrastive,Transformer (без графа) + Контрастив,fold0,0
0.0015820650733076058,validation,1.0,0.27593360995850624,3,0.35714285714285715,14,5,-2.0,-6.6,-0.3999999999999999,0.8,0.35714285714285715,11.440860215053764,deep_transformer_contrastive,Transformer (без графа) + Контрастив,fold0,0
0.0014509378816001122,validation,2.0,0.2863070539419087,3,0.5,14,7,-2.0,-3.857142857142857,4.0000000000000036,0.7142857142857143,0.4735686089248169,11.870967741935484,deep_transformer_contrastive,Transformer (без графа) + Контрастив,fold0,0
0.0011106607853435002,validation,5.0,0.3900414937759336,3,0.7857142857142857,14,11,-4.0,-2.6363636363636362,15.0,0.6363636363636364,0.6902972198547079,16.172043010752688,deep_transformer_contrastive,Transformer (без графа) + Контрастив,fold0,0
0.0009047311905305852,validation,10.0,0.5031120331950207,3,0.9285714285714286,14,13,-15.0,-5.769230769230769,11.200000000000003,0.6923076923076923,0.8251053663464231,20.86021505376344,deep_transformer_contrastive,Transformer (без графа) + Контрастив,fold0,0
0.0007026978710200655,validation,20.0,0.6452282157676349,3,0.9285714285714286,14,13,-15.0,-8.153846153846153,7.600000000000001,0.7692307692307693,0.8671265116587838,26.752688172043012,deep_transformer_contrastive,Transformer (без графа) + Контрастив,fold0,0
1.8895902037620558,validation,0.25,0.00933609958506224,3,0.07142857142857142,14,1,-2.0,-2.0,-2.0,1.0,0.07142857142857142,0.3870967741935484,cand_gcngru_recon,GCN+GRU (фикс. граф) + Реконструкция,fold0,0
1.8326091170310979,validation,0.5,0.016597510373443983,3,0.21428571428571427,14,3,-2.0,1.0,15.600000000000001,0.6666666666666666,0.17120359021371787,0.6881720430107527,cand_gcngru_recon,GCN+GRU (фикс. граф) + Реконструкция,fold0,0
1.7597770094871525,validation,1.0,0.02074688796680498,3,0.2857142857142857,14,4,1.5,-0.5,8.5,0.5,0.24454721792368117,0.8602150537634409,cand_gcngru_recon,GCN+GRU (фикс. граф) + Реконструкция,fold0,0
1.5809857249259949,validation,2.0,0.03423236514522822,3,0.35714285714285715,14,5,-15.0,-7.4,5.200000000000001,0.8,0.3307114660676741,1.4193548387096775,cand_gcngru_recon,GCN+GRU (фикс. граф) + Реконструкция,fold0,0
1.3022741675376897,validation,5.0,0.10684647302904564,3,0.5,14,7,-6.0,-5.142857142857143,8.4,0.7142857142857143,0.45362217109788106,4.43010752688172,cand_gcngru_recon,GCN+GRU (фикс. граф) + Реконструкция,fold0,0
1.1323521733284005,validation,10.0,0.15767634854771784,3,0.6428571428571429,14,9,-10.0,-5.444444444444445,8.4,0.6666666666666666,0.5911256120601244,6.537634408602151,cand_gcngru_recon,GCN+GRU (фикс. граф) + Реконструкция,fold0,0
0.36715166270733,validation,20.0,0.4678423236514523,3,0.8571428571428571,14,12,-15.0,-8.166666666666666,5.9,0.75,0.803036803515942,19.397849462365592,cand_gcngru_recon,GCN+GRU (фикс. граф) + Реконструкция,fold0,0
3.328066706657411,validation,0.25,0.0,3,0.0,14,0,,,,0.0,0.0,0.0,cand_gatlstm_recon,GAT+LSTM (обуч. внимание) + Реконструкция,fold0,0
2.547298312187197,validation,0.5,0.0,3,0.0,14,0,,,,0.0,0.0,0.0,cand_gatlstm_recon,GAT+LSTM (обуч. внимание) + Реконструкция,fold0,0
1.9243933558464072,validation,1.0,0.02074688796680498,3,0.42857142857142855,14,6,-11.0,-7.5,3.5,0.8333333333333334,0.40426813967046055,0.8602150537634409,cand_gatlstm_recon,GAT+LSTM (обуч. внимание) + Реконструкция,fold0,0
1.8243693709373474,validation,2.0,0.035269709543568464,3,0.5714285714285714,14,8,-11.5,-7.5,3.799999999999999,0.75,0.5430484948958647,1.4623655913978495,cand_gatlstm_recon,GAT+LSTM (обуч. внимание) + Реконструкция,fold0,0
1.6474758982658408,validation,5.0,0.10477178423236515,3,0.5714285714285714,14,8,-13.5,-9.25,0.9999999999999982,0.875,0.5493540314274206,4.344086021505376,cand_gatlstm_recon,GAT+LSTM (обуч. внимание) + Реконструкция,fold0,0
1.4293254017829913,validation,10.0,0.25,3,0.8571428571428571,14,12,-10.5,-7.583333333333333,7.0000000000000036,0.8333333333333334,0.8086369260665232,10.365591397849462,cand_gatlstm_recon,GAT+LSTM (обуч. внимание) + Реконструкция,fold0,0
1.100163161754609,validation,20.0,0.4636929460580913,3,0.9285714285714286,14,13,-15.0,-8.538461538461538,6.800000000000001,0.7692307692307693,0.8694606672828054,19.225806451612904,cand_gatlstm_recon,GAT+LSTM (обуч. внимание) + Реконструкция,fold0,0
0.2607196122407914,validation,0.25,0.0,3,0.07142857142857142,14,1,8.0,8.0,8.0,0.0,0.04935403142742057,0.0,cand_gcngru_bigan,GCN+GRU (фикс. граф) + Критик BiGAN,fold0,0
0.2605219930410385,validation,0.5,0.0,3,0.07142857142857142,14,1,7.0,7.0,7.0,0.0,0.051688187051442076,0.0,cand_gcngru_bigan,GCN+GRU (фикс. граф) + Критик BiGAN,fold0,0
0.2602448910474777,validation,1.0,0.0,3,0.21428571428571427,14,3,14.0,11.666666666666666,14.0,0.0,0.12649491011005828,0.0,cand_gcngru_bigan,GCN+GRU (фикс. граф) + Критик BiGAN,fold0,0
0.2598302811384201,validation,2.0,0.006224066390041493,3,0.35714285714285715,14,5,13.0,6.4,14.0,0.2,0.23954034970879562,0.25806451612903225,cand_gcngru_bigan,GCN+GRU (фикс. граф) + Критик BiGAN,fold0,0
0.2592830806970597,validation,5.0,0.06327800829875518,3,0.5,14,7,6.0,5.428571428571429,14.400000000000002,0.14285714285714285,0.36620382454985967,2.6236559139784945,cand_gcngru_bigan,GCN+GRU (фикс. граф) + Критик BiGAN,fold0,0
0.25904659926891327,validation,10.0,0.14107883817427386,3,0.5,14,7,5.0,1.0,12.200000000000003,0.2857142857142857,0.4047981434932039,5.849462365591398,cand_gcngru_bigan,GCN+GRU (фикс. граф) + Критик BiGAN,fold0,0
0.2585556656122208,validation,20.0,0.4460580912863071,3,1.0,14,14,-0.5,-0.2857142857142857,15.700000000000001,0.5,0.8319011937036077,18.49462365591398,cand_gcngru_bigan,GCN+GRU (фикс. граф) + Критик BiGAN,fold0,0
-312.75785827636713,validation,0.25,0.061203319502074686,3,0.35714285714285715,14,5,-2.0,-1.2,10.2,0.6,0.3043761766733933,2.5376344086021505,cand_hypergraph_flow,Гиперграф+Bi-GLU + Плотность (flow),fold0,0
-312.80177307128906,validation,0.5,0.06742738589211618,3,0.35714285714285715,14,5,-7.0,-5.0,4.000000000000001,0.8,0.33506831714170626,2.795698924731183,cand_hypergraph_flow,Гиперграф+Bi-GLU + Плотность (flow),fold0,0
-312.8180694580078,validation,1.0,0.07053941908713693,3,0.35714285714285715,14,5,-8.0,-5.2,4.000000000000001,0.8,0.33506831714170626,2.924731182795699,cand_hypergraph_flow,Гиперграф+Bi-GLU + Плотность (flow),fold0,0
-312.83119201660156,validation,2.0,0.08609958506224066,3,0.35714285714285715,14,5,-8.0,-5.2,4.000000000000001,0.8,0.33506831714170626,3.5698924731182795,cand_hypergraph_flow,Гиперграф+Bi-GLU + Плотность (flow),fold0,0
-312.86708068847656,validation,5.0,0.11099585062240663,3,0.6428571428571429,14,9,-8.0,-2.888888888888889,10.200000000000003,0.6666666666666666,0.5643054224313844,4.602150537634409,cand_hypergraph_flow,Гиперграф+Bi-GLU + Плотность (flow),fold0,0
-312.91349792480463,validation,10.0,0.21887966804979253,3,0.7857142857142857,14,11,-8.0,-5.636363636363637,8.0,0.7272727272727273,0.725929965808648,9.075268817204302,cand_hypergraph_flow,Гиперграф+Bi-GLU + Плотность (flow),fold0,0
-313.00880432128906,validation,20.0,0.6255186721991701,3,0.9285714285714286,14,13,-15.0,-8.846153846153847,5.400000000000002,0.7692307692307693,0.8799546633239437,25.93548387096774,cand_hypergraph_flow,Гиперграф+Bi-GLU + Плотность (flow),fold0,0
1.0898551344871525,validation,0.25,0.00933609958506224,3,0.07142857142857142,14,1,-15.0,-15.0,-15.0,1.0,0.07142857142857142,0.3870967741935484,cand_gcngru_physics,GCN+GRU (фикс. граф) + Невязка LWR,fold0,0
1.0220368504524235,validation,0.5,0.01037344398340249,3,0.07142857142857142,14,1,-15.0,-15.0,-15.0,1.0,0.07142857142857142,0.43010752688172044,cand_gcngru_physics,GCN+GRU (фикс. граф) + Невязка LWR,fold0,0
0.9255881607532507,validation,1.0,0.012448132780082987,3,0.07142857142857142,14,1,-15.0,-15.0,-15.0,1.0,0.07142857142857142,0.5161290322580645,cand_gcngru_physics,GCN+GRU (фикс. граф) + Невязка LWR,fold0,0
0.8543968498706824,validation,2.0,0.02074688796680498,3,0.07142857142857142,14,1,-15.0,-15.0,-15.0,1.0,0.07142857142857142,0.8602150537634409,cand_gcngru_physics,GCN+GRU (фикс. граф) + Невязка LWR,fold0,0
0.6461553275585181,validation,5.0,0.0995850622406639,3,0.14285714285714285,14,2,-6.5,-6.5,0.30000000000000027,0.5,0.1365516063255869,4.129032258064516,cand_gcngru_physics,GCN+GRU (фикс. граф) + Невязка LWR,fold0,0
0.5471545755863194,validation,10.0,0.19813278008298754,3,0.2857142857142857,14,4,-11.0,-9.0,-2.299999999999998,0.75,0.28248868599360116,8.21505376344086,cand_gcngru_physics,GCN+GRU (фикс. граф) + Невязка LWR,fold0,0
0.4545305520296101,validation,20.0,0.3796680497925311,3,0.7857142857142857,14,11,-3.0,-3.0,11.0,0.6363636363636364,0.6803695406408996,15.741935483870968,cand_gcngru_physics,GCN+GRU (фикс. граф) + Невязка LWR,fold0,0
3.016839861869813,validation,0.25,0.013485477178423237,3,0.5,14,7,8.0,4.714285714285714,10.8,0.2857142857142857,0.37949131293367777,0.5591397849462365,ctrl_random,Случайный score (контроль),fold0,1
2.9788941144943246,validation,0.5,0.014522821576763486,3,0.5,14,7,8.0,4.714285714285714,10.8,0.2857142857142857,0.37949131293367777,0.6021505376344086,ctrl_random,Случайный score (контроль),fold0,1
2.9064825773239154,validation,1.0,0.029045643153526972,3,0.5,14,7,6.0,3.4285714285714284,10.8,0.2857142857142857,0.40379460183464577,1.2043010752688172,ctrl_random,Случайный score (контроль),fold0,1
2.852438807487488,validation,2.0,0.038381742738589214,3,0.6428571428571429,14,9,6.0,4.222222222222222,13.0,0.3333333333333333,0.5077846907117249,1.5913978494623655,ctrl_random,Случайный score (контроль),fold0,1
2.724655032157898,validation,5.0,0.07676348547717843,3,1.0,14,14,1.0,1.8571428571428572,11.400000000000002,0.42857142857142855,0.8479596237174379,3.182795698924731,ctrl_random,Случайный score (контроль),fold0,1
2.619668364524843,validation,10.0,0.15975103734439833,3,1.0,14,14,-1.5,-1.0,11.400000000000002,0.5,0.8806965513241769,6.623655913978495,ctrl_random,Случайный score (контроль),fold0,1
2.5169738531112675,validation,20.0,0.30809128630705396,3,1.0,14,14,-10.0,-6.785714285714286,4.800000000000004,0.7857142857142857,0.9459949963794237,12.774193548387096,ctrl_random,Случайный score (контроль),fold0,1
14.698508739471439,validation,0.25,0.024896265560165973,3,0.14285714285714285,14,2,-8.5,-8.5,-3.3,1.0,0.14285714285714285,1.032258064516129,ctrl_untrained,GCN+GRU (фикс. граф) + Реконструкция [необучен],fold0,1
12.090808391571047,validation,0.5,0.04149377593360996,3,0.14285714285714285,14,2,-8.5,-8.5,-3.3,1.0,0.14285714285714285,1.7204301075268817,ctrl_untrained,GCN+GRU (фикс. граф) + Реконструкция [необучен],fold0,1
9.659313678741466,validation,1.0,0.09024896265560166,3,0.5,14,7,-2.0,-1.8571428571428572,6.000000000000002,0.5714285714285714,0.45733673857767515,3.7419354838709675,ctrl_untrained,GCN+GRU (фикс. граф) + Реконструкция [необучен],fold0,1
8.776231288909921,validation,2.0,0.12448132780082988,3,0.6428571428571429,14,9,-5.0,-3.2222222222222223,10.400000000000002,0.6666666666666666,0.5744748790633112,5.161290322580645,ctrl_untrained,GCN+GRU (фикс. граф) + Реконструкция [необучен],fold0,1
7.867839574813843,validation,5.0,0.15560165975103735,3,0.7142857142857143,14,10,-9.0,-4.9,9.099999999999996,0.8,0.6504696705753774,6.451612903225806,ctrl_untrained,GCN+GRU (фикс. граф) + Реконструкция [необучен],fold0,1
7.338439702987672,validation,10.0,0.18672199170124482,3,0.7142857142857143,14,10,-9.5,-5.4,8.899999999999997,0.8,0.6533441203044997,7.741935483870968,ctrl_untrained,GCN+GRU (фикс. граф) + Реконструкция [необучен],fold0,1
3.530813097953807,validation,20.0,0.516597510373444,3,0.8571428571428571,14,12,-15.0,-9.166666666666666,7.0000000000000036,0.8333333333333334,0.801043107242443,21.419354838709676,ctrl_untrained,GCN+GRU (фикс. граф) + Реконструкция [необучен],fold0,1
4.5738465785980225,validation,0.25,0.007261410788381743,3,0.14285714285714285,14,2,-8.5,-8.5,-3.3,1.0,0.14285714285714285,0.3010752688172043,base_pca,PCA (линейная граница),fold0,1
3.948857903480531,validation,0.5,0.015560165975103735,3,0.14285714285714285,14,2,-8.5,-8.5,-3.3,1.0,0.14285714285714285,0.6451612903225806,base_pca,PCA (линейная граница),fold0,1
3.4302195310592687,validation,1.0,0.032157676348547715,3,0.14285714285714285,14,2,-8.5,-8.5,-3.3,1.0,0.14285714285714285,1.3333333333333333,base_pca,PCA (линейная граница),fold0,1
2.246043324470522,validation,2.0,0.08298755186721991,3,0.35714285714285715,14,5,5.0,2.6,13.4,0.4,0.28146558644622116,3.4408602150537635,base_pca,PCA (линейная граница),fold0,1
1.435736596584325,validation,5.0,0.15767634854771784,3,0.6428571428571429,14,9,-3.0,-1.6666666666666667,9.8,0.6666666666666666,0.5671798721605069,6.537634408602151,base_pca,PCA (линейная граница),fold0,1
1.1943281292915358,validation,10.0,0.22717842323651452,3,0.7142857142857143,14,10,-7.5,-5.4,8.399999999999999,0.7,0.6525611557698949,9.419354838709678,base_pca,PCA (линейная граница),fold0,1
0.4861337989568725,validation,20.0,0.5767634854771784,3,0.9285714285714286,14,13,-15.0,-8.076923076923077,6.0,0.7692307692307693,0.8719052147495919,23.913978494623656,base_pca,PCA (линейная граница),fold0,1
-0.16460906714200896,validation,0.25,0.014522821576763486,3,0.35714285714285715,14,5,6.0,2.8,10.2,0.4,0.28708033976305025,0.6021505376344086,base_california,California алгоритм (AID),fold0,1
-0.19540884345769866,validation,0.5,0.024896265560165973,3,0.6428571428571429,14,9,6.0,2.3333333333333335,11.4,0.4444444444444444,0.5232425378418011,1.032258064516129,base_california,California алгоритм (AID),fold0,1
-0.22427981346845566,validation,1.0,0.035269709543568464,3,0.6428571428571429,14,9,-2.0,1.3333333333333333,11.4,0.5555555555555556,0.5405383747521441,1.4623655913978495,base_california,California алгоритм (AID),fold0,1
-0.2816262394189829,validation,2.0,0.061203319502074686,3,0.7142857142857143,14,10,-2.0,0.0,11.1,0.6,0.6183824712510688,2.5376344086021505,base_california,California алгоритм (AID),fold0,1
-0.3768545240163798,validation,5.0,0.1421161825726141,3,0.8571428571428571,14,12,-9.0,-5.5,7.800000000000001,0.75,0.7913410891561803,5.89247311827957,base_california,California алгоритм (AID),fold0,1
-0.44385920464992484,validation,10.0,0.22406639004149378,3,1.0,14,14,-9.0,-6.428571428571429,5.100000000000003,0.7857142857142857,0.9513832347525151,9.290322580645162,base_california,California алгоритм (AID),fold0,1
-0.5174252688884731,validation,20.0,0.3744813278008299,3,1.0,14,14,-12.0,-8.428571428571429,4.200000000000006,0.7857142857142857,0.9606296230885062,15.526881720430108,base_california,California алгоритм (AID),fold0,1
2.6486703157424962,validation,0.25,0.005186721991701245,3,0.2857142857142857,14,4,9.5,4.5,13.100000000000001,0.25,0.2011511442453757,0.21505376344086022,base_snd,Standard Normal Deviate (AID),fold0,1
2.487475037574784,validation,0.5,0.005186721991701245,3,0.35714285714285715,14,5,8.0,4.6,12.8,0.2,0.25784403895852565,0.21505376344086022,base_snd,Standard Normal Deviate (AID),fold0,1
2.1992236375808822,validation,1.0,0.015560165975103735,3,0.42857142857142855,14,6,8.5,3.3333333333333335,12.5,0.3333333333333333,0.3197049982015505,0.6451612903225806,base_snd,Standard Normal Deviate (AID),fold0,1
1.840651452541358,validation,2.0,0.038381742738589214,3,0.5714285714285714,14,8,10.0,5.5,13.5,0.25,0.4042518999062677,1.5913978494623655,base_snd,Standard Normal Deviate (AID),fold0,1
1.5731864571571652,validation,5.0,0.08713692946058091,3,0.7857142857142857,14,11,2.0,1.6363636363636365,12.0,0.2727272727272727,0.6395545296177364,3.6129032258064515,base_snd,Standard Normal Deviate (AID),fold0,1
1.4287303090095578,validation,10.0,0.1607883817427386,3,0.7857142857142857,14,11,-2.0,-2.6363636363636362,11.0,0.6363636363636364,0.7142361909040007,6.666666666666667,base_snd,Standard Normal Deviate (AID),fold0,1
1.2418395876884718,validation,20.0,0.36618257261410786,3,1.0,14,14,-13.5,-8.357142857142858,5.200000000000006,0.7857142857142857,0.9549594759010352,15.182795698924732,base_snd,Standard Normal Deviate (AID),fold0,1
0.6958242952823641,validation,0.25,0.006224066390041493,3,0.14285714285714285,14,2,-0.5,-0.5,0.7000000000000001,0.5,0.1396315431364583,0.25806451612903225,base_iforest,Isolation Forest,fold0,1
0.690505772829056,validation,0.5,0.014522821576763486,3,0.21428571428571427,14,3,1.0,2.6666666666666665,7.4,0.3333333333333333,0.18675682566406168,0.6021505376344086,base_iforest,Isolation Forest,fold0,1
0.682194322347641,validation,1.0,0.024896265560165973,3,0.2857142857142857,14,4,-4.0,-1.5,10.600000000000003,0.75,0.24838720013965773,1.032258064516129,base_iforest,Isolation Forest,fold0,1
0.6733187735080721,validation,2.0,0.061203319502074686,3,0.35714285714285715,14,5,-2.0,0.2,11.6,0.6,0.298275835395684,2.5376344086021505,base_iforest,Isolation Forest,fold0,1
0.6559858024120331,validation,5.0,0.1421161825726141,3,0.7857142857142857,14,11,-2.0,-2.0,13.0,0.5454545454545454,0.6684192055567176,5.89247311827957,base_iforest,Isolation Forest,fold0,1
0.6427319943904877,validation,10.0,0.2053941908713693,3,0.7857142857142857,14,11,-2.0,-2.4545454545454546,12.0,0.5454545454545454,0.6796333848389724,8.516129032258064,base_iforest,Isolation Forest,fold0,1
0.5828677713871004,validation,20.0,0.49688796680497926,3,0.9285714285714286,14,13,-15.0,-8.615384615384615,5.600000000000001,0.7692307692307693,0.877146615670134,20.602150537634408,base_iforest,Isolation Forest,fold0,1
0.0016263597062788919,validation,0.25,0.20228215767634855,3,0.42857142857142855,14,6,-5.0,-2.1666666666666665,13.5,0.6666666666666666,0.3627809514283048,8.387096774193548,deep_transformer_contrastive,Transformer (без графа) + Контрастив,fold0,1
0.0015897671109996753,validation,0.5,0.2074688796680498,3,0.42857142857142855,14,6,-5.0,-2.3333333333333335,13.0,0.6666666666666666,0.36439375128864704,8.602150537634408,deep_transformer_contrastive,Transformer (без графа) + Контрастив,fold0,1
0.0015034627285785975,validation,1.0,0.22821576763485477,3,0.42857142857142855,14,6,-5.0,-2.3333333333333335,13.0,0.6666666666666666,0.36439375128864704,9.46236559139785,deep_transformer_contrastive,Transformer (без графа) + Контрастив,fold0,1
0.0014220426674000928,validation,2.0,0.25103734439834025,3,0.42857142857142855,14,6,-5.5,-4.0,8.5,0.6666666666666666,0.3842607418564357,10.408602150537634,deep_transformer_contrastive,Transformer (без графа) + Контрастив,fold0,1
0.0012896435218863196,validation,5.0,0.29564315352697096,3,0.5714285714285714,14,8,-11.5,-7.5,2.599999999999998,0.875,0.5429651798600756,12.258064516129032,deep_transformer_contrastive,Transformer (без графа) + Контрастив,fold0,1
0.0011848250287584963,validation,10.0,0.34854771784232363,3,0.5714285714285714,14,8,-12.0,-7.625,2.599999999999998,0.875,0.5429651798600756,14.451612903225806,deep_transformer_contrastive,Transformer (без графа) + Контрастив,fold0,1
0.0007193758792709561,validation,20.0,0.5715767634854771,3,0.9285714285714286,14,13,-15.0,-8.461538461538462,7.600000000000001,0.7692307692307693,0.8671265116587838,23.698924731182796,deep_transformer_contrastive,Transformer (без графа) + Контрастив,fold0,1
1.836561501026154,validation,0.25,0.008298755186721992,3,0.07142857142857142,14,1,0.0,0.0,0.0,0.0,0.07142857142857142,0.34408602150537637,cand_gcngru_recon,GCN+GRU (фикс. граф) + Реконструкция,fold0,1
1.7840880751609807,validation,0.5,0.012448132780082987,3,0.14285714285714285,14,2,4.5,4.5,8.9,0.5,0.11642575178195977,0.5161290322580645,cand_gcngru_recon,GCN+GRU (фикс. граф) + Реконструкция,fold0,1
1.6989361643791208,validation,1.0,0.017634854771784232,3,0.21428571428571427,14,3,-1.0,-3.6666666666666665,3.8000000000000003,0.6666666666666666,0.19955003757029283,0.7311827956989247,cand_gcngru_recon,GCN+GRU (фикс. граф) + Реконструкция,fold0,1
1.367624104022981,validation,2.0,0.06846473029045644,3,0.42857142857142855,14,6,-8.5,-4.833333333333333,9.0,0.6666666666666666,0.3800654974950946,2.838709677419355,cand_gcngru_recon,GCN+GRU (фикс. граф) + Реконструкция,fold0,1
1.2006028294563298,validation,5.0,0.12655601659751037,3,0.5714285714285714,14,8,-4.0,-3.25,9.2,0.625,0.4992100168716139,5.247311827956989,cand_gcngru_recon,GCN+GRU (фикс. граф) + Реконструкция,fold0,1
1.0571997761726393,validation,10.0,0.17219917012448133,3,0.5714285714285714,14,8,-6.0,-4.5,9.2,0.625,0.5157248015280587,7.139784946236559,cand_gcngru_recon,GCN+GRU (фикс. граф) + Реконструкция,fold0,1
0.35945205390453383,validation,20.0,0.4636929460580913,3,0.9285714285714286,14,13,-15.0,-8.153846153846153,5.800000000000001,0.7692307692307693,0.8744653749445134,19.225806451612904,cand_gcngru_recon,GCN+GRU (фикс. граф) + Реконструкция,fold0,1
3.2301596403121966,validation,0.25,0.0,3,0.0,14,0,,,,0.0,0.0,0.0,cand_gatlstm_recon,GAT+LSTM (обуч. внимание) + Реконструкция,fold0,1
2.43149244785309,validation,0.5,0.0,3,0.14285714285714285,14,2,-0.5,-0.5,0.7000000000000001,0.5,0.1396315431364583,0.0,cand_gatlstm_recon,GAT+LSTM (обуч. внимание) + Реконструкция,fold0,1
1.9409510493278517,validation,1.0,0.03319502074688797,3,0.35714285714285715,14,5,-1.0,-0.2,8.8,0.6,0.3109710816905447,1.3763440860215055,cand_gatlstm_recon,GAT+LSTM (обуч. внимание) + Реконструкция,fold0,1
1.805102050304415,validation,2.0,0.0508298755186722,3,0.35714285714285715,14,5,-2.0,-2.4,8.2,0.6,0.3130991838647597,2.10752688172043,cand_gatlstm_recon,GAT+LSTM (обуч. внимание) + Реконструкция,fold0,1
1.4612272381782554,validation,5.0,0.1607883817427386,3,0.6428571428571429,14,9,-10.0,-7.888888888888889,1.7763568394002505e-15,0.8888888888888888,0.6207826028559921,6.666666666666667,cand_gatlstm_recon,GAT+LSTM (обуч. внимание) + Реконструкция,fold0,1
1.314687550067903,validation,10.0,0.23858921161825727,3,0.7142857142857143,14,10,-12.5,-7.9,5.299999999999999,0.8,0.677475497569142,9.89247311827957,cand_gatlstm_recon,GAT+LSTM (обуч. внимание) + Реконструкция,fold0,1
0.8524433672428157,validation,20.0,0.5093360995850622,3,0.9285714285714286,14,13,-15.0,-9.076923076923077,6.000000000000007,0.8461538461538461,0.8844223485691268,21.118279569892472,cand_gatlstm_recon,GAT+LSTM (обуч. внимание) + Реконструкция,fold0,1
0.23560240119695663,validation,0.25,0.01970954356846473,3,0.5,14,7,-2.0,-1.1428571428571428,8.000000000000004,0.5714285714285714,0.4476148175793798,0.8172043010752689,cand_gcngru_bigan,GCN+GRU (фикс. граф) + Критик BiGAN,fold0,1
0.23550762981176376,validation,0.5,0.025933609958506226,3,0.5714285714285714,14,8,-0.5,-1.125,6.999999999999998,0.5,0.5158177892872667,1.075268817204301,cand_gcngru_bigan,GCN+GRU (фикс. граф) + Критик BiGAN,fold0,1
0.23541515320539474,validation,1.0,0.04045643153526971,3,0.5714285714285714,14,8,-7.5,-3.875,6.999999999999998,0.625,0.5190433890079512,1.6774193548387097,cand_gcngru_bigan,GCN+GRU (фикс. граф) + Критик BiGAN,fold0,1
0.235364131629467,validation,2.0,0.07157676348547717,3,0.5714285714285714,14,8,-7.5,-4.0,6.299999999999998,0.625,0.521851436661761,2.967741935483871,cand_gcngru_bigan,GCN+GRU (фикс. граф) + Критик BiGAN,fold0,1
0.23523215204477313,validation,5.0,0.11307053941908714,3,0.6428571428571429,14,9,-7.0,-3.7777777777777777,6.4,0.5555555555555556,0.587934841078102,4.688172043010753,cand_gcngru_bigan,GCN+GRU (фикс. граф) + Критик BiGAN,fold0,1
0.23494393378496173,validation,10.0,0.22821576763485477,3,0.7857142857142857,14,11,-10.0,-4.363636363636363,8.0,0.6363636363636364,0.7123671057517083,9.46236559139785,cand_gcngru_bigan,GCN+GRU (фикс. граф) + Критик BiGAN,fold0,1
0.23454491049051288,validation,20.0,0.4636929460580913,3,0.9285714285714286,14,13,-9.0,-4.615384615384615,8.8,0.6923076923076923,0.8260307087789031,19.225806451612904,cand_gcngru_bigan,GCN+GRU (фикс. граф) + Критик BiGAN,fold0,1
-309.70973205566406,validation,0.25,0.058091286307053944,3,0.42857142857142855,14,6,2.5,2.3333333333333335,13.0,0.3333333333333333,0.3506074838204493,2.4086021505376345,cand_hypergraph_flow,Гиперграф+Bi-GLU + Плотность (flow),fold0,1
-309.7324981689453,validation,0.5,0.07468879668049792,3,0.5,14,7,-2.0,-1.1428571428571428,11.600000000000003,0.5714285714285714,0.4358328062981009,3.096774193548387,cand_hypergraph_flow,Гиперграф+Bi-GLU + Плотность (flow),fold0,1
-309.7415618896484,validation,1.0,0.08195020746887967,3,0.5,14,7,-2.0,-1.2857142857142858,11.200000000000003,0.5714285714285714,0.43737277470353664,3.3978494623655915,cand_hypergraph_flow,Гиперграф+Bi-GLU + Плотность (flow),fold0,1
-309.76799011230463,validation,2.0,0.11307053941908714,3,0.5714285714285714,14,8,-3.5,-1.875,10.099999999999998,0.625,0.5104141459924503,4.688172043010753,cand_hypergraph_flow,Гиперграф+Bi-GLU + Плотность (flow),fold0,1
-309.79704284667963,validation,5.0,0.17634854771784234,3,0.6428571428571429,14,9,-7.0,-4.222222222222222,9.200000000000001,0.6666666666666666,0.5835317932360441,7.311827956989247,cand_hypergraph_flow,Гиперграф+Bi-GLU + Плотность (flow),fold0,1
-309.83573913574213,validation,10.0,0.3412863070539419,3,0.7142857142857143,14,10,-12.5,-7.7,8.399999999999999,0.8,0.661807544105886,14.150537634408602,cand_hypergraph_flow,Гиперграф+Bi-GLU + Плотность (flow),fold0,1
-309.9152374267578,validation,20.0,0.6307053941908713,3,0.9285714285714286,14,13,-15.0,-8.76923076923077,5.600000000000001,0.7692307692307693,0.877146615670134,26.150537634408604,cand_hypergraph_flow,Гиперграф+Bi-GLU + Плотность (flow),fold0,1
1.0461693406105048,validation,0.25,0.012448132780082987,3,0.07142857142857142,14,1,-15.0,-15.0,-15.0,1.0,0.07142857142857142,0.5161290322580645,cand_gcngru_physics,GCN+GRU (фикс. граф) + Невязка LWR,fold0,1
1.0296589732170105,validation,0.5,0.012448132780082987,3,0.07142857142857142,14,1,-15.0,-15.0,-15.0,1.0,0.07142857142857142,0.5161290322580645,cand_gcngru_physics,GCN+GRU (фикс. граф) + Невязка LWR,fold0,1
0.9567732512950903,validation,1.0,0.016597510373443983,3,0.07142857142857142,14,1,-15.0,-15.0,-15.0,1.0,0.07142857142857142,0.6881720430107527,cand_gcngru_physics,GCN+GRU (фикс. граф) + Невязка LWR,fold0,1
0.898305803537369,validation,2.0,0.023858921161825725,3,0.07142857142857142,14,1,-15.0,-15.0,-15.0,1.0,0.07142857142857142,0.989247311827957,cand_gcngru_physics,GCN+GRU (фикс. граф) + Невязка LWR,fold0,1
0.6745923459529882,validation,5.0,0.10995850622406639,3,0.14285714285714285,14,2,-7.5,-7.5,-1.4999999999999996,0.5,0.14285714285714285,4.559139784946237,cand_gcngru_physics,GCN+GRU (фикс. граф) + Невязка LWR,fold0,1
0.5865820348262788,validation,10.0,0.19190871369294607,3,0.21428571428571427,14,3,-10.0,-8.666666666666666,-2.8,1.0,0.21428571428571427,7.956989247311828,cand_gcngru_physics,GCN+GRU (фикс. граф) + Невязка LWR,fold0,1
0.47979520261287734,validation,20.0,0.3475103734439834,3,0.5714285714285714,14,8,-7.5,-2.5,15.0,0.625,0.47356860892481695,14.408602150537634,cand_gcngru_physics,GCN+GRU (фикс. граф) + Невязка LWR,fold0,1
3.142265200614929,validation,0.25,0.005186721991701245,3,0.14285714285714285,14,2,4.5,4.5,16.1,0.5,0.10111563914795671,0.21505376344086022,ctrl_random,Случайный score (контроль),fold0,2
3.018643021583558,validation,0.5,0.008298755186721992,3,0.14285714285714285,14,2,4.5,4.5,16.1,0.5,0.10111563914795671,0.34408602150537637,ctrl_random,Случайный score (контроль),fold0,2
2.9629958868026742,validation,1.0,0.01037344398340249,3,0.2857142857142857,14,4,1.0,2.75,15.700000000000003,0.5,0.22189824200394873,0.43010752688172044,ctrl_random,Случайный score (контроль),fold0,2
2.8278700113296527,validation,2.0,0.054979253112033194,3,0.7857142857142857,14,11,8.0,6.0,19.0,0.45454545454545453,0.5724338454395169,2.2795698924731185,ctrl_random,Случайный score (контроль),fold0,2
2.7078589200973515,validation,5.0,0.12033195020746888,3,0.9285714285714286,14,13,-6.0,-2.8461538461538463,8.8,0.6923076923076923,0.8401009459685614,4.989247311827957,ctrl_random,Случайный score (контроль),fold0,2
2.6078206300735487,validation,10.0,0.237551867219917,3,1.0,14,14,-6.5,-5.142857142857143,7.100000000000003,0.7142857142857143,0.9356608946617752,9.849462365591398,ctrl_random,Случайный score (контроль),fold0,2
2.4638890027999882,validation,20.0,0.4315352697095436,3,1.0,14,14,-14.0,-9.142857142857142,5.9000000000000075,0.7857142857142857,0.9503965713771966,17.892473118279568,ctrl_random,Случайный score (контроль),fold0,2
14.738269329071045,validation,0.25,0.023858921161825725,3,0.14285714285714285,14,2,-8.5,-8.5,-3.3,1.0,0.14285714285714285,0.989247311827957,ctrl_untrained,GCN+GRU (фикс. граф) + Реконструкция [необучен],fold0,2
12.188501834869388,validation,0.5,0.04045643153526971,3,0.14285714285714285,14,2,-8.5,-8.5,-3.3,1.0,0.14285714285714285,1.6774193548387097,ctrl_untrained,GCN+GRU (фикс. граф) + Реконструкция [необучен],fold0,2
9.633353710174571,validation,1.0,0.09232365145228216,3,0.5,14,7,-2.0,-1.8571428571428572,6.000000000000002,0.5714285714285714,0.45733673857767515,3.827956989247312,ctrl_untrained,GCN+GRU (фикс. граф) + Реконструкция [необучен],fold0,2
8.769755840301517,validation,2.0,0.12448132780082988,3,0.5714285714285714,14,8,-5.5,-6.0,3.799999999999999,0.75,0.5430484948958646,5.161290322580645,ctrl_untrained,GCN+GRU (фикс. граф) + Реконструкция [необучен],fold0,2
7.81935095787049,validation,5.0,0.15560165975103735,3,0.7142857142857143,14,10,-8.5,-4.8,9.099999999999996,0.8,0.6504696705753774,6.451612903225806,ctrl_untrained,GCN+GRU (фикс. граф) + Реконструкция [необучен],fold0,2
7.27960658073426,validation,10.0,0.18983402489626555,3,0.7142857142857143,14,10,-9.5,-5.4,8.899999999999997,0.8,0.6533441203044997,7.870967741935484,ctrl_untrained,GCN+GRU (фикс. граф) + Реконструкция [необучен],fold0,2
3.4678968191146913,validation,20.0,0.5155601659751037,3,0.8571428571428571,14,12,-15.0,-9.166666666666666,7.0000000000000036,0.8333333333333334,0.801043107242443,21.376344086021504,ctrl_untrained,GCN+GRU (фикс. граф) + Реконструкция [необучен],fold0,2
4.5738465785980225,validation,0.25,0.007261410788381743,3,0.14285714285714285,14,2,-8.5,-8.5,-3.3,1.0,0.14285714285714285,0.3010752688172043,base_pca,PCA (линейная граница),fold0,2
3.948857903480531,validation,0.5,0.015560165975103735,3,0.14285714285714285,14,2,-8.5,-8.5,-3.3,1.0,0.14285714285714285,0.6451612903225806,base_pca,PCA (линейная граница),fold0,2
3.4302195310592687,validation,1.0,0.032157676348547715,3,0.14285714285714285,14,2,-8.5,-8.5,-3.3,1.0,0.14285714285714285,1.3333333333333333,base_pca,PCA (линейная граница),fold0,2
2.246043324470522,validation,2.0,0.08298755186721991,3,0.35714285714285715,14,5,5.0,2.6,13.4,0.4,0.28146558644622116,3.4408602150537635,base_pca,PCA (линейная граница),fold0,2
1.435736596584325,validation,5.0,0.15767634854771784,3,0.6428571428571429,14,9,-3.0,-1.6666666666666667,9.8,0.6666666666666666,0.5671798721605069,6.537634408602151,base_pca,PCA (линейная граница),fold0,2
1.1943281292915358,validation,10.0,0.22717842323651452,3,0.7142857142857143,14,10,-7.5,-5.4,8.399999999999999,0.7,0.6525611557698949,9.419354838709678,base_pca,PCA (линейная граница),fold0,2
0.4861337989568725,validation,20.0,0.5767634854771784,3,0.9285714285714286,14,13,-15.0,-8.076923076923077,6.0,0.7692307692307693,0.8719052147495919,23.913978494623656,base_pca,PCA (линейная граница),fold0,2
-0.16460906714200896,validation,0.25,0.014522821576763486,3,0.35714285714285715,14,5,6.0,2.8,10.2,0.4,0.28708033976305025,0.6021505376344086,base_california,California алгоритм (AID),fold0,2
-0.19540884345769866,validation,0.5,0.024896265560165973,3,0.6428571428571429,14,9,6.0,2.3333333333333335,11.4,0.4444444444444444,0.5232425378418011,1.032258064516129,base_california,California алгоритм (AID),fold0,2
-0.22427981346845566,validation,1.0,0.035269709543568464,3,0.6428571428571429,14,9,-2.0,1.3333333333333333,11.4,0.5555555555555556,0.5405383747521441,1.4623655913978495,base_california,California алгоритм (AID),fold0,2
-0.2816262394189829,validation,2.0,0.061203319502074686,3,0.7142857142857143,14,10,-2.0,0.0,11.1,0.6,0.6183824712510688,2.5376344086021505,base_california,California алгоритм (AID),fold0,2
-0.3768545240163798,validation,5.0,0.1421161825726141,3,0.8571428571428571,14,12,-9.0,-5.5,7.800000000000001,0.75,0.7913410891561803,5.89247311827957,base_california,California алгоритм (AID),fold0,2
-0.44385920464992484,validation,10.0,0.22406639004149378,3,1.0,14,14,-9.0,-6.428571428571429,5.100000000000003,0.7857142857142857,0.9513832347525151,9.290322580645162,base_california,California алгоритм (AID),fold0,2
-0.5174252688884731,validation,20.0,0.3744813278008299,3,1.0,14,14,-12.0,-8.428571428571429,4.200000000000006,0.7857142857142857,0.9606296230885062,15.526881720430108,base_california,California алгоритм (AID),fold0,2
2.6486703157424962,validation,0.25,0.005186721991701245,3,0.2857142857142857,14,4,9.5,4.5,13.100000000000001,0.25,0.2011511442453757,0.21505376344086022,base_snd,Standard Normal Deviate (AID),fold0,2
2.487475037574784,validation,0.5,0.005186721991701245,3,0.35714285714285715,14,5,8.0,4.6,12.8,0.2,0.25784403895852565,0.21505376344086022,base_snd,Standard Normal Deviate (AID),fold0,2
2.1992236375808822,validation,1.0,0.015560165975103735,3,0.42857142857142855,14,6,8.5,3.3333333333333335,12.5,0.3333333333333333,0.3197049982015505,0.6451612903225806,base_snd,Standard Normal Deviate (AID),fold0,2
1.840651452541358,validation,2.0,0.038381742738589214,3,0.5714285714285714,14,8,10.0,5.5,13.5,0.25,0.4042518999062677,1.5913978494623655,base_snd,Standard Normal Deviate (AID),fold0,2
1.5731864571571652,validation,5.0,0.08713692946058091,3,0.7857142857142857,14,11,2.0,1.6363636363636365,12.0,0.2727272727272727,0.6395545296177364,3.6129032258064515,base_snd,Standard Normal Deviate (AID),fold0,2
1.4287303090095578,validation,10.0,0.1607883817427386,3,0.7857142857142857,14,11,-2.0,-2.6363636363636362,11.0,0.6363636363636364,0.7142361909040007,6.666666666666667,base_snd,Standard Normal Deviate (AID),fold0,2
1.2418395876884718,validation,20.0,0.36618257261410786,3,1.0,14,14,-13.5,-8.357142857142858,5.200000000000006,0.7857142857142857,0.9549594759010352,15.182795698924732,base_snd,Standard Normal Deviate (AID),fold0,2
0.6846084296703339,validation,0.25,0.026970954356846474,3,0.2857142857142857,14,4,5.5,4.5,12.100000000000001,0.25,0.22380104419322613,1.118279569892473,base_iforest,Isolation Forest,fold0,2
0.6826776564121249,validation,0.5,0.03008298755186722,3,0.2857142857142857,14,4,0.0,1.75,9.400000000000002,0.5,0.2502324352684092,1.2473118279569892,base_iforest,Isolation Forest,fold0,2
0.6791653335094452,validation,1.0,0.035269709543568464,3,0.35714285714285715,14,5,1.0,3.2,11.0,0.4,0.29699047428518094,1.4623655913978495,base_iforest,Isolation Forest,fold0,2
0.6721490919589999,validation,2.0,0.06535269709543569,3,0.42857142857142855,14,6,-2.5,0.6666666666666666,14.0,0.5,0.3593010362405898,2.7096774193548385,base_iforest,Isolation Forest,fold0,2
0.6583840548992157,validation,5.0,0.12655601659751037,3,0.7142857142857143,14,10,-1.0,-0.6,12.599999999999998,0.5,0.6017296798464755,5.247311827956989,base_iforest,Isolation Forest,fold0,2
0.6415121257305145,validation,10.0,0.1991701244813278,3,0.7857142857142857,14,11,-2.0,-2.5454545454545454,13.0,0.6363636363636364,0.6793207326978935,8.258064516129032,base_iforest,Isolation Forest,fold0,2
0.5971257984638216,validation,20.0,0.4533195020746888,3,0.9285714285714286,14,13,-11.0,-7.0,7.600000000000001,0.7692307692307693,0.8474595479507486,18.795698924731184,base_iforest,Isolation Forest,fold0,2
0.0025665321154519937,validation,0.25,0.10477178423236515,3,0.14285714285714285,14,2,-8.5,-8.5,-3.3,1.0,0.14285714285714285,4.344086021505376,deep_transformer_contrastive,Transformer (без графа) + Контрастив,fold0,2
0.002283458947204057,validation,0.5,0.12240663900414937,3,0.21428571428571427,14,3,-2.0,-4.333333333333333,2.8000000000000003,0.6666666666666666,0.20223127829591342,5.075268817204301,deep_transformer_contrastive,Transformer (без графа) + Контрастив,fold0,2
0.0019580525113269713,validation,1.0,0.13692946058091288,3,0.21428571428571427,14,3,-2.0,-4.333333333333333,2.8000000000000003,0.6666666666666666,0.20223127829591342,5.67741935483871,deep_transformer_contrastive,Transformer (без графа) + Контрастив,fold0,2
0.0015212925500236473,validation,2.0,0.21473029045643152,3,0.42857142857142855,14,6,-1.0,-1.1666666666666667,8.0,0.5,0.38611336240295036,8.903225806451612,deep_transformer_contrastive,Transformer (без графа) + Контрастив,fold0,2
0.001310113409999762,validation,5.0,0.274896265560166,3,0.7142857142857143,14,10,-1.0,-1.1,9.599999999999998,0.5,0.6302860746190478,11.397849462365592,deep_transformer_contrastive,Transformer (без графа) + Контрастив,fold0,2
0.0011312856222502892,validation,10.0,0.34647302904564314,3,0.7857142857142857,14,11,-4.0,-4.181818181818182,10.0,0.6363636363636364,0.7045759755594573,14.365591397849462,deep_transformer_contrastive,Transformer (без графа) + Контрастив,fold0,2
0.0007167299918364761,validation,20.0,0.6275933609958506,3,0.8571428571428571,14,12,-15.0,-9.833333333333334,5.200000000000003,0.8333333333333334,0.8177724802313634,26.021505376344088,deep_transformer_contrastive,Transformer (без графа) + Контрастив,fold0,2
1.8338732123374943,validation,0.25,0.006224066390041493,3,0.07142857142857142,14,1,-1.0,-1.0,-1.0,1.0,0.07142857142857142,0.25806451612903225,cand_gcngru_recon,GCN+GRU (фикс. граф) + Реконструкция,fold0,2
1.8103663325309765,validation,0.5,0.00933609958506224,3,0.14285714285714285,14,2,3.5,3.5,7.1000000000000005,0.5,0.12078260285599199,0.3870967741935484,cand_gcngru_recon,GCN+GRU (фикс. граф) + Реконструкция,fold0,2
1.7619416117668152,validation,1.0,0.012448132780082987,3,0.21428571428571427,14,3,8.0,5.666666666666667,9.6,0.3333333333333333,0.16577978320938033,0.5161290322580645,cand_gcngru_recon,GCN+GRU (фикс. граф) + Реконструкция,fold0,2
1.370392620563508,validation,2.0,0.061203319502074686,3,0.42857142857142855,14,6,-8.5,-5.0,8.5,0.6666666666666666,0.38219359966930966,2.5376344086021505,cand_gcngru_recon,GCN+GRU (фикс. граф) + Реконструкция,fold0,2
1.2077830433845527,validation,5.0,0.12551867219917012,3,0.5714285714285714,14,8,-3.5,-2.875,9.5,0.625,0.4950232407010778,5.204301075268817,cand_gcngru_recon,GCN+GRU (фикс. граф) + Реконструкция,fold0,2
1.0340046286582947,validation,10.0,0.17427385892116182,3,0.5714285714285714,14,8,-6.0,-4.75,8.6,0.625,0.5196970406315529,7.225806451612903,cand_gcngru_recon,GCN+GRU (фикс. граф) + Реконструкция,fold0,2
0.35995022952556627,validation,20.0,0.46680497925311204,3,0.8571428571428571,14,12,-15.0,-8.333333333333334,5.700000000000001,0.75,0.8085260918953722,19.35483870967742,cand_gcngru_recon,GCN+GRU (фикс. граф) + Реконструкция,fold0,2
3.7092150449752825,validation,0.25,0.0,3,0.0,14,0,,,,0.0,0.0,0.0,cand_gatlstm_recon,GAT+LSTM (обуч. внимание) + Реконструкция,fold0,2
2.8872994184494045,validation,0.5,0.0,3,0.0,14,0,,,,0.0,0.0,0.0,cand_gatlstm_recon,GAT+LSTM (обуч. внимание) + Реконструкция,fold0,2
1.9910952448844927,validation,1.0,0.01970954356846473,3,0.2857142857142857,14,4,-6.5,-4.25,7.100000000000002,0.75,0.2572508941457899,0.8172043010752689,cand_gatlstm_recon,GAT+LSTM (обуч. внимание) + Реконструкция,fold0,2
1.8355638384819053,validation,2.0,0.06535269709543569,3,0.42857142857142855,14,6,-13.5,-8.333333333333334,3.5,0.8333333333333334,0.40426813967046055,2.7096774193548385,cand_gatlstm_recon,GAT+LSTM (обуч. внимание) + Реконструкция,fold0,2
1.5912411808967617,validation,5.0,0.1545643153526971,3,0.7142857142857143,14,10,-10.0,-8.4,-1.0000000000000036,0.9,0.6922111742845635,6.408602150537634,cand_gatlstm_recon,GAT+LSTM (обуч. внимание) + Реконструкция,fold0,2
1.426360905170443,validation,10.0,0.2603734439834025,3,0.8571428571428571,14,12,-12.5,-8.666666666666666,7.0000000000000036,0.8333333333333334,0.8107650282407383,10.795698924731182,cand_gatlstm_recon,GAT+LSTM (обуч. внимание) + Реконструкция,fold0,2
1.0420853495597855,validation,20.0,0.47614107883817425,3,1.0,14,14,-15.0,-8.428571428571429,6.700000000000001,0.7857142857142857,0.9408892387113769,19.741935483870968,cand_gatlstm_recon,GAT+LSTM (обуч. внимание) + Реконструкция,fold0,2
0.2728592902421952,validation,0.25,0.0031120331950207467,3,0.07142857142857142,14,1,4.0,4.0,4.0,0.0,0.059374135438770556,0.12903225806451613,cand_gcngru_bigan,GCN+GRU (фикс. граф) + Критик BiGAN,fold0,2
0.27196516096591955,validation,0.5,0.0031120331950207467,3,0.2857142857142857,14,4,3.5,7.5,15.200000000000003,0.0,0.21208494898050612,0.12903225806451613,cand_gcngru_bigan,GCN+GRU (фикс. граф) + Критик BiGAN,fold0,2
0.2694811671972275,validation,1.0,0.028008298755186723,3,0.5,14,7,-8.0,-4.285714285714286,6.600000000000003,0.5714285714285714,0.4540444449537756,1.1612903225806452,cand_gcngru_bigan,GCN+GRU (фикс. граф) + Критик BiGAN,fold0,2
0.2686423510313034,validation,2.0,0.035269709543568464,3,0.5714285714285714,14,8,-3.5,-2.875,9.899999999999999,0.5,0.501169727481379,1.4623655913978495,cand_gcngru_bigan,GCN+GRU (фикс. граф) + Критик BiGAN,fold0,2
0.2670505195856095,validation,5.0,0.07468879668049792,3,0.7142857142857143,14,10,-4.0,-3.3,8.399999999999999,0.5,0.6289597823279961,3.096774193548387,cand_gcngru_bigan,GCN+GRU (фикс. граф) + Критик BiGAN,fold0,2
0.26499997079372406,validation,10.0,0.17531120331950206,3,0.7142857142857143,14,10,-12.5,-7.0,6.199999999999999,0.7,0.6656689490382295,7.268817204301075,cand_gcngru_bigan,GCN+GRU (фикс. граф) + Критик BiGAN,fold0,2
0.25166432559490204,validation,20.0,0.483402489626556,3,0.9285714285714286,14,13,-15.0,-8.615384615384615,6.0,0.7692307692307693,0.8719052147495919,20.043010752688172,cand_gcngru_bigan,GCN+GRU (фикс. граф) + Критик BiGAN,fold0,2
-310.77235412597656,validation,0.25,0.06327800829875518,3,0.42857142857142855,14,6,-5.5,-3.1666666666666665,9.0,0.6666666666666666,0.3800654974950946,2.6236559139784945,cand_hypergraph_flow,Гиперграф+Bi-GLU + Плотность (flow),fold0,2
-310.7768402099609,validation,0.5,0.06950207468879668,3,0.5,14,7,-2.0,-1.1428571428571428,12.400000000000004,0.5714285714285714,0.4269375679536718,2.881720430107527,cand_hypergraph_flow,Гиперграф+Bi-GLU + Плотность (flow),fold0,2
-310.7812042236328,validation,1.0,0.07261410788381743,3,0.5,14,7,-2.0,-1.2857142857142858,12.400000000000004,0.5714285714285714,0.42987841975810703,3.010752688172043,cand_hypergraph_flow,Гиперграф+Bi-GLU + Плотность (flow),fold0,2
-310.78883361816406,validation,2.0,0.09024896265560166,3,0.5714285714285714,14,8,-6.5,-5.0,4.499999999999999,0.75,0.5401076430914294,3.7419354838709675,cand_hypergraph_flow,Гиперграф+Bi-GLU + Плотность (flow),fold0,2
-310.8060150146484,validation,5.0,0.17012448132780084,3,0.6428571428571429,14,9,-8.0,-3.5555555555555554,9.600000000000001,0.6666666666666666,0.574209128945373,7.053763440860215,cand_hypergraph_flow,Гиперграф+Bi-GLU + Плотность (flow),fold0,2
-310.82398986816406,validation,10.0,0.2925311203319502,3,0.8571428571428571,14,12,-9.0,-5.25,8.9,0.6666666666666666,0.7717260626243486,12.129032258064516,cand_hypergraph_flow,Гиперграф+Bi-GLU + Плотность (flow),fold0,2
-310.87294006347656,validation,20.0,0.5985477178423236,3,1.0,14,14,-15.0,-8.142857142857142,5.100000000000003,0.7142857142857143,0.9481576350318306,24.817204301075268,cand_hypergraph_flow,Гиперграф+Bi-GLU + Плотность (flow),fold0,2
0.9632591307163244,validation,0.25,0.012448132780082987,3,0.07142857142857142,14,1,-15.0,-15.0,-15.0,1.0,0.07142857142857142,0.5161290322580645,cand_gcngru_physics,GCN+GRU (фикс. граф) + Невязка LWR,fold0,2
0.9410351216793065,validation,0.5,0.012448132780082987,3,0.07142857142857142,14,1,-15.0,-15.0,-15.0,1.0,0.07142857142857142,0.5161290322580645,cand_gcngru_physics,GCN+GRU (фикс. граф) + Невязка LWR,fold0,2
0.8852097094058994,validation,1.0,0.016597510373443983,3,0.07142857142857142,14,1,-15.0,-15.0,-15.0,1.0,0.07142857142857142,0.6881720430107527,cand_gcngru_physics,GCN+GRU (фикс. граф) + Невязка LWR,fold0,2
0.782973498106003,validation,2.0,0.029045643153526972,3,0.14285714285714285,14,2,-6.0,-6.0,1.2000000000000004,0.5,0.13361075452115173,1.2043010752688172,cand_gcngru_physics,GCN+GRU (фикс. граф) + Невязка LWR,fold0,2
0.6462555825710297,validation,5.0,0.07157676348547717,3,0.14285714285714285,14,2,-6.5,-6.5,0.30000000000000027,0.5,0.1365516063255869,2.967741935483871,cand_gcngru_physics,GCN+GRU (фикс. граф) + Невязка LWR,fold0,2
0.5275082290172578,validation,10.0,0.2033195020746888,3,0.21428571428571427,14,3,-1.0,0.3333333333333333,13.4,0.6666666666666666,0.17541866030565062,8.43010752688172,cand_gcngru_physics,GCN+GRU (фикс. граф) + Невязка LWR,fold0,2
0.45710639655590113,validation,20.0,0.3278008298755187,3,0.5714285714285714,14,8,-3.5,-0.875,16.0,0.5,0.4535753319953982,13.591397849462366,cand_gcngru_physics,GCN+GRU (фикс. граф) + Невязка LWR,fold0,2
3.136123061180115,validation,0.25,0.002074688796680498,3,0.21428571428571427,14,3,2.0,-2.3333333333333335,4.4,0.3333333333333333,0.1932445010387369,0.08602150537634409,ctrl_random,Случайный score (контроль),fold0,3
2.995046496391298,validation,0.5,0.007261410788381743,3,0.2857142857142857,14,4,3.5,1.75,11.3,0.25,0.230647862568045,0.3010752688172043,ctrl_random,Случайный score (контроль),fold0,3
2.9250134229660034,validation,1.0,0.025933609958506226,3,0.35714285714285715,14,5,5.0,5.2,17.0,0.2,0.2603349302874303,1.075268817204301,ctrl_random,Случайный score (контроль),fold0,3
2.8795753717422503,validation,2.0,0.029045643153526972,3,0.5,14,7,5.0,5.0,16.0,0.2857142857142857,0.37093582241938117,1.2043010752688172,ctrl_random,Случайный score (контроль),fold0,3
2.730680346488954,validation,5.0,0.08609958506224066,3,0.8571428571428571,14,12,3.5,1.5,8.9,0.4166666666666667,0.7099055663572208,3.5698924731182795,ctrl_random,Случайный score (контроль),fold0,3
2.6276990175247197,validation,10.0,0.16182572614107885,3,1.0,14,14,-4.0,-2.142857142857143,12.500000000000005,0.5714285714285714,0.8618532525632286,6.709677419354839,ctrl_random,Случайный score (контроль),fold0,3
2.487033724784853,validation,20.0,0.3309128630705394,3,1.0,14,14,-12.0,-6.214285714285714,7.700000000000001,0.7142857142857143,0.9191461100053301,13.720430107526882,ctrl_random,Случайный score (контроль),fold0,3
14.50525903701783,validation,0.25,0.024896265560165973,3,0.14285714285714285,14,2,-8.5,-8.5,-3.3,1.0,0.14285714285714285,1.032258064516129,ctrl_untrained,GCN+GRU (фикс. граф) + Реконструкция [необучен],fold0,3
12.025128841400154,validation,0.5,0.04149377593360996,3,0.14285714285714285,14,2,-8.5,-8.5,-3.3,1.0,0.14285714285714285,1.7204301075268817,ctrl_untrained,GCN+GRU (фикс. граф) + Реконструкция [необучен],fold0,3
9.507008075714124,validation,1.0,0.0912863070539419,3,0.5,14,7,-2.0,-2.0,5.400000000000002,0.5714285714285714,0.4601447862314849,3.78494623655914,ctrl_untrained,GCN+GRU (фикс. граф) + Реконструкция [необучен],fold0,3
8.658240795135502,validation,2.0,0.12448132780082988,3,0.5714285714285714,14,8,-5.5,-6.125,3.0999999999999988,0.75,0.546128431706736,5.161290322580645,ctrl_untrained,GCN+GRU (фикс. граф) + Реконструкция [необучен],fold0,3
7.726496934890751,validation,5.0,0.1545643153526971,3,0.7142857142857143,14,10,-9.0,-5.0,8.999999999999996,0.8,0.6518736944022822,6.408602150537634,ctrl_untrained,GCN+GRU (фикс. граф) + Реконструкция [необучен],fold0,3
7.229163885116577,validation,10.0,0.18775933609958506,3,0.7142857142857143,14,10,-9.5,-5.4,8.899999999999997,0.8,0.6533441203044997,7.78494623655914,ctrl_untrained,GCN+GRU (фикс. граф) + Реконструкция [необучен],fold0,3
3.4693406820297312,validation,20.0,0.5176348547717843,3,0.8571428571428571,14,12,-15.0,-9.083333333333334,7.0000000000000036,0.8333333333333334,0.7993540314274206,21.462365591397848,ctrl_untrained,GCN+GRU (фикс. граф) + Реконструкция [необучен],fold0,3
4.5738465785980225,validation,0.25,0.007261410788381743,3,0.14285714285714285,14,2,-8.5,-8.5,-3.3,1.0,0.14285714285714285,0.3010752688172043,base_pca,PCA (линейная граница),fold0,3
3.948857903480531,validation,0.5,0.015560165975103735,3,0.14285714285714285,14,2,-8.5,-8.5,-3.3,1.0,0.14285714285714285,0.6451612903225806,base_pca,PCA (линейная граница),fold0,3
3.4302195310592687,validation,1.0,0.032157676348547715,3,0.14285714285714285,14,2,-8.5,-8.5,-3.3,1.0,0.14285714285714285,1.3333333333333333,base_pca,PCA (линейная граница),fold0,3
2.246043324470522,validation,2.0,0.08298755186721991,3,0.35714285714285715,14,5,5.0,2.6,13.4,0.4,0.28146558644622116,3.4408602150537635,base_pca,PCA (линейная граница),fold0,3
1.435736596584325,validation,5.0,0.15767634854771784,3,0.6428571428571429,14,9,-3.0,-1.6666666666666667,9.8,0.6666666666666666,0.5671798721605069,6.537634408602151,base_pca,PCA (линейная граница),fold0,3
1.1943281292915358,validation,10.0,0.22717842323651452,3,0.7142857142857143,14,10,-7.5,-5.4,8.399999999999999,0.7,0.6525611557698949,9.419354838709678,base_pca,PCA (линейная граница),fold0,3
0.4861337989568725,validation,20.0,0.5767634854771784,3,0.9285714285714286,14,13,-15.0,-8.076923076923077,6.0,0.7692307692307693,0.8719052147495919,23.913978494623656,base_pca,PCA (линейная граница),fold0,3
-0.16460906714200896,validation,0.25,0.014522821576763486,3,0.35714285714285715,14,5,6.0,2.8,10.2,0.4,0.28708033976305025,0.6021505376344086,base_california,California алгоритм (AID),fold0,3
-0.19540884345769866,validation,0.5,0.024896265560165973,3,0.6428571428571429,14,9,6.0,2.3333333333333335,11.4,0.4444444444444444,0.5232425378418011,1.032258064516129,base_california,California алгоритм (AID),fold0,3
-0.22427981346845566,validation,1.0,0.035269709543568464,3,0.6428571428571429,14,9,-2.0,1.3333333333333333,11.4,0.5555555555555556,0.5405383747521441,1.4623655913978495,base_california,California алгоритм (AID),fold0,3
-0.2816262394189829,validation,2.0,0.061203319502074686,3,0.7142857142857143,14,10,-2.0,0.0,11.1,0.6,0.6183824712510688,2.5376344086021505,base_california,California алгоритм (AID),fold0,3
-0.3768545240163798,validation,5.0,0.1421161825726141,3,0.8571428571428571,14,12,-9.0,-5.5,7.800000000000001,0.75,0.7913410891561803,5.89247311827957,base_california,California алгоритм (AID),fold0,3
-0.44385920464992484,validation,10.0,0.22406639004149378,3,1.0,14,14,-9.0,-6.428571428571429,5.100000000000003,0.7857142857142857,0.9513832347525151,9.290322580645162,base_california,California алгоритм (AID),fold0,3
-0.5174252688884731,validation,20.0,0.3744813278008299,3,1.0,14,14,-12.0,-8.428571428571429,4.200000000000006,0.7857142857142857,0.9606296230885062,15.526881720430108,base_california,California алгоритм (AID),fold0,3
2.6486703157424962,validation,0.25,0.005186721991701245,3,0.2857142857142857,14,4,9.5,4.5,13.100000000000001,0.25,0.2011511442453757,0.21505376344086022,base_snd,Standard Normal Deviate (AID),fold0,3
2.487475037574784,validation,0.5,0.005186721991701245,3,0.35714285714285715,14,5,8.0,4.6,12.8,0.2,0.25784403895852565,0.21505376344086022,base_snd,Standard Normal Deviate (AID),fold0,3
2.1992236375808822,validation,1.0,0.015560165975103735,3,0.42857142857142855,14,6,8.5,3.3333333333333335,12.5,0.3333333333333333,0.3197049982015505,0.6451612903225806,base_snd,Standard Normal Deviate (AID),fold0,3
1.840651452541358,validation,2.0,0.038381742738589214,3,0.5714285714285714,14,8,10.0,5.5,13.5,0.25,0.4042518999062677,1.5913978494623655,base_snd,Standard Normal Deviate (AID),fold0,3
1.5731864571571652,validation,5.0,0.08713692946058091,3,0.7857142857142857,14,11,2.0,1.6363636363636365,12.0,0.2727272727272727,0.6395545296177364,3.6129032258064515,base_snd,Standard Normal Deviate (AID),fold0,3
1.4287303090095578,validation,10.0,0.1607883817427386,3,0.7857142857142857,14,11,-2.0,-2.6363636363636362,11.0,0.6363636363636364,0.7142361909040007,6.666666666666667,base_snd,Standard Normal Deviate (AID),fold0,3
1.2418395876884718,validation,20.0,0.36618257261410786,3,1.0,14,14,-13.5,-8.357142857142858,5.200000000000006,0.7857142857142857,0.9549594759010352,15.182795698924732,base_snd,Standard Normal Deviate (AID),fold0,3
0.6931409537792206,validation,0.25,0.03112033195020747,3,0.35714285714285715,14,5,13.0,8.6,16.8,0.2,0.24560924110041366,1.2903225806451613,base_iforest,Isolation Forest,fold0,3
0.6916358768939974,validation,0.5,0.035269709543568464,3,0.35714285714285715,14,5,11.0,8.2,16.8,0.2,0.24940210025710977,1.4623655913978495,base_iforest,Isolation Forest,fold0,3
0.6776360571384432,validation,1.0,0.06846473029045644,3,0.5714285714285714,14,8,-1.0,0.875,15.2,0.5,0.4773254972698974,2.838709677419355,base_iforest,Isolation Forest,fold0,3
0.6712246835231781,validation,2.0,0.1078838174273859,3,0.6428571428571429,14,9,-2.0,-1.2222222222222223,14.8,0.5555555555555556,0.5487540686984689,4.473118279569892,base_iforest,Isolation Forest,fold0,3
0.6586045324802401,validation,5.0,0.13070539419087138,3,0.7142857142857143,14,10,-6.0,-3.8,8.999999999999996,0.7,0.6371380176868607,5.419354838709677,base_iforest,Isolation Forest,fold0,3
0.6388538777828217,validation,10.0,0.21887966804979253,3,0.7142857142857143,14,10,-6.0,-4.0,8.999999999999996,0.7,0.6398192584124812,9.075268817204302,base_iforest,Isolation Forest,fold0,3
0.5782919228076937,validation,20.0,0.49896265560165975,3,0.9285714285714286,14,13,-15.0,-8.615384615384615,5.600000000000001,0.7692307692307693,0.877146615670134,20.688172043010752,base_iforest,Isolation Forest,fold0,3
0.0029925036942586303,validation,0.25,0.005186721991701245,3,0.14285714285714285,14,2,2.0,2.0,5.2,0.5,0.12556130594679993,0.21505376344086022,deep_transformer_contrastive,Transformer (без графа) + Контрастив,fold0,3
0.002796095213852823,validation,0.5,0.007261410788381743,3,0.14285714285714285,14,2,0.0,0.0,1.6,0.5,0.1365516063255869,0.3010752688172043,deep_transformer_contrastive,Transformer (без графа) + Контрастив,fold0,3
0.0026321000186726477,validation,1.0,0.011410788381742738,3,0.14285714285714285,14,2,-8.5,-8.5,-3.3,1.0,0.14285714285714285,0.4731182795698925,deep_transformer_contrastive,Transformer (без графа) + Контрастив,fold0,3
0.0015496076666750018,validation,2.0,0.15560165975103735,3,0.2857142857142857,14,4,-8.5,-8.0,-0.5999999999999996,0.75,0.2857142857142857,6.451612903225806,deep_transformer_contrastive,Transformer (без графа) + Контрастив,fold0,3
0.0010426622466184227,validation,5.0,0.3091286307053942,3,0.42857142857142855,14,6,-5.0,-3.0,11.0,0.6666666666666666,0.3775835365262513,12.817204301075268,deep_transformer_contrastive,Transformer (без графа) + Контрастив,fold0,3
0.0007991327729541821,validation,10.0,0.42946058091286304,3,0.6428571428571429,14,9,-15.0,-9.555555555555555,0.40000000000000213,0.8888888888888888,0.6164257517819597,17.806451612903224,deep_transformer_contrastive,Transformer (без графа) + Контрастив,fold0,3
0.0005058728565927612,validation,20.0,0.6244813278008299,3,0.8571428571428571,14,12,-15.0,-8.916666666666666,7.0000000000000036,0.8333333333333334,0.7962012631616426,25.892473118279568,deep_transformer_contrastive,Transformer (без графа) + Контрастив,fold0,3
1.8113266825675969,validation,0.25,0.00933609958506224,3,0.07142857142857142,14,1,-1.0,-1.0,-1.0,1.0,0.07142857142857142,0.3870967741935484,cand_gcngru_recon,GCN+GRU (фикс. граф) + Реконструкция,fold0,3
1.7894347310066232,validation,0.5,0.00933609958506224,3,0.07142857142857142,14,1,-1.0,-1.0,-1.0,1.0,0.07142857142857142,0.3870967741935484,cand_gcngru_recon,GCN+GRU (фикс. граф) + Реконструкция,fold0,3
1.732531964778901,validation,1.0,0.01037344398340249,3,0.14285714285714285,14,2,-8.0,-8.0,-2.3999999999999995,1.0,0.14285714285714285,0.43010752688172044,cand_gcngru_recon,GCN+GRU (фикс. граф) + Реконструкция,fold0,3
1.2985879778862004,validation,2.0,0.08091286307053942,3,0.42857142857142855,14,6,-8.5,-5.0,8.5,0.6666666666666666,0.38219359966930966,3.3548387096774195,cand_gcngru_recon,GCN+GRU (фикс. граф) + Реконструкция,fold0,3
1.1841630339622506,validation,5.0,0.12863070539419086,3,0.5714285714285714,14,8,-2.5,-2.75,9.5,0.625,0.4973573963250993,5.333333333333333,cand_gcngru_recon,GCN+GRU (фикс. граф) + Реконструкция,fold0,3
1.045584619045259,validation,10.0,0.17323651452282157,3,0.5714285714285714,14,8,-6.5,-5.0,9.2,0.75,0.5189504012487433,7.182795698924731,cand_gcngru_recon,GCN+GRU (фикс. граф) + Реконструкция,fold0,3
0.3662191182374964,validation,20.0,0.470954356846473,3,0.8571428571428571,14,12,-15.0,-8.166666666666666,5.9,0.75,0.803036803515942,19.526881720430108,cand_gcngru_recon,GCN+GRU (фикс. граф) + Реконструкция,fold0,3
3.025047183036805,validation,0.25,0.0,3,0.0,14,0,,,,0.0,0.0,0.0,cand_gatlstm_recon,GAT+LSTM (обуч. внимание) + Реконструкция,fold0,3
2.4413613080978402,validation,0.5,0.0,3,0.0,14,0,,,,0.0,0.0,0.0,cand_gatlstm_recon,GAT+LSTM (обуч. внимание) + Реконструкция,fold0,3
1.9651018977165227,validation,1.0,0.014522821576763486,3,0.21428571428571427,14,3,-1.0,-4.333333333333333,-0.19999999999999996,0.6666666666666666,0.21428571428571427,0.6021505376344086,cand_gatlstm_recon,GAT+LSTM (обуч. внимание) + Реконструкция,fold0,3
1.8239113688468946,validation,2.0,0.0508298755186722,3,0.5714285714285714,14,8,-12.0,-8.625,1.299999999999998,0.875,0.5471252825276034,2.10752688172043,cand_gatlstm_recon,GAT+LSTM (обуч. внимание) + Реконструкция,fold0,3
1.633314788341523,validation,5.0,0.11929460580912864,3,0.5714285714285714,14,8,-15.0,-9.75,0.9999999999999982,0.875,0.5493540314274206,4.946236559139785,cand_gatlstm_recon,GAT+LSTM (обуч. внимание) + Реконструкция,fold0,3
1.4675642848014845,validation,10.0,0.22821576763485477,3,0.8571428571428571,14,12,-10.0,-7.5,7.0000000000000036,0.8333333333333334,0.8046646869630288,9.46236559139785,cand_gatlstm_recon,GAT+LSTM (обуч. внимание) + Реконструкция,fold0,3
1.0735573172569275,validation,20.0,0.47717842323651455,3,1.0,14,14,-14.5,-8.428571428571429,6.0,0.7857142857142857,0.9433337861781633,19.78494623655914,cand_gatlstm_recon,GAT+LSTM (обуч. внимание) + Реконструкция,fold0,3
0.32353086769580847,validation,0.25,0.008298755186721992,3,0.14285714285714285,14,2,17.5,17.5,18.7,0.0,0.06378855357332873,0.34408602150537637,cand_gcngru_bigan,GCN+GRU (фикс. граф) + Критик BiGAN,fold0,3
0.32230018079280853,validation,0.5,0.011410788381742738,3,0.2857142857142857,14,4,2.5,2.75,14.200000000000003,0.25,0.22842085713755247,0.4731182795698925,cand_gcngru_bigan,GCN+GRU (фикс. граф) + Критик BiGAN,fold0,3
0.3214689046144486,validation,1.0,0.013485477178423237,3,0.2857142857142857,14,4,0.5,1.5,12.900000000000002,0.25,0.24215120611131988,0.5591397849462365,cand_gcngru_bigan,GCN+GRU (фикс. граф) + Критик BiGAN,fold0,3
0.3199084848165512,validation,2.0,0.026970954356846474,3,0.35714285714285715,14,5,-14.0,-5.4,10.400000000000002,0.8,0.31680537726057584,1.118279569892473,cand_gcngru_bigan,GCN+GRU (фикс. граф) + Критик BiGAN,fold0,3
0.3180786222219467,validation,5.0,0.06639004149377593,3,0.5,14,7,-5.0,-5.285714285714286,6.000000000000007,0.8571428571428571,0.45966252011771874,2.752688172043011,cand_gcngru_bigan,GCN+GRU (фикс. граф) + Критик BiGAN,fold0,3
0.3163528591394425,validation,10.0,0.13900414937759337,3,0.7142857142857143,14,10,-4.0,-2.0,12.499999999999998,0.7,0.6185836390517903,5.763440860215054,cand_gcngru_bigan,GCN+GRU (фикс. граф) + Критик BiGAN,fold0,3
0.31089554727077484,validation,20.0,0.44398340248962653,3,0.8571428571428571,14,12,-12.0,-8.583333333333334,6.100000000000003,0.8333333333333334,0.8153279327645768,18.408602150537636,cand_gcngru_bigan,GCN+GRU (фикс. граф) + Критик BiGAN,fold0,3
-312.2369232177734,validation,0.25,0.054979253112033194,3,0.35714285714285715,14,5,-7.0,-4.0,5.200000000000001,0.8,0.3307114660676741,2.2795698924731185,cand_hypergraph_flow,Гиперграф+Bi-GLU + Плотность (flow),fold0,3
-312.2569427490234,validation,0.5,0.06431535269709543,3,0.35714285714285715,14,5,-7.0,-4.8,4.600000000000001,0.8,0.3328395682418891,2.6666666666666665,cand_hypergraph_flow,Гиперграф+Bi-GLU + Плотность (flow),fold0,3
-312.26628112792963,validation,1.0,0.07053941908713693,3,0.35714285714285715,14,5,-7.0,-4.8,4.600000000000001,0.8,0.3328395682418891,2.924731182795699,cand_hypergraph_flow,Гиперграф+Bi-GLU + Плотность (flow),fold0,3
-312.2884368896484,validation,2.0,0.08817427385892117,3,0.6428571428571429,14,9,-7.0,-1.1111111111111112,19.2,0.6666666666666666,0.5359589750748095,3.6559139784946235,cand_hypergraph_flow,Гиперграф+Bi-GLU + Плотность (flow),fold0,3
-312.3231964111328,validation,5.0,0.1524896265560166,3,0.7142857142857143,14,10,-11.0,-3.8,14.399999999999999,0.7,0.6178484845030189,6.32258064516129,cand_hypergraph_flow,Гиперграф+Bi-GLU + Плотность (flow),fold0,3
-312.35035705566406,validation,10.0,0.262448132780083,3,0.7857142857142857,14,11,-12.0,-8.272727272727273,8.0,0.8181818181818182,0.7332361155344574,10.881720430107526,cand_hypergraph_flow,Гиперграф+Bi-GLU + Плотность (flow),fold0,3
-312.4237823486328,validation,20.0,0.5943983402489627,3,0.9285714285714286,14,13,-15.0,-8.76923076923077,5.600000000000001,0.7692307692307693,0.877146615670134,24.64516129032258,cand_hypergraph_flow,Гиперграф+Bi-GLU + Плотность (flow),fold0,3
0.9892228543758392,validation,0.25,0.015560165975103735,3,0.07142857142857142,14,1,-15.0,-15.0,-15.0,1.0,0.07142857142857142,0.6451612903225806,cand_gcngru_physics,GCN+GRU (фикс. граф) + Невязка LWR,fold0,3
0.9747955501079562,validation,0.5,0.016597510373443983,3,0.07142857142857142,14,1,-15.0,-15.0,-15.0,1.0,0.07142857142857142,0.6881720430107527,cand_gcngru_physics,GCN+GRU (фикс. граф) + Невязка LWR,fold0,3
0.9278127849102024,validation,1.0,0.016597510373443983,3,0.07142857142857142,14,1,-15.0,-15.0,-15.0,1.0,0.07142857142857142,0.6881720430107527,cand_gcngru_physics,GCN+GRU (фикс. граф) + Невязка LWR,fold0,3
0.8048171699047093,validation,2.0,0.023858921161825725,3,0.07142857142857142,14,1,-15.0,-15.0,-15.0,1.0,0.07142857142857142,0.989247311827957,cand_gcngru_physics,GCN+GRU (фикс. граф) + Невязка LWR,fold0,3
0.6683861315250405,validation,5.0,0.08298755186721991,3,0.14285714285714285,14,2,-6.5,-6.5,0.30000000000000027,0.5,0.1365516063255869,3.4408602150537635,cand_gcngru_physics,GCN+GRU (фикс. граф) + Невязка LWR,fold0,3
0.5491422712802895,validation,10.0,0.18983402489626555,3,0.2857142857142857,14,4,-5.0,-2.5,10.200000000000003,0.75,0.25,7.870967741935484,cand_gcngru_physics,GCN+GRU (фикс. граф) + Невязка LWR,fold0,3
0.42909340560436315,validation,20.0,0.36618257261410786,3,0.6428571428571429,14,9,-15.0,-4.111111111111111,15.0,0.6666666666666666,0.5471252825276034,15.182795698924732,cand_gcngru_physics,GCN+GRU (фикс. граф) + Невязка LWR,fold0,3
3.132897257804871,validation,0.25,0.002074688796680498,3,0.0,14,0,,,,0.0,0.0,0.08602150537634409,ctrl_random,Случайный score (контроль),fold0,4
3.053596615791322,validation,0.5,0.007261410788381743,3,0.14285714285714285,14,2,13.5,13.5,15.5,0.0,0.07706666571401903,0.3010752688172043,ctrl_random,Случайный score (контроль),fold0,4
2.976518750190736,validation,1.0,0.012448132780082987,3,0.35714285714285715,14,5,4.0,3.0,14.0,0.4,0.27929794400993246,0.5161290322580645,ctrl_random,Случайный score (контроль),fold0,4
2.86783254146576,validation,2.0,0.03319502074688797,3,0.7142857142857143,14,10,1.5,2.3,16.2,0.4,0.5746080800233501,1.3763440860215055,ctrl_random,Случайный score (контроль),fold0,4
2.7191685438156132,validation,5.0,0.10684647302904564,3,0.7857142857142857,14,11,-9.0,-7.2727272727272725,-1.0,0.9090909090909091,0.7659739013371564,4.43010752688172,ctrl_random,Случайный score (контроль),fold0,4
2.6418277025222796,validation,10.0,0.16390041493775934,3,0.9285714285714286,14,13,-8.0,-4.153846153846154,11.000000000000004,0.7692307692307693,0.8366859103064357,6.795698924731183,ctrl_random,Случайный score (контроль),fold0,4
2.526788830757142,validation,20.0,0.31431535269709543,3,1.0,14,14,-9.0,-7.285714285714286,5.200000000000006,0.7857142857142857,0.9466303857235088,13.03225806451613,ctrl_random,Случайный score (контроль),fold0,4
14.944020748138435,validation,0.25,0.024896265560165973,3,0.14285714285714285,14,2,-8.5,-8.5,-3.3,1.0,0.14285714285714285,1.032258064516129,ctrl_untrained,GCN+GRU (фикс. граф) + Реконструкция [необучен],fold0,4
12.332440853118907,validation,0.5,0.04045643153526971,3,0.14285714285714285,14,2,-8.5,-8.5,-3.3,1.0,0.14285714285714285,1.6774193548387097,ctrl_untrained,GCN+GRU (фикс. граф) + Реконструкция [необучен],fold0,4
9.767797946929939,validation,1.0,0.09232365145228216,3,0.5,14,7,-2.0,-1.8571428571428572,6.000000000000002,0.5714285714285714,0.45733673857767515,3.827956989247312,ctrl_untrained,GCN+GRU (фикс. граф) + Реконструкция [необучен],fold0,4
8.937034130096436,validation,2.0,0.12448132780082988,3,0.5714285714285714,14,8,-5.5,-6.0,3.799999999999999,0.75,0.5430484948958646,5.161290322580645,ctrl_untrained,GCN+GRU (фикс. граф) + Реконструкция [необучен],fold0,4
7.986085176467902,validation,5.0,0.15560165975103735,3,0.7142857142857143,14,10,-9.0,-4.9,9.099999999999996,0.8,0.6504696705753774,6.451612903225806,ctrl_untrained,GCN+GRU (фикс. граф) + Реконструкция [необучен],fold0,4
7.463621854782114,validation,10.0,0.18983402489626555,3,0.7142857142857143,14,10,-9.5,-5.4,8.899999999999997,0.8,0.6533441203044997,7.870967741935484,ctrl_untrained,GCN+GRU (фикс. граф) + Реконструкция [необучен],fold0,4
3.5707336664199962,validation,20.0,0.516597510373444,3,0.8571428571428571,14,12,-15.0,-9.166666666666666,7.0000000000000036,0.8333333333333334,0.801043107242443,21.419354838709676,ctrl_untrained,GCN+GRU (фикс. граф) + Реконструкция [необучен],fold0,4
4.5738465785980225,validation,0.25,0.007261410788381743,3,0.14285714285714285,14,2,-8.5,-8.5,-3.3,1.0,0.14285714285714285,0.3010752688172043,base_pca,PCA (линейная граница),fold0,4
3.948857903480531,validation,0.5,0.015560165975103735,3,0.14285714285714285,14,2,-8.5,-8.5,-3.3,1.0,0.14285714285714285,0.6451612903225806,base_pca,PCA (линейная граница),fold0,4
3.4302195310592687,validation,1.0,0.032157676348547715,3,0.14285714285714285,14,2,-8.5,-8.5,-3.3,1.0,0.14285714285714285,1.3333333333333333,base_pca,PCA (линейная граница),fold0,4
2.246043324470522,validation,2.0,0.08298755186721991,3,0.35714285714285715,14,5,5.0,2.6,13.4,0.4,0.28146558644622116,3.4408602150537635,base_pca,PCA (линейная граница),fold0,4
1.435736596584325,validation,5.0,0.15767634854771784,3,0.6428571428571429,14,9,-3.0,-1.6666666666666667,9.8,0.6666666666666666,0.5671798721605069,6.537634408602151,base_pca,PCA (линейная граница),fold0,4
1.1943281292915358,validation,10.0,0.22717842323651452,3,0.7142857142857143,14,10,-7.5,-5.4,8.399999999999999,0.7,0.6525611557698949,9.419354838709678,base_pca,PCA (линейная граница),fold0,4
0.4861337989568725,validation,20.0,0.5767634854771784,3,0.9285714285714286,14,13,-15.0,-8.076923076923077,6.0,0.7692307692307693,0.8719052147495919,23.913978494623656,base_pca,PCA (линейная граница),fold0,4
-0.16460906714200896,validation,0.25,0.014522821576763486,3,0.35714285714285715,14,5,6.0,2.8,10.2,0.4,0.28708033976305025,0.6021505376344086,base_california,California алгоритм (AID),fold0,4
-0.19540884345769866,validation,0.5,0.024896265560165973,3,0.6428571428571429,14,9,6.0,2.3333333333333335,11.4,0.4444444444444444,0.5232425378418011,1.032258064516129,base_california,California алгоритм (AID),fold0,4
-0.22427981346845566,validation,1.0,0.035269709543568464,3,0.6428571428571429,14,9,-2.0,1.3333333333333333,11.4,0.5555555555555556,0.5405383747521441,1.4623655913978495,base_california,California алгоритм (AID),fold0,4
-0.2816262394189829,validation,2.0,0.061203319502074686,3,0.7142857142857143,14,10,-2.0,0.0,11.1,0.6,0.6183824712510688,2.5376344086021505,base_california,California алгоритм (AID),fold0,4
-0.3768545240163798,validation,5.0,0.1421161825726141,3,0.8571428571428571,14,12,-9.0,-5.5,7.800000000000001,0.75,0.7913410891561803,5.89247311827957,base_california,California алгоритм (AID),fold0,4
-0.44385920464992484,validation,10.0,0.22406639004149378,3,1.0,14,14,-9.0,-6.428571428571429,5.100000000000003,0.7857142857142857,0.9513832347525151,9.290322580645162,base_california,California алгоритм (AID),fold0,4
-0.5174252688884731,validation,20.0,0.3744813278008299,3,1.0,14,14,-12.0,-8.428571428571429,4.200000000000006,0.7857142857142857,0.9606296230885062,15.526881720430108,base_california,California алгоритм (AID),fold0,4
2.6486703157424962,validation,0.25,0.005186721991701245,3,0.2857142857142857,14,4,9.5,4.5,13.100000000000001,0.25,0.2011511442453757,0.21505376344086022,base_snd,Standard Normal Deviate (AID),fold0,4
2.487475037574784,validation,0.5,0.005186721991701245,3,0.35714285714285715,14,5,8.0,4.6,12.8,0.2,0.25784403895852565,0.21505376344086022,base_snd,Standard Normal Deviate (AID),fold0,4
2.1992236375808822,validation,1.0,0.015560165975103735,3,0.42857142857142855,14,6,8.5,3.3333333333333335,12.5,0.3333333333333333,0.3197049982015505,0.6451612903225806,base_snd,Standard Normal Deviate (AID),fold0,4
1.840651452541358,validation,2.0,0.038381742738589214,3,0.5714285714285714,14,8,10.0,5.5,13.5,0.25,0.4042518999062677,1.5913978494623655,base_snd,Standard Normal Deviate (AID),fold0,4
1.5731864571571652,validation,5.0,0.08713692946058091,3,0.7857142857142857,14,11,2.0,1.6363636363636365,12.0,0.2727272727272727,0.6395545296177364,3.6129032258064515,base_snd,Standard Normal Deviate (AID),fold0,4
1.4287303090095578,validation,10.0,0.1607883817427386,3,0.7857142857142857,14,11,-2.0,-2.6363636363636362,11.0,0.6363636363636364,0.7142361909040007,6.666666666666667,base_snd,Standard Normal Deviate (AID),fold0,4
1.2418395876884718,validation,20.0,0.36618257261410786,3,1.0,14,14,-13.5,-8.357142857142858,5.200000000000006,0.7857142857142857,0.9549594759010352,15.182795698924732,base_snd,Standard Normal Deviate (AID),fold0,4
0.6849800646305086,validation,0.25,0.025933609958506226,3,0.35714285714285715,14,5,1.0,1.8,14.2,0.4,0.2859467209826949,1.075268817204301,base_iforest,Isolation Forest,fold0,4
0.6819950044155121,validation,0.5,0.03112033195020747,3,0.42857142857142855,14,6,4.5,2.8333333333333335,14.0,0.5,0.3321375005634551,1.2903225806451613,base_iforest,Isolation Forest,fold0,4
0.6797958910465243,validation,1.0,0.04564315352697095,3,0.42857142857142855,14,6,-4.0,-0.6666666666666666,13.0,0.6666666666666666,0.36439375128864704,1.89247311827957,base_iforest,Isolation Forest,fold0,4
0.6736413538455965,validation,2.0,0.06224066390041494,3,0.5714285714285714,14,8,3.0,2.625,15.899999999999999,0.5,0.4448388742623578,2.5806451612903225,base_iforest,Isolation Forest,fold0,4
0.6544448435306551,validation,5.0,0.14937759336099585,3,0.7142857142857143,14,10,-6.0,-3.7,9.899999999999997,0.7,0.6323491085921221,6.193548387096774,base_iforest,Isolation Forest,fold0,4
0.6381063759326937,validation,10.0,0.22717842323651452,3,0.7857142857142857,14,11,-2.0,-2.4545454545454546,13.0,0.6363636363636364,0.6789915791158607,9.419354838709678,base_iforest,Isolation Forest,fold0,4
0.5842849910259247,validation,20.0,0.48132780082987553,3,0.9285714285714286,14,13,-15.0,-8.692307692307692,5.800000000000001,0.7692307692307693,0.8744653749445134,19.956989247311828,base_iforest,Isolation Forest,fold0,4
0.0023929959861561678,validation,0.25,0.12344398340248963,3,0.14285714285714285,14,2,-8.5,-8.5,-3.3,1.0,0.14285714285714285,5.118279569892473,deep_transformer_contrastive,Transformer (без графа) + Контрастив,fold0,4
0.002346247318200768,validation,0.5,0.12655601659751037,3,0.14285714285714285,14,2,-8.5,-8.5,-3.3,1.0,0.14285714285714285,5.247311827956989,deep_transformer_contrastive,Transformer (без графа) + Контрастив,fold0,4
0.0020835319301113495,validation,1.0,0.14315352697095435,3,0.21428571428571427,14,3,-2.0,-4.333333333333333,2.8000000000000003,0.6666666666666666,0.20223127829591342,5.935483870967742,deep_transformer_contrastive,Transformer (без графа) + Контрастив,fold0,4
0.00171409285394475,validation,2.0,0.18464730290456433,3,0.2857142857142857,14,4,1.0,-0.25,9.600000000000001,0.5,0.2432562195458075,7.655913978494624,deep_transformer_contrastive,Transformer (без графа) + Контрастив,fold0,4
0.0011551539064385019,validation,5.0,0.3008298755186722,3,0.5714285714285714,14,8,-6.0,-5.5,1.9999999999999982,0.875,0.5471252825276034,12.473118279569892,deep_transformer_contrastive,Transformer (без графа) + Контрастив,fold0,4
0.0008189533546101312,validation,10.0,0.48443983402489627,3,0.7142857142857143,14,10,-14.5,-9.7,-1.0000000000000036,0.9,0.6922111742845635,20.086021505376344,deep_transformer_contrastive,Transformer (без графа) + Контрастив,fold0,4
0.0006244589749258031,validation,20.0,0.6182572614107884,3,0.8571428571428571,14,12,-15.0,-11.083333333333334,-2.6999999999999975,0.9166666666666666,0.8350683171417063,25.634408602150536,deep_transformer_contrastive,Transformer (без графа) + Контрастив,fold0,4
1.8512786030769353,validation,0.25,0.006224066390041493,3,0.07142857142857142,14,1,-1.0,-1.0,-1.0,1.0,0.07142857142857142,0.25806451612903225,cand_gcngru_recon,GCN+GRU (фикс. граф) + Реконструкция,fold0,4
1.818033874034882,validation,0.5,0.008298755186721992,3,0.07142857142857142,14,1,-2.0,-2.0,-2.0,1.0,0.07142857142857142,0.34408602150537637,cand_gcngru_recon,GCN+GRU (фикс. граф) + Реконструкция,fold0,4
1.760856091976167,validation,1.0,0.01037344398340249,3,0.14285714285714285,14,2,4.0,4.0,8.8,0.5,0.11642575178195977,0.43010752688172044,cand_gcngru_recon,GCN+GRU (фикс. граф) + Реконструкция,fold0,4
1.3993790745735177,validation,2.0,0.056016597510373446,3,0.42857142857142855,14,6,-8.5,-3.6666666666666665,12.5,0.6666666666666666,0.3669410540958325,2.3225806451612905,cand_gcngru_recon,GCN+GRU (фикс. граф) + Реконструкция,fold0,4
1.192381322383882,validation,5.0,0.12240663900414937,3,0.5714285714285714,14,8,-3.0,-2.875,9.5,0.625,0.4973573963250993,5.075268817204301,cand_gcngru_recon,GCN+GRU (фикс. граф) + Реконструкция,fold0,4
1.0647596716880803,validation,10.0,0.15975103734439833,3,0.5714285714285714,14,8,-5.5,-3.625,9.2,0.625,0.4992100168716139,6.623655913978495,cand_gcngru_recon,GCN+GRU (фикс. граф) + Реконструкция,fold0,4
0.3713819235563295,validation,20.0,0.4616182572614108,3,0.8571428571428571,14,12,-15.0,-8.166666666666666,5.9,0.75,0.803036803515942,19.13978494623656,cand_gcngru_recon,GCN+GRU (фикс. граф) + Реконструкция,fold0,4
3.5000838041305564,validation,0.25,0.0,3,0.0,14,0,,,,0.0,0.0,0.0,cand_gatlstm_recon,GAT+LSTM (обуч. внимание) + Реконструкция,fold0,4
2.701433539390565,validation,0.5,0.0,3,0.07142857142857142,14,1,0.0,0.0,0.0,0.0,0.07142857142857142,0.0,cand_gatlstm_recon,GAT+LSTM (обуч. внимание) + Реконструкция,fold0,4
1.9968674778938318,validation,1.0,0.014522821576763486,3,0.2857142857142857,14,4,3.0,3.5,9.100000000000001,0.5,0.23954251026197326,0.6021505376344086,cand_gatlstm_recon,GAT+LSTM (обуч. внимание) + Реконструкция,fold0,4
1.848559081554414,validation,2.0,0.032157676348547715,3,0.42857142857142855,14,6,-8.5,-5.166666666666667,8.0,0.6666666666666666,0.38452775529333116,1.3333333333333333,cand_gatlstm_recon,GAT+LSTM (обуч. внимание) + Реконструкция,fold0,4
1.4238728880882272,validation,5.0,0.17842323651452283,3,0.6428571428571429,14,9,-10.0,-7.555555555555555,4.800000000000001,0.7777777777777778,0.6087281668661911,7.397849462365591,cand_gatlstm_recon,GAT+LSTM (обуч. внимание) + Реконструкция,fold0,4
1.282781064510347,validation,10.0,0.2603734439834025,3,0.7142857142857143,14,10,-12.5,-9.9,-1.0000000000000036,0.9,0.6922111742845635,10.795698924731182,cand_gatlstm_recon,GAT+LSTM (обуч. внимание) + Реконструкция,fold0,4
0.9045763909816751,validation,20.0,0.48858921161825725,3,1.0,14,14,-15.0,-7.071428571428571,7.700000000000001,0.7142857142857143,0.9104856085326994,20.258064516129032,cand_gatlstm_recon,GAT+LSTM (обуч. внимание) + Реконструкция,fold0,4
0.20811685174703598,validation,0.25,0.007261410788381743,3,0.42857142857142855,14,6,-6.5,-3.8333333333333335,6.0,0.8333333333333334,0.39631517784623665,0.3010752688172043,cand_gcngru_bigan,GCN+GRU (фикс. граф) + Критик BiGAN,fold0,4
0.20794185250997543,validation,0.5,0.008298755186721992,3,0.42857142857142855,14,6,-6.5,-3.8333333333333335,6.0,0.8333333333333334,0.39631517784623665,0.34408602150537637,cand_gcngru_bigan,GCN+GRU (фикс. граф) + Критик BiGAN,fold0,4
0.20761775225400925,validation,1.0,0.01867219917012448,3,0.42857142857142855,14,6,-8.5,-5.666666666666667,6.0,0.8333333333333334,0.39631517784623665,0.7741935483870968,cand_gcngru_bigan,GCN+GRU (фикс. граф) + Критик BiGAN,fold0,4
0.20709439367055893,validation,2.0,0.05186721991701245,3,0.5714285714285714,14,8,-6.0,-3.25,13.6,0.625,0.49715249845753784,2.150537634408602,cand_gcngru_bigan,GCN+GRU (фикс. граф) + Критик BiGAN,fold0,4
0.2062843069434166,validation,5.0,0.12136929460580913,3,0.7857142857142857,14,11,-6.0,-3.4545454545454546,11.0,0.7272727272727273,0.6904820231883255,5.032258064516129,cand_gcngru_bigan,GCN+GRU (фикс. граф) + Критик BiGAN,fold0,4
0.20568876713514328,validation,10.0,0.17634854771784234,3,0.7857142857142857,14,11,-7.0,-4.454545454545454,10.0,0.7272727272727273,0.6968708747556706,7.311827956989247,cand_gcngru_bigan,GCN+GRU (фикс. граф) + Критик BiGAN,fold0,4
0.2013758048415184,validation,20.0,0.49377593360995853,3,0.9285714285714286,14,13,-15.0,-8.76923076923077,5.600000000000001,0.7692307692307693,0.877146615670134,20.473118279569892,cand_gcngru_bigan,GCN+GRU (фикс. граф) + Критик BiGAN,fold0,4
-311.9998321533203,validation,0.25,0.05912863070539419,3,0.42857142857142855,14,6,0.0,0.0,12.0,0.5,0.3628642664640938,2.4516129032258065,cand_hypergraph_flow,Гиперграф+Bi-GLU + Плотность (flow),fold0,4
-312.01026916503906,validation,0.5,0.07261410788381743,3,0.5,14,7,-2.0,-1.1428571428571428,10.800000000000002,0.5714285714285714,0.43590563775300745,3.010752688172043,cand_hypergraph_flow,Гиперграф+Bi-GLU + Плотность (flow),fold0,4
-312.03102111816406,validation,1.0,0.10684647302904564,3,0.7142857142857143,14,10,-1.5,-2.2,8.699999999999998,0.6,0.6385356121341719,4.43010752688172,cand_hypergraph_flow,Гиперграф+Bi-GLU + Плотность (flow),fold0,4
-312.0498809814453,validation,2.0,0.17842323651452283,3,0.7857142857142857,14,11,-5.0,-4.0,8.0,0.6363636363636364,0.7143345001033862,7.397849462365591,cand_hypergraph_flow,Гиперграф+Bi-GLU + Плотность (flow),fold0,4
-312.07203674316406,validation,5.0,0.27800829875518673,3,0.8571428571428571,14,12,-12.5,-4.75,13.400000000000002,0.6666666666666666,0.747247167543456,11.526881720430108,cand_hypergraph_flow,Гиперграф+Bi-GLU + Плотность (flow),fold0,4
-312.0907745361328,validation,10.0,0.38381742738589214,3,0.9285714285714286,14,13,-13.0,-6.461538461538462,7.800000000000001,0.6923076923076923,0.8442984380246701,15.913978494623656,cand_hypergraph_flow,Гиперграф+Bi-GLU + Плотность (flow),fold0,4
-312.1336517333984,validation,20.0,0.6182572614107884,3,0.9285714285714286,14,13,-15.0,-8.846153846153847,5.400000000000002,0.7692307692307693,0.8799546633239437,25.634408602150536,cand_hypergraph_flow,Гиперграф+Bi-GLU + Плотность (flow),fold0,4
1.0096933245658875,validation,0.25,0.012448132780082987,3,0.07142857142857142,14,1,-15.0,-15.0,-15.0,1.0,0.07142857142857142,0.5161290322580645,cand_gcngru_physics,GCN+GRU (фикс. граф) + Невязка LWR,fold0,4
0.9850631654262545,validation,0.5,0.012448132780082987,3,0.07142857142857142,14,1,-15.0,-15.0,-15.0,1.0,0.07142857142857142,0.5161290322580645,cand_gcngru_physics,GCN+GRU (фикс. граф) + Невязка LWR,fold0,4
0.9087969958782198,validation,1.0,0.017634854771784232,3,0.07142857142857142,14,1,-15.0,-15.0,-15.0,1.0,0.07142857142857142,0.7311827956989247,cand_gcngru_physics,GCN+GRU (фикс. граф) + Невязка LWR,fold0,4
0.8362118899822235,validation,2.0,0.023858921161825725,3,0.07142857142857142,14,1,-15.0,-15.0,-15.0,1.0,0.07142857142857142,0.989247311827957,cand_gcngru_physics,GCN+GRU (фикс. граф) + Невязка LWR,fold0,4
0.6719340980052952,validation,5.0,0.09232365145228216,3,0.14285714285714285,14,2,-6.5,-6.5,0.30000000000000027,0.5,0.1365516063255869,3.827956989247312,cand_gcngru_physics,GCN+GRU (фикс. граф) + Невязка LWR,fold0,4
0.5549841821193695,validation,10.0,0.19605809128630705,3,0.2857142857142857,14,4,-12.5,-10.25,-3.9999999999999982,1.0,0.2857142857142857,8.129032258064516,cand_gcngru_physics,GCN+GRU (фикс. граф) + Невязка LWR,fold0,4
0.4587973207235342,validation,20.0,0.3630705394190871,3,0.6428571428571429,14,9,-1.0,-1.6666666666666667,15.2,0.5555555555555556,0.5286487037776246,15.053763440860216,cand_gcngru_physics,GCN+GRU (фикс. граф) + Невязка LWR,fold0,4
3.1409658193588257,validation,0.25,0.0027726432532347504,3,0.1111111111111111,9,1,-2.0,-2.0,-2.0,1.0,0.1111111111111111,0.12903225806451613,ctrl_random,Случайный score (контроль),fold1,0
3.091384053230286,validation,0.5,0.0036968576709796672,3,0.2222222222222222,9,2,7.5,7.5,15.100000000000001,0.5,0.16176236047545647,0.17204301075268819,ctrl_random,Случайный score (контроль),fold1,0
2.9843627214431776,validation,1.0,0.011090573012939002,3,0.3333333333333333,9,3,9.0,8.0,15.4,0.3333333333333333,0.23506835551839503,0.5161290322580645,ctrl_random,Случайный score (контроль),fold1,0
2.89528286457062,validation,2.0,0.02865064695009242,3,0.4444444444444444,9,4,4.5,6.0,14.3,0.25,0.34462880979704585,1.3333333333333333,ctrl_random,Случайный score (контроль),fold1,0
2.7977150678634652,validation,5.0,0.054528650646950096,3,0.6666666666666666,9,6,2.0,3.8333333333333335,12.0,0.5,0.5464013598490718,2.5376344086021505,ctrl_random,Случайный score (контроль),fold1,0
2.6333900690078744,validation,10.0,0.16820702402957485,3,1.0,9,9,-4.0,-4.333333333333333,2.0,0.7777777777777778,0.9803827752351594,7.827956989247312,ctrl_random,Случайный score (контроль),fold1,0
2.5008856058120745,validation,20.0,0.34750462107208874,3,1.0,9,9,-11.0,-10.777777777777779,-5.6,1.0,1.0,16.172043010752688,ctrl_random,Случайный score (контроль),fold1,0
19.244734764099125,validation,0.25,0.02033271719038817,3,0.0,9,0,,,,0.0,0.0,0.946236559139785,ctrl_untrained,GCN+GRU (фикс. граф) + Реконструкция [необучен],fold1,0
18.996235847473155,validation,0.5,0.024029574861367836,3,0.0,9,0,,,,0.0,0.0,1.118279569892473,ctrl_untrained,GCN+GRU (фикс. граф) + Реконструкция [необучен],fold1,0
18.618744850158695,validation,1.0,0.027726432532347505,3,0.0,9,0,,,,0.0,0.0,1.2903225806451613,ctrl_untrained,GCN+GRU (фикс. граф) + Реконструкция [необучен],fold1,0
16.534651756286628,validation,2.0,0.06746765249537892,3,0.1111111111111111,9,1,-15.0,-15.0,-15.0,1.0,0.1111111111111111,3.139784946236559,ctrl_untrained,GCN+GRU (фикс. граф) + Реконструкция [необучен],fold1,0
11.289233684539802,validation,5.0,0.2587800369685767,3,0.5555555555555556,9,5,5.0,0.6,14.0,0.4,0.42677718320052516,12.043010752688172,ctrl_untrained,GCN+GRU (фикс. граф) + Реконструкция [необучен],fold1,0
8.28257513046265,validation,10.0,0.40573012939001846,3,0.7777777777777778,9,7,-5.0,-3.5714285714285716,11.4,0.5714285714285714,0.6763982426775326,18.881720430107528,ctrl_untrained,GCN+GRU (фикс. граф) + Реконструкция [необучен],fold1,0
5.748294591903697,validation,20.0,0.4953789279112754,3,0.7777777777777778,9,7,-15.0,-13.0,-9.399999999999995,1.0,0.7777777777777778,23.053763440860216,ctrl_untrained,GCN+GRU (фикс. граф) + Реконструкция [необучен],fold1,0
4.357173681259155,validation,0.25,0.029574861367837338,3,0.1111111111111111,9,1,13.0,13.0,13.0,0.0,0.06093472109414588,1.3763440860215055,base_pca,PCA (линейная граница),fold1,0
3.9119051694870013,validation,0.5,0.036968576709796676,3,0.1111111111111111,9,1,12.0,12.0,12.0,0.0,0.06381657527761304,1.7204301075268817,base_pca,PCA (линейная граница),fold1,0
3.7648123502731323,validation,1.0,0.04251386321626617,3,0.1111111111111111,9,1,12.0,12.0,12.0,0.0,0.06381657527761304,1.978494623655914,base_pca,PCA (линейная граница),fold1,0
3.5454555749893193,validation,2.0,0.04621072088724584,3,0.1111111111111111,9,1,11.0,11.0,11.0,0.0,0.06683472422678426,2.150537634408602,base_pca,PCA (линейная граница),fold1,0
2.4801150560379064,validation,5.0,0.19593345656192238,3,0.3333333333333333,9,3,9.0,10.333333333333334,17.0,0.0,0.21621371852821836,9.118279569892474,base_pca,PCA (линейная граница),fold1,0
1.4136075377464326,validation,10.0,0.33548983364140483,3,0.6666666666666666,9,6,-5.5,-3.6666666666666665,9.5,0.6666666666666666,0.5923597662380876,15.612903225806452,base_pca,PCA (линейная граница),fold1,0
0.7802697718143481,validation,20.0,0.5489833641404805,3,0.7777777777777778,9,7,-15.0,-14.857142857142858,-14.6,1.0,0.7777777777777778,25.548387096774192,base_pca,PCA (линейная граница),fold1,0
1.247842133045212,validation,0.25,0.0027726432532347504,3,0.0,9,0,,,,0.0,0.0,0.12903225806451613,base_california,California алгоритм (AID),fold1,0
0.4844338744878875,validation,0.5,0.0036968576709796672,3,0.0,9,0,,,,0.0,0.0,0.17204301075268819,base_california,California алгоритм (AID),fold1,0
-0.07881397381424189,validation,1.0,0.036044362292051754,3,0.2222222222222222,9,2,-5.5,-5.5,0.5000000000000004,0.5,0.21241360983980184,1.6774193548387097,base_california,California алгоритм (AID),fold1,0
-0.18544857949017346,validation,2.0,0.08595194085027727,3,0.5555555555555556,9,5,2.0,-3.8,4.4,0.4,0.509033695596848,4.0,base_california,California алгоритм (AID),fold1,0
-0.3050265461206422,validation,5.0,0.16728280961182995,3,0.8888888888888888,9,8,-4.0,-1.875,11.3,0.5,0.7562024689430014,7.78494623655914,base_california,California алгоритм (AID),fold1,0
-0.4184504002332607,validation,10.0,0.33271719038817005,3,1.0,9,9,-13.0,-10.555555555555555,-3.1999999999999993,0.8888888888888888,1.0,15.483870967741936,base_california,California алгоритм (AID),fold1,0
-0.5291062295436756,validation,20.0,0.4824399260628466,3,1.0,9,9,-15.0,-11.777777777777779,-4.0,1.0,1.0,22.451612903225808,base_california,California алгоритм (AID),fold1,0
2.735160470008875,validation,0.25,0.009242144177449169,3,0.2222222222222222,9,2,-7.5,-7.5,-5.5,1.0,0.2222222222222222,0.43010752688172044,base_snd,Standard Normal Deviate (AID),fold1,0
2.2422240972519134,validation,0.5,0.01756007393715342,3,0.4444444444444444,9,4,-9.0,-9.5,-5.3,1.0,0.4444444444444444,0.8172043010752689,base_snd,Standard Normal Deviate (AID),fold1,0
2.119140982627904,validation,1.0,0.025878003696857672,3,0.4444444444444444,9,4,-9.0,-9.5,-5.3,1.0,0.4444444444444444,1.2043010752688172,base_snd,Standard Normal Deviate (AID),fold1,0
1.8123555779457377,validation,2.0,0.07208872458410351,3,0.6666666666666666,9,6,-5.5,-6.5,-0.5,0.8333333333333334,0.6479153217936431,3.3548387096774195,base_snd,Standard Normal Deviate (AID),fold1,0
1.603057682514244,validation,5.0,0.12199630314232902,3,0.7777777777777778,9,7,-11.0,-7.0,2.6000000000000068,0.8571428571428571,0.7248496734900348,5.67741935483871,base_snd,Standard Normal Deviate (AID),fold1,0
1.4270101189613418,validation,10.0,0.23290203327171904,3,0.7777777777777778,9,7,-11.0,-8.428571428571429,0.8000000000000078,0.8571428571428571,0.7248496734900348,10.838709677419354,base_snd,Standard Normal Deviate (AID),fold1,0
1.2758103013038697,validation,20.0,0.3724584103512015,3,0.8888888888888888,9,8,-13.0,-7.0,10.799999999999999,0.75,0.7955282172651609,17.333333333333332,base_snd,Standard Normal Deviate (AID),fold1,0
0.7185776531696322,validation,0.25,0.025878003696857672,3,0.2222222222222222,9,2,4.0,4.0,9.6,0.5,0.17794583533789537,1.2043010752688172,base_iforest,Isolation Forest,fold1,0
0.7172418534755707,validation,0.5,0.026802218114602587,3,0.3333333333333333,9,3,-3.0,1.6666666666666667,8.200000000000001,0.6666666666666666,0.2890569464490065,1.2473118279569892,base_iforest,Isolation Forest,fold1,0
0.7104317247867586,validation,1.0,0.036044362292051754,3,0.5555555555555556,9,5,-3.0,1.8,12.8,0.6,0.45835106438348583,1.6774193548387097,base_iforest,Isolation Forest,fold1,0
0.6983260214328768,validation,2.0,0.06746765249537892,3,0.5555555555555556,9,5,-4.0,1.0,12.0,0.6,0.46482233519964006,3.139784946236559,base_iforest,Isolation Forest,fold1,0
0.6796684563159945,validation,5.0,0.2033271719038817,3,0.6666666666666666,9,6,-8.5,-6.833333333333333,2.5,0.8333333333333334,0.6288615505984941,9.46236559139785,base_iforest,Isolation Forest,fold1,0
0.6586093008518221,validation,10.0,0.3364140480591497,3,0.7777777777777778,9,7,-8.0,-6.428571428571429,5.000000000000002,0.7142857142857143,0.7290563336977791,15.655913978494624,base_iforest,Isolation Forest,fold1,0
0.6171955764293671,validation,20.0,0.4565619223659889,3,0.7777777777777778,9,7,-15.0,-12.428571428571429,-6.399999999999999,1.0,0.7777777777777778,21.247311827956988,base_iforest,Isolation Forest,fold1,0
0.0031076379818841815,validation,0.25,0.09242144177449169,3,0.2222222222222222,9,2,1.0,1.0,13.8,0.5,0.16176236047545647,4.301075268817204,deep_transformer_contrastive,Transformer (без графа) + Контрастив,fold1,0
0.003073441213928164,validation,0.5,0.09242144177449169,3,0.2222222222222222,9,2,1.0,1.0,13.8,0.5,0.16176236047545647,4.301075268817204,deep_transformer_contrastive,Transformer (без графа) + Контрастив,fold1,0
0.003065546858124436,validation,1.0,0.0933456561922366,3,0.2222222222222222,9,2,1.0,1.0,13.8,0.5,0.16176236047545647,4.344086021505376,deep_transformer_contrastive,Transformer (без графа) + Контрастив,fold1,0
0.003047383273951711,validation,2.0,0.09426987060998152,3,0.2222222222222222,9,2,1.0,1.0,13.8,0.5,0.16176236047545647,4.387096774193548,deep_transformer_contrastive,Transformer (без графа) + Контрастив,fold1,0
0.002992385416291655,validation,5.0,0.09519408502772643,3,0.2222222222222222,9,2,1.0,1.0,13.8,0.5,0.16176236047545647,4.43010752688172,deep_transformer_contrastive,Transformer (без графа) + Контрастив,fold1,0
0.0026987547753378766,validation,10.0,0.10720887245841035,3,0.2222222222222222,9,2,-1.0,-1.0,10.200000000000001,0.5,0.172045832205257,4.989247311827957,deep_transformer_contrastive,Transformer (без графа) + Контрастив,fold1,0
0.0014891498140059433,validation,20.0,0.25231053604436227,3,0.4444444444444444,9,4,-2.0,-1.5,12.4,0.5,0.34999166754315236,11.741935483870968,deep_transformer_contrastive,Transformer (без графа) + Контрастив,fold1,0
1.9359263777732854,validation,0.25,0.06469500924214418,3,0.3333333333333333,9,3,10.0,2.0,10.8,0.3333333333333333,0.24794144922094385,3.010752688172043,cand_gcngru_recon,GCN+GRU (фикс. граф) + Реконструкция,fold1,0
1.8220853209495549,validation,0.5,0.0878003696857671,3,0.4444444444444444,9,4,6.0,2.25,11.7,0.25,0.3478559221611102,4.086021505376344,cand_gcngru_recon,GCN+GRU (фикс. граф) + Реконструкция,fold1,0
1.7078965306282061,validation,1.0,0.10905730129390019,3,0.4444444444444444,9,4,5.5,1.75,11.0,0.25,0.3558916706757908,5.075268817204301,cand_gcngru_recon,GCN+GRU (фикс. граф) + Реконструкция,fold1,0
1.5068095326423654,validation,2.0,0.2033271719038817,3,0.4444444444444444,9,4,-3.5,-3.0,7.900000000000001,0.5,0.38894567647150674,9.46236559139785,cand_gcngru_recon,GCN+GRU (фикс. граф) + Реконструкция,fold1,0
1.333453476428986,validation,5.0,0.26247689463955637,3,0.4444444444444444,9,4,-7.0,-5.0,6.600000000000001,0.5,0.40162172881076263,12.21505376344086,cand_gcngru_recon,GCN+GRU (фикс. граф) + Реконструкция,fold1,0
0.8513110578060151,validation,10.0,0.411275415896488,3,0.7777777777777778,9,7,-15.0,-11.142857142857142,-5.1999999999999975,1.0,0.7777777777777778,19.13978494623656,cand_gcngru_recon,GCN+GRU (фикс. граф) + Реконструкция,fold1,0
0.46076391637325287,validation,20.0,0.49353049907578556,3,0.7777777777777778,9,7,-15.0,-13.428571428571429,-10.599999999999996,1.0,0.7777777777777778,22.967741935483872,cand_gcngru_recon,GCN+GRU (фикс. граф) + Реконструкция,fold1,0
2.199662089347841,validation,0.25,0.12384473197781885,3,0.4444444444444444,9,4,0.5,0.75,15.200000000000001,0.5,0.3397081958133519,5.763440860215054,cand_gatlstm_recon,GAT+LSTM (обуч. внимание) + Реконструкция,fold1,0
2.109439253807069,validation,0.5,0.14325323475046212,3,0.5555555555555556,9,5,1.0,0.8,14.600000000000001,0.4,0.4458017073589537,6.666666666666667,cand_gatlstm_recon,GAT+LSTM (обуч. внимание) + Реконструкция,fold1,0
2.0608366727828993,validation,1.0,0.16728280961182995,3,0.5555555555555556,9,5,1.0,0.8,14.600000000000001,0.4,0.4458017073589537,7.78494623655914,cand_gatlstm_recon,GAT+LSTM (обуч. внимание) + Реконструкция,fold1,0
1.8501217961311354,validation,2.0,0.26155268022181144,3,0.5555555555555556,9,5,-10.0,-5.2,6.000000000000001,0.6,0.5144400583274931,12.172043010752688,cand_gatlstm_recon,GAT+LSTM (обуч. внимание) + Реконструкция,fold1,0
1.6780149340629584,validation,5.0,0.3188539741219963,3,0.5555555555555556,9,5,-13.0,-7.0,5.000000000000001,0.8,0.5177504394873831,14.838709677419354,cand_gatlstm_recon,GAT+LSTM (обуч. внимание) + Реконструкция,fold1,0
1.469620645046235,validation,10.0,0.3807763401109057,3,0.6666666666666666,9,6,-13.0,-8.333333333333334,3.0,0.8333333333333334,0.635959402080021,17.72043010752688,cand_gatlstm_recon,GAT+LSTM (обуч. внимание) + Реконструкция,fold1,0
1.0000891089439403,validation,20.0,0.5406654343807763,3,0.7777777777777778,9,7,-15.0,-10.428571428571429,0.20000000000000284,0.8571428571428571,0.7548556139982333,25.161290322580644,cand_gatlstm_recon,GAT+LSTM (обуч. внимание) + Реконструкция,fold1,0
0.3035915940999985,validation,0.25,0.015711645101663587,3,0.3333333333333333,9,3,4.0,2.0,9.6,0.3333333333333333,0.2703056015759829,0.7311827956989247,cand_gcngru_bigan,GCN+GRU (фикс. граф) + Критик BiGAN,fold1,0
0.3010333925485612,validation,0.5,0.033271719038817,3,0.4444444444444444,9,4,0.0,2.75,15.200000000000003,0.5,0.3586764621260931,1.5483870967741935,cand_gcngru_bigan,GCN+GRU (фикс. граф) + Критик BiGAN,fold1,0
0.29948006570339203,validation,1.0,0.03974121996303143,3,0.5555555555555556,9,5,-5.0,-2.6,7.200000000000001,0.6,0.500056787582618,1.8494623655913978,cand_gcngru_bigan,GCN+GRU (фикс. граф) + Критик BiGAN,fold1,0
0.2981240004301071,validation,2.0,0.04528650646950092,3,0.5555555555555556,9,5,-5.0,-2.6,7.200000000000001,0.6,0.500056787582618,2.10752688172043,cand_gcngru_bigan,GCN+GRU (фикс. граф) + Критик BiGAN,fold1,0
0.2929100543260575,validation,5.0,0.0878003696857671,3,0.6666666666666666,9,6,-8.0,-3.8333333333333335,8.5,0.6666666666666666,0.6013024987286908,4.086021505376344,cand_gcngru_bigan,GCN+GRU (фикс. граф) + Критик BiGAN,fold1,0
0.2875054329633713,validation,10.0,0.18391866913123844,3,0.7777777777777778,9,7,-11.0,-8.714285714285714,0.8000000000000007,0.7142857142857143,0.7679691653953574,8.559139784946236,cand_gcngru_bigan,GCN+GRU (фикс. граф) + Критик BiGAN,fold1,0
0.2673749774694443,validation,20.0,0.4602587800369686,3,0.7777777777777778,9,7,-15.0,-13.142857142857142,-9.799999999999995,1.0,0.7777777777777778,21.419354838709676,cand_gcngru_bigan,GCN+GRU (фикс. граф) + Критик BiGAN,fold1,0
-315.69828796386713,validation,0.25,0.0711645101663586,3,0.0,9,0,,,,0.0,0.0,3.3118279569892475,cand_hypergraph_flow,Гиперграф+Bi-GLU + Плотность (flow),fold1,0
-315.70008850097656,validation,0.5,0.07393715341959335,3,0.1111111111111111,9,1,9.0,9.0,9.0,0.0,0.07330599504293857,3.4408602150537635,cand_hypergraph_flow,Гиперграф+Bi-GLU + Плотность (flow),fold1,0
-315.71342468261713,validation,1.0,0.09981515711645102,3,0.2222222222222222,9,2,4.5,4.5,13.700000000000001,0.5,0.16415786688391204,4.645161290322581,cand_hypergraph_flow,Гиперграф+Bi-GLU + Плотность (flow),fold1,0
-315.72962951660156,validation,2.0,0.1478743068391867,3,0.3333333333333333,9,3,-10.0,-4.0,7.600000000000001,0.6666666666666666,0.2860387974998353,6.881720430107527,cand_hypergraph_flow,Гиперграф+Bi-GLU + Плотность (flow),fold1,0
-315.7612152099609,validation,5.0,0.256007393715342,3,0.5555555555555556,9,5,-15.0,-6.6,6.800000000000001,0.6,0.5046314459450726,11.913978494623656,cand_hypergraph_flow,Гиперграф+Bi-GLU + Плотность (flow),fold1,0
-315.78004455566406,validation,10.0,0.3678373382624769,3,0.6666666666666666,9,6,-8.0,-4.666666666666667,9.0,0.6666666666666666,0.5924674956393018,17.118279569892472,cand_hypergraph_flow,Гиперграф+Bi-GLU + Плотность (flow),fold1,0
-315.80165100097656,validation,20.0,0.5406654343807763,3,0.7777777777777778,9,7,-15.0,-15.0,-15.0,1.0,0.7777777777777778,25.161290322580644,cand_hypergraph_flow,Гиперграф+Bi-GLU + Плотность (flow),fold1,0
0.5683958232402802,validation,0.25,0.019408502772643253,3,0.1111111111111111,9,1,16.0,16.0,16.0,0.0,0.05304675577280092,0.9032258064516129,cand_gcngru_physics,GCN+GRU (фикс. граф) + Невязка LWR,fold1,0
0.5301156938076019,validation,0.5,0.024953789279112754,3,0.1111111111111111,9,1,15.0,15.0,15.0,0.0,0.05555555555555555,1.1612903225806452,cand_gcngru_physics,GCN+GRU (фикс. граф) + Невязка LWR,fold1,0
0.4463874846696859,validation,1.0,0.041589648798521256,3,0.2222222222222222,9,2,11.5,11.5,14.3,0.0,0.1323284933315431,1.935483870967742,cand_gcngru_physics,GCN+GRU (фикс. граф) + Невязка LWR,fold1,0
0.38634608685970334,validation,2.0,0.059149722735674676,3,0.3333333333333333,9,3,3.0,1.3333333333333333,12.600000000000001,0.3333333333333333,0.2633945070329027,2.752688172043011,cand_gcngru_physics,GCN+GRU (фикс. граф) + Невязка LWR,fold1,0
0.3001620024442674,validation,5.0,0.1266173752310536,3,0.4444444444444444,9,4,-4.5,-2.5,10.400000000000002,0.5,0.3817077277742811,5.89247311827957,cand_gcngru_physics,GCN+GRU (фикс. граф) + Невязка LWR,fold1,0
0.26670317351818107,validation,10.0,0.1423290203327172,3,0.6666666666666666,9,6,-5.0,-2.0,14.0,0.5,0.5557928585256715,6.623655913978495,cand_gcngru_physics,GCN+GRU (фикс. граф) + Невязка LWR,fold1,0
0.2001674100756647,validation,20.0,0.2587800369685767,3,1.0,9,9,-6.0,-5.0,13.2,0.7777777777777778,0.8968955056952918,12.043010752688172,cand_gcngru_physics,GCN+GRU (фикс. граф) + Невязка LWR,fold1,0
3.016839861869813,validation,0.25,0.019408502772643253,3,0.2222222222222222,9,2,-3.5,-3.5,-3.1,1.0,0.2222222222222222,0.9032258064516129,ctrl_random,Случайный score (контроль),fold1,1
2.9788941144943246,validation,0.5,0.02033271719038817,3,0.2222222222222222,9,2,-3.5,-3.5,-3.1,1.0,0.2222222222222222,0.946236559139785,ctrl_random,Случайный score (контроль),fold1,1
2.8881093263626116,validation,1.0,0.03789279112754159,3,0.3333333333333333,9,3,-3.0,-0.3333333333333333,4.2,0.6666666666666666,0.30642869813946655,1.7634408602150538,ctrl_random,Случайный score (контроль),fold1,1
2.8169223070144658,validation,2.0,0.05545286506469501,3,0.5555555555555556,9,5,2.0,3.0,10.8,0.4,0.4659142036915255,2.5806451612903225,ctrl_random,Случайный score (контроль),fold1,1
2.719918131828309,validation,5.0,0.09796672828096119,3,0.8888888888888888,9,8,-1.0,2.5,14.0,0.5,0.7202959636432396,4.559139784946237,ctrl_random,Случайный score (контроль),fold1,1
2.619668364524843,validation,10.0,0.1913123844731978,3,1.0,9,9,-4.0,0.4444444444444444,12.4,0.5555555555555556,0.8317572274568296,8.903225806451612,ctrl_random,Случайный score (контроль),fold1,1
2.5169738531112675,validation,20.0,0.33271719038817005,3,1.0,9,9,-9.0,-8.88888888888889,-2.1999999999999984,0.8888888888888888,0.9770778362204555,15.483870967741936,ctrl_random,Случайный score (контроль),fold1,1
19.027991294860847,validation,0.25,0.02033271719038817,3,0.0,9,0,,,,0.0,0.0,0.946236559139785,ctrl_untrained,GCN+GRU (фикс. граф) + Реконструкция [необучен],fold1,1
18.77688884735108,validation,0.5,0.024953789279112754,3,0.0,9,0,,,,0.0,0.0,1.1612903225806452,ctrl_untrained,GCN+GRU (фикс. граф) + Реконструкция [необучен],fold1,1
18.456452369689956,validation,1.0,0.026802218114602587,3,0.0,9,0,,,,0.0,0.0,1.2473118279569892,ctrl_untrained,GCN+GRU (фикс. граф) + Реконструкция [необучен],fold1,1
16.35019397735597,validation,2.0,0.06931608133086876,3,0.1111111111111111,9,1,-15.0,-15.0,-15.0,1.0,0.1111111111111111,3.225806451612903,ctrl_untrained,GCN+GRU (фикс. граф) + Реконструкция [необучен],fold1,1
11.056704044342048,validation,5.0,0.25970425138632164,3,0.5555555555555556,9,5,5.0,0.6,14.0,0.4,0.42677718320052516,12.086021505376344,ctrl_untrained,GCN+GRU (фикс. граф) + Реконструкция [необучен],fold1,1
8.162421703338627,validation,10.0,0.40573012939001846,3,0.7777777777777778,9,7,-5.0,-3.5714285714285716,11.4,0.5714285714285714,0.6763982426775326,18.881720430107528,ctrl_untrained,GCN+GRU (фикс. граф) + Реконструкция [необучен],fold1,1
5.621342420578015,validation,20.0,0.49630314232902034,3,0.7777777777777778,9,7,-15.0,-13.0,-9.399999999999995,1.0,0.7777777777777778,23.096774193548388,ctrl_untrained,GCN+GRU (фикс. граф) + Реконструкция [необучен],fold1,1
4.357173681259155,validation,0.25,0.029574861367837338,3,0.1111111111111111,9,1,13.0,13.0,13.0,0.0,0.06093472109414588,1.3763440860215055,base_pca,PCA (линейная граница),fold1,1
3.9119051694870013,validation,0.5,0.036968576709796676,3,0.1111111111111111,9,1,12.0,12.0,12.0,0.0,0.06381657527761304,1.7204301075268817,base_pca,PCA (линейная граница),fold1,1
3.7648123502731323,validation,1.0,0.04251386321626617,3,0.1111111111111111,9,1,12.0,12.0,12.0,0.0,0.06381657527761304,1.978494623655914,base_pca,PCA (линейная граница),fold1,1
3.5454555749893193,validation,2.0,0.04621072088724584,3,0.1111111111111111,9,1,11.0,11.0,11.0,0.0,0.06683472422678426,2.150537634408602,base_pca,PCA (линейная граница),fold1,1
2.4801150560379064,validation,5.0,0.19593345656192238,3,0.3333333333333333,9,3,9.0,10.333333333333334,17.0,0.0,0.21621371852821836,9.118279569892474,base_pca,PCA (линейная граница),fold1,1
1.4136075377464326,validation,10.0,0.33548983364140483,3,0.6666666666666666,9,6,-5.5,-3.6666666666666665,9.5,0.6666666666666666,0.5923597662380876,15.612903225806452,base_pca,PCA (линейная граница),fold1,1
0.7802697718143481,validation,20.0,0.5489833641404805,3,0.7777777777777778,9,7,-15.0,-14.857142857142858,-14.6,1.0,0.7777777777777778,25.548387096774192,base_pca,PCA (линейная граница),fold1,1
1.247842133045212,validation,0.25,0.0027726432532347504,3,0.0,9,0,,,,0.0,0.0,0.12903225806451613,base_california,California алгоритм (AID),fold1,1
0.4844338744878875,validation,0.5,0.0036968576709796672,3,0.0,9,0,,,,0.0,0.0,0.17204301075268819,base_california,California алгоритм (AID),fold1,1
-0.07881397381424189,validation,1.0,0.036044362292051754,3,0.2222222222222222,9,2,-5.5,-5.5,0.5000000000000004,0.5,0.21241360983980184,1.6774193548387097,base_california,California алгоритм (AID),fold1,1
-0.18544857949017346,validation,2.0,0.08595194085027727,3,0.5555555555555556,9,5,2.0,-3.8,4.4,0.4,0.509033695596848,4.0,base_california,California алгоритм (AID),fold1,1
-0.3050265461206422,validation,5.0,0.16728280961182995,3,0.8888888888888888,9,8,-4.0,-1.875,11.3,0.5,0.7562024689430014,7.78494623655914,base_california,California алгоритм (AID),fold1,1
-0.4184504002332607,validation,10.0,0.33271719038817005,3,1.0,9,9,-13.0,-10.555555555555555,-3.1999999999999993,0.8888888888888888,1.0,15.483870967741936,base_california,California алгоритм (AID),fold1,1
-0.5291062295436756,validation,20.0,0.4824399260628466,3,1.0,9,9,-15.0,-11.777777777777779,-4.0,1.0,1.0,22.451612903225808,base_california,California алгоритм (AID),fold1,1
2.735160470008875,validation,0.25,0.009242144177449169,3,0.2222222222222222,9,2,-7.5,-7.5,-5.5,1.0,0.2222222222222222,0.43010752688172044,base_snd,Standard Normal Deviate (AID),fold1,1
2.2422240972519134,validation,0.5,0.01756007393715342,3,0.4444444444444444,9,4,-9.0,-9.5,-5.3,1.0,0.4444444444444444,0.8172043010752689,base_snd,Standard Normal Deviate (AID),fold1,1
2.119140982627904,validation,1.0,0.025878003696857672,3,0.4444444444444444,9,4,-9.0,-9.5,-5.3,1.0,0.4444444444444444,1.2043010752688172,base_snd,Standard Normal Deviate (AID),fold1,1
1.8123555779457377,validation,2.0,0.07208872458410351,3,0.6666666666666666,9,6,-5.5,-6.5,-0.5,0.8333333333333334,0.6479153217936431,3.3548387096774195,base_snd,Standard Normal Deviate (AID),fold1,1
1.603057682514244,validation,5.0,0.12199630314232902,3,0.7777777777777778,9,7,-11.0,-7.0,2.6000000000000068,0.8571428571428571,0.7248496734900348,5.67741935483871,base_snd,Standard Normal Deviate (AID),fold1,1
1.4270101189613418,validation,10.0,0.23290203327171904,3,0.7777777777777778,9,7,-11.0,-8.428571428571429,0.8000000000000078,0.8571428571428571,0.7248496734900348,10.838709677419354,base_snd,Standard Normal Deviate (AID),fold1,1
1.2758103013038697,validation,20.0,0.3724584103512015,3,0.8888888888888888,9,8,-13.0,-7.0,10.799999999999999,0.75,0.7955282172651609,17.333333333333332,base_snd,Standard Normal Deviate (AID),fold1,1
0.7039056718349457,validation,0.25,0.029574861367837338,3,0.4444444444444444,9,4,4.0,4.75,13.100000000000001,0.5,0.3472399532723746,1.3763440860215055,base_iforest,Isolation Forest,fold1,1
0.7035936415195467,validation,0.5,0.029574861367837338,3,0.4444444444444444,9,4,4.0,4.75,13.100000000000001,0.5,0.3472399532723746,1.3763440860215055,base_iforest,Isolation Forest,fold1,1
0.6986963450908661,validation,1.0,0.04528650646950092,3,0.5555555555555556,9,5,-3.0,1.6,12.8,0.6,0.45835106438348583,2.10752688172043,base_iforest,Isolation Forest,fold1,1
0.6917360126972201,validation,2.0,0.08317929759704251,3,0.5555555555555556,9,5,-3.0,1.2,12.0,0.6,0.46482233519964006,3.870967741935484,base_iforest,Isolation Forest,fold1,1
0.6812490522861483,validation,5.0,0.16820702402957485,3,0.6666666666666666,9,6,-4.5,-2.3333333333333335,11.0,0.6666666666666666,0.5786851605815289,7.827956989247312,base_iforest,Isolation Forest,fold1,1
0.6573494970798495,validation,10.0,0.3465804066543438,3,0.6666666666666666,9,6,-11.5,-10.833333333333334,-6.0,1.0,0.6666666666666666,16.129032258064516,base_iforest,Isolation Forest,fold1,1
0.6192574799060824,validation,20.0,0.48613678373382624,3,0.7777777777777778,9,7,-15.0,-13.714285714285714,-11.399999999999997,1.0,0.7777777777777778,22.623655913978496,base_iforest,Isolation Forest,fold1,1
0.0035623767180368304,validation,0.25,0.09057301293900184,3,0.1111111111111111,9,1,13.0,13.0,13.0,0.0,0.06093472109414588,4.21505376344086,deep_transformer_contrastive,Transformer (без графа) + Контрастив,fold1,1
0.0035397676983848236,validation,0.5,0.0933456561922366,3,0.1111111111111111,9,1,13.0,13.0,13.0,0.0,0.06093472109414588,4.344086021505376,deep_transformer_contrastive,Transformer (без графа) + Контрастив,fold1,1
0.0035144475987181067,validation,1.0,0.09426987060998152,3,0.1111111111111111,9,1,13.0,13.0,13.0,0.0,0.06093472109414588,4.387096774193548,deep_transformer_contrastive,Transformer (без графа) + Контрастив,fold1,1
0.003440324799157681,validation,2.0,0.09426987060998152,3,0.1111111111111111,9,1,13.0,13.0,13.0,0.0,0.06093472109414588,4.387096774193548,deep_transformer_contrastive,Transformer (без графа) + Контрастив,fold1,1
0.0029995046788826607,validation,5.0,0.10813308687615526,3,0.2222222222222222,9,2,-1.0,-1.0,10.200000000000001,0.5,0.172045832205257,5.032258064516129,deep_transformer_contrastive,Transformer (без графа) + Контрастив,fold1,1
0.0022463115165010116,validation,10.0,0.15434380776340112,3,0.3333333333333333,9,3,12.0,3.3333333333333335,12.8,0.3333333333333333,0.23586240748287002,7.182795698924731,deep_transformer_contrastive,Transformer (без графа) + Контрастив,fold1,1
0.0009647132537793381,validation,20.0,0.41589648798521256,3,0.7777777777777778,9,7,-15.0,-10.571428571428571,-2.599999999999989,0.8571428571428571,0.7197134224394676,19.35483870967742,deep_transformer_contrastive,Transformer (без графа) + Контрастив,fold1,1
1.9038804173469548,validation,0.25,0.0711645101663586,3,0.4444444444444444,9,4,11.5,6.75,16.900000000000002,0.25,0.28794229373455216,3.3118279569892475,cand_gcngru_recon,GCN+GRU (фикс. граф) + Реконструкция,fold1,1
1.7774727940559396,validation,0.5,0.10166358595194085,3,0.4444444444444444,9,4,10.5,4.25,11.0,0.25,0.3147761734477281,4.731182795698925,cand_gcngru_recon,GCN+GRU (фикс. граф) + Реконструкция,fold1,1
1.7136046290397648,validation,1.0,0.11275415896487985,3,0.4444444444444444,9,4,0.5,-0.75,11.0,0.5,0.3558916706757908,5.247311827956989,cand_gcngru_recon,GCN+GRU (фикс. граф) + Реконструкция,fold1,1
1.5061461329460153,validation,2.0,0.18484288354898337,3,0.4444444444444444,9,4,-0.5,-1.25,10.4,0.5,0.3623629414919451,8.602150537634408,cand_gcngru_recon,GCN+GRU (фикс. граф) + Реконструкция,fold1,1
1.3374312520027174,validation,5.0,0.2587800369685767,3,0.5555555555555556,9,5,-2.0,-3.0,8.6,0.6,0.48341226615225946,12.043010752688172,cand_gcngru_recon,GCN+GRU (фикс. граф) + Реконструкция,fold1,1
0.8332933485507978,validation,10.0,0.41866913123844735,3,0.7777777777777778,9,7,-15.0,-9.714285714285714,0.40000000000000036,0.7142857142857143,0.7727601782122685,19.483870967741936,cand_gcngru_recon,GCN+GRU (фикс. граф) + Реконструкция,fold1,1
0.454357489943506,validation,20.0,0.488909426987061,3,0.7777777777777778,9,7,-15.0,-13.428571428571429,-10.599999999999996,1.0,0.7777777777777778,22.752688172043012,cand_gcngru_recon,GCN+GRU (фикс. граф) + Реконструкция,fold1,1
2.966169238090517,validation,0.25,0.03512014787430684,3,0.2222222222222222,9,2,14.0,14.0,15.6,0.0,0.11686333105041398,1.6344086021505377,cand_gatlstm_recon,GAT+LSTM (обуч. внимание) + Реконструкция,fold1,1
2.7925385236740112,validation,0.5,0.04990757855822551,3,0.3333333333333333,9,3,11.0,10.333333333333334,15.0,0.0,0.2122412462376727,2.3225806451612905,cand_gatlstm_recon,GAT+LSTM (обуч. внимание) + Реконструкция,fold1,1
2.617351651191714,validation,1.0,0.08595194085027727,3,0.4444444444444444,9,4,7.0,7.5,14.5,0.0,0.32772043147693236,4.0,cand_gatlstm_recon,GAT+LSTM (обуч. внимание) + Реконструкция,fold1,1
2.2811938524246234,validation,2.0,0.15711645101663585,3,0.5555555555555556,9,5,-1.0,0.0,13.4,0.6,0.45572361311567317,7.311827956989247,cand_gatlstm_recon,GAT+LSTM (обуч. внимание) + Реконструкция,fold1,1
1.8294896483421352,validation,5.0,0.2874306839186691,3,0.5555555555555556,9,5,-9.0,-5.4,5.200000000000001,0.8,0.5144400583274931,13.376344086021506,cand_gatlstm_recon,GAT+LSTM (обуч. внимание) + Реконструкция,fold1,1
1.4902833104133615,validation,10.0,0.36968576709796674,3,0.6666666666666666,9,6,-15.0,-9.166666666666666,2.5,0.8333333333333334,0.635959402080021,17.204301075268816,cand_gatlstm_recon,GAT+LSTM (обуч. внимание) + Реконструкция,fold1,1
0.9223169982433319,validation,20.0,0.5046210720887245,3,1.0,9,9,-15.0,-8.777777777777779,6.4,0.7777777777777778,0.9387571914710097,23.483870967741936,cand_gatlstm_recon,GAT+LSTM (обуч. внимание) + Реконструкция,fold1,1
0.2530461400747299,validation,0.25,0.006469500924214418,3,0.1111111111111111,9,1,-15.0,-15.0,-15.0,1.0,0.1111111111111111,0.3010752688172043,cand_gcngru_bigan,GCN+GRU (фикс. граф) + Критик BiGAN,fold1,1
0.25280342996120453,validation,0.5,0.0073937153419593345,3,0.1111111111111111,9,1,-15.0,-15.0,-15.0,1.0,0.1111111111111111,0.34408602150537637,cand_gcngru_bigan,GCN+GRU (фикс. граф) + Критик BiGAN,fold1,1
0.2524508684873581,validation,1.0,0.010166358595194085,3,0.1111111111111111,9,1,-15.0,-15.0,-15.0,1.0,0.1111111111111111,0.4731182795698925,cand_gcngru_bigan,GCN+GRU (фикс. граф) + Критик BiGAN,fold1,1
0.251856729388237,validation,2.0,0.027726432532347505,3,0.1111111111111111,9,1,-15.0,-15.0,-15.0,1.0,0.1111111111111111,1.2903225806451613,cand_gcngru_bigan,GCN+GRU (фикс. граф) + Критик BiGAN,fold1,1
0.2501188963651657,validation,5.0,0.07393715341959335,3,0.1111111111111111,9,1,-15.0,-15.0,-15.0,1.0,0.1111111111111111,3.4408602150537635,cand_gcngru_bigan,GCN+GRU (фикс. граф) + Критик BiGAN,fold1,1
0.24806835502386093,validation,10.0,0.12754158964879853,3,0.2222222222222222,9,2,-8.0,-8.0,-2.3999999999999995,1.0,0.2222222222222222,5.935483870967742,cand_gcngru_bigan,GCN+GRU (фикс. граф) + Критик BiGAN,fold1,1
0.24275853484869003,validation,20.0,0.3678373382624769,3,0.7777777777777778,9,7,-1.0,-1.8571428571428572,6.400000000000004,0.7142857142857143,0.7177927753783921,17.118279569892472,cand_gcngru_bigan,GCN+GRU (фикс. граф) + Критик BiGAN,fold1,1
-313.9851837158203,validation,0.25,0.0166358595194085,3,0.0,9,0,,,,0.0,0.0,0.7741935483870968,cand_hypergraph_flow,Гиперграф+Bi-GLU + Плотность (flow),fold1,1
-314.01112365722656,validation,0.5,0.02310536044362292,3,0.0,9,0,,,,0.0,0.0,1.075268817204301,cand_hypergraph_flow,Гиперграф+Bi-GLU + Плотность (flow),fold1,1
-314.0197601318359,validation,1.0,0.024953789279112754,3,0.0,9,0,,,,0.0,0.0,1.1612903225806452,cand_hypergraph_flow,Гиперграф+Bi-GLU + Плотность (flow),fold1,1
-314.0811309814453,validation,2.0,0.07855822550831792,3,0.1111111111111111,9,1,14.0,14.0,14.0,0.0,0.058183006823368154,3.6559139784946235,cand_hypergraph_flow,Гиперграф+Bi-GLU + Плотность (flow),fold1,1
-314.1355743408203,validation,5.0,0.23382624768946395,3,0.6666666666666666,9,6,-12.5,-8.666666666666666,1.5,0.8333333333333334,0.6223902797823399,10.881720430107526,cand_hypergraph_flow,Гиперграф+Bi-GLU + Плотность (flow),fold1,1
-314.15312194824213,validation,10.0,0.3364140480591497,3,0.6666666666666666,9,6,-15.0,-10.833333333333334,-2.5,0.8333333333333334,0.6437445028871223,15.655913978494624,cand_hypergraph_flow,Гиперграф+Bi-GLU + Плотность (flow),fold1,1
-314.17433166503906,validation,20.0,0.5462107208872459,3,0.7777777777777778,9,7,-15.0,-14.571428571428571,-13.799999999999999,1.0,0.7777777777777778,25.419354838709676,cand_hypergraph_flow,Гиперграф+Bi-GLU + Плотность (flow),fold1,1
0.37734012305736564,validation,0.25,0.03512014787430684,3,0.2222222222222222,9,2,-0.5,-0.5,11.100000000000001,0.5,0.16929411793447924,1.6344086021505377,cand_gcngru_physics,GCN+GRU (фикс. граф) + Невязка LWR,fold1,1
0.3636899441480637,validation,0.5,0.036968576709796676,3,0.2222222222222222,9,2,-0.5,-0.5,11.100000000000001,0.5,0.16929411793447924,1.7204301075268817,cand_gcngru_physics,GCN+GRU (фикс. граф) + Невязка LWR,fold1,1
0.331188961863518,validation,1.0,0.07208872458410351,3,0.2222222222222222,9,2,-0.5,-0.5,11.100000000000001,0.5,0.16929411793447924,3.3548387096774195,cand_gcngru_physics,GCN+GRU (фикс. граф) + Невязка LWR,fold1,1
0.299519315361977,validation,2.0,0.08872458410351201,3,0.3333333333333333,9,3,-4.0,-1.6666666666666667,10.4,0.6666666666666666,0.28040522904559034,4.129032258064516,cand_gcngru_physics,GCN+GRU (фикс. граф) + Невязка LWR,fold1,1
0.2605888396501542,validation,5.0,0.1321626617375231,3,0.6666666666666666,9,6,-6.5,-4.833333333333333,6.0,0.8333333333333334,0.6137385623789238,6.150537634408602,cand_gcngru_physics,GCN+GRU (фикс. граф) + Невязка LWR,fold1,1
0.20584379881620418,validation,10.0,0.2356746765249538,3,0.8888888888888888,9,8,-6.0,-1.875,14.3,0.625,0.7302288390286251,10.96774193548387,cand_gcngru_physics,GCN+GRU (фикс. граф) + Невязка LWR,fold1,1
0.16325270384550128,validation,20.0,0.36506469500924216,3,1.0,9,9,-11.0,-5.666666666666667,13.2,0.7777777777777778,0.8968955056952918,16.989247311827956,cand_gcngru_physics,GCN+GRU (фикс. граф) + Невязка LWR,fold1,1
3.1472424268722548,validation,0.25,0.0046210720887245845,3,0.2222222222222222,9,2,0.0,0.0,12.0,0.5,0.16666666666666666,0.21505376344086022,ctrl_random,Случайный score (контроль),fold1,2
3.048029065132142,validation,0.5,0.005545286506469501,3,0.2222222222222222,9,2,0.0,0.0,12.0,0.5,0.16666666666666666,0.25806451612903225,ctrl_random,Случайный score (контроль),fold1,2
2.981777071952821,validation,1.0,0.009242144177449169,3,0.2222222222222222,9,2,0.0,0.0,12.0,0.5,0.16666666666666666,0.43010752688172044,ctrl_random,Случайный score (контроль),fold1,2
2.821970582008363,validation,2.0,0.04990757855822551,3,0.6666666666666666,9,6,-12.5,-4.166666666666667,15.0,0.6666666666666666,0.5566249399051755,2.3225806451612905,ctrl_random,Случайный score (контроль),fold1,2
2.6987360715866098,validation,5.0,0.12292051756007394,3,1.0,9,9,-12.0,-6.666666666666667,9.400000000000002,0.7777777777777778,0.904361507421287,5.720430107526882,ctrl_random,Случайный score (контроль),fold1,2
2.574077010154724,validation,10.0,0.2680221811460259,3,1.0,9,9,-14.0,-12.0,-8.999999999999998,1.0,1.0,12.473118279569892,ctrl_random,Случайный score (контроль),fold1,2
2.453438878059388,validation,20.0,0.444547134935305,3,1.0,9,9,-14.0,-12.666666666666666,-9.599999999999998,1.0,1.0,20.688172043010752,ctrl_random,Случайный score (контроль),fold1,2
19.03975582122803,validation,0.25,0.02033271719038817,3,0.0,9,0,,,,0.0,0.0,0.946236559139785,ctrl_untrained,GCN+GRU (фикс. граф) + Реконструкция [необучен],fold1,2
18.762290000915534,validation,0.5,0.024029574861367836,3,0.0,9,0,,,,0.0,0.0,1.118279569892473,ctrl_untrained,GCN+GRU (фикс. граф) + Реконструкция [необучен],fold1,2
18.417387962341316,validation,1.0,0.026802218114602587,3,0.0,9,0,,,,0.0,0.0,1.2473118279569892,ctrl_untrained,GCN+GRU (фикс. граф) + Реконструкция [необучен],fold1,2
16.328198432922377,validation,2.0,0.06746765249537892,3,0.1111111111111111,9,1,-15.0,-15.0,-15.0,1.0,0.1111111111111111,3.139784946236559,ctrl_untrained,GCN+GRU (фикс. граф) + Реконструкция [необучен],fold1,2
11.03385496139527,validation,5.0,0.26155268022181144,3,0.5555555555555556,9,5,5.0,0.6,14.0,0.4,0.42677718320052516,12.172043010752688,ctrl_untrained,GCN+GRU (фикс. граф) + Реконструкция [необучен],fold1,2
8.05042409896851,validation,10.0,0.40573012939001846,3,0.7777777777777778,9,7,-5.0,-3.5714285714285716,11.4,0.5714285714285714,0.6763982426775326,18.881720430107528,ctrl_untrained,GCN+GRU (фикс. граф) + Реконструкция [необучен],fold1,2
5.583137273788466,validation,20.0,0.49630314232902034,3,0.7777777777777778,9,7,-15.0,-13.0,-9.399999999999995,1.0,0.7777777777777778,23.096774193548388,ctrl_untrained,GCN+GRU (фикс. граф) + Реконструкция [необучен],fold1,2
4.357173681259155,validation,0.25,0.029574861367837338,3,0.1111111111111111,9,1,13.0,13.0,13.0,0.0,0.06093472109414588,1.3763440860215055,base_pca,PCA (линейная граница),fold1,2
3.9119051694870013,validation,0.5,0.036968576709796676,3,0.1111111111111111,9,1,12.0,12.0,12.0,0.0,0.06381657527761304,1.7204301075268817,base_pca,PCA (линейная граница),fold1,2
3.7648123502731323,validation,1.0,0.04251386321626617,3,0.1111111111111111,9,1,12.0,12.0,12.0,0.0,0.06381657527761304,1.978494623655914,base_pca,PCA (линейная граница),fold1,2
3.5454555749893193,validation,2.0,0.04621072088724584,3,0.1111111111111111,9,1,11.0,11.0,11.0,0.0,0.06683472422678426,2.150537634408602,base_pca,PCA (линейная граница),fold1,2
2.4801150560379064,validation,5.0,0.19593345656192238,3,0.3333333333333333,9,3,9.0,10.333333333333334,17.0,0.0,0.21621371852821836,9.118279569892474,base_pca,PCA (линейная граница),fold1,2
1.4136075377464326,validation,10.0,0.33548983364140483,3,0.6666666666666666,9,6,-5.5,-3.6666666666666665,9.5,0.6666666666666666,0.5923597662380876,15.612903225806452,base_pca,PCA (линейная граница),fold1,2
0.7802697718143481,validation,20.0,0.5489833641404805,3,0.7777777777777778,9,7,-15.0,-14.857142857142858,-14.6,1.0,0.7777777777777778,25.548387096774192,base_pca,PCA (линейная граница),fold1,2
1.247842133045212,validation,0.25,0.0027726432532347504,3,0.0,9,0,,,,0.0,0.0,0.12903225806451613,base_california,California алгоритм (AID),fold1,2
0.4844338744878875,validation,0.5,0.0036968576709796672,3,0.0,9,0,,,,0.0,0.0,0.17204301075268819,base_california,California алгоритм (AID),fold1,2
-0.07881397381424189,validation,1.0,0.036044362292051754,3,0.2222222222222222,9,2,-5.5,-5.5,0.5000000000000004,0.5,0.21241360983980184,1.6774193548387097,base_california,California алгоритм (AID),fold1,2
-0.18544857949017346,validation,2.0,0.08595194085027727,3,0.5555555555555556,9,5,2.0,-3.8,4.4,0.4,0.509033695596848,4.0,base_california,California алгоритм (AID),fold1,2
-0.3050265461206422,validation,5.0,0.16728280961182995,3,0.8888888888888888,9,8,-4.0,-1.875,11.3,0.5,0.7562024689430014,7.78494623655914,base_california,California алгоритм (AID),fold1,2
-0.4184504002332607,validation,10.0,0.33271719038817005,3,1.0,9,9,-13.0,-10.555555555555555,-3.1999999999999993,0.8888888888888888,1.0,15.483870967741936,base_california,California алгоритм (AID),fold1,2
-0.5291062295436756,validation,20.0,0.4824399260628466,3,1.0,9,9,-15.0,-11.777777777777779,-4.0,1.0,1.0,22.451612903225808,base_california,California алгоритм (AID),fold1,2
2.735160470008875,validation,0.25,0.009242144177449169,3,0.2222222222222222,9,2,-7.5,-7.5,-5.5,1.0,0.2222222222222222,0.43010752688172044,base_snd,Standard Normal Deviate (AID),fold1,2
2.2422240972519134,validation,0.5,0.01756007393715342,3,0.4444444444444444,9,4,-9.0,-9.5,-5.3,1.0,0.4444444444444444,0.8172043010752689,base_snd,Standard Normal Deviate (AID),fold1,2
2.119140982627904,validation,1.0,0.025878003696857672,3,0.4444444444444444,9,4,-9.0,-9.5,-5.3,1.0,0.4444444444444444,1.2043010752688172,base_snd,Standard Normal Deviate (AID),fold1,2
1.8123555779457377,validation,2.0,0.07208872458410351,3,0.6666666666666666,9,6,-5.5,-6.5,-0.5,0.8333333333333334,0.6479153217936431,3.3548387096774195,base_snd,Standard Normal Deviate (AID),fold1,2
1.603057682514244,validation,5.0,0.12199630314232902,3,0.7777777777777778,9,7,-11.0,-7.0,2.6000000000000068,0.8571428571428571,0.7248496734900348,5.67741935483871,base_snd,Standard Normal Deviate (AID),fold1,2
1.4270101189613418,validation,10.0,0.23290203327171904,3,0.7777777777777778,9,7,-11.0,-8.428571428571429,0.8000000000000078,0.8571428571428571,0.7248496734900348,10.838709677419354,base_snd,Standard Normal Deviate (AID),fold1,2
1.2758103013038697,validation,20.0,0.3724584103512015,3,0.8888888888888888,9,8,-13.0,-7.0,10.799999999999999,0.75,0.7955282172651609,17.333333333333332,base_snd,Standard Normal Deviate (AID),fold1,2
0.7112163603305819,validation,0.25,0.025878003696857672,3,0.4444444444444444,9,4,4.5,5.0,13.100000000000001,0.5,0.3472399532723746,1.2043010752688172,base_iforest,Isolation Forest,fold1,2
0.7062376439571381,validation,0.5,0.031423290203327174,3,0.4444444444444444,9,4,4.0,4.75,13.100000000000001,0.5,0.3472399532723746,1.4623655913978495,base_iforest,Isolation Forest,fold1,2
0.703647166490555,validation,1.0,0.04066543438077634,3,0.4444444444444444,9,4,3.0,4.25,12.5,0.5,0.35371122408852895,1.89247311827957,base_iforest,Isolation Forest,fold1,2
0.6928494274616244,validation,2.0,0.06931608133086876,3,0.5555555555555556,9,5,-3.0,1.2,12.0,0.6,0.46482233519964006,3.225806451612903,base_iforest,Isolation Forest,fold1,2
0.677435964345932,validation,5.0,0.18946395563770796,3,0.6666666666666666,9,6,-4.5,-1.8333333333333333,11.5,0.6666666666666666,0.5759334463107512,8.817204301075268,base_iforest,Isolation Forest,fold1,2
0.6581868827342987,validation,10.0,0.3179297597042514,3,0.7777777777777778,9,7,-9.0,-8.142857142857142,0.8000000000000043,0.8571428571428571,0.7434396044426542,14.795698924731182,base_iforest,Isolation Forest,fold1,2
0.6221069991588593,validation,20.0,0.45933456561922364,3,0.7777777777777778,9,7,-15.0,-12.142857142857142,-5.799999999999999,1.0,0.7777777777777778,21.376344086021504,base_iforest,Isolation Forest,fold1,2
0.0049586577806621825,validation,0.25,0.09519408502772643,3,0.0,9,0,,,,0.0,0.0,4.43010752688172,deep_transformer_contrastive,Transformer (без графа) + Контрастив,fold1,2
0.004494892200455071,validation,0.5,0.10905730129390019,3,0.2222222222222222,9,2,16.0,16.0,19.2,0.0,0.10791104894339637,5.075268817204301,deep_transformer_contrastive,Transformer (без графа) + Контрастив,fold1,2
0.00399042735807598,validation,1.0,0.14048059149722736,3,0.2222222222222222,9,2,16.0,16.0,19.2,0.0,0.10791104894339637,6.537634408602151,deep_transformer_contrastive,Transformer (без графа) + Контрастив,fold1,2
0.003731451812200249,validation,2.0,0.1487985212569316,3,0.2222222222222222,9,2,14.0,14.0,15.6,0.0,0.11686333105041398,6.924731182795699,deep_transformer_contrastive,Transformer (без графа) + Контрастив,fold1,2
0.002993673901073638,validation,5.0,0.18299445471349354,3,0.3333333333333333,9,3,9.0,3.3333333333333335,14.6,0.3333333333333333,0.23746386192685062,8.516129032258064,deep_transformer_contrastive,Transformer (без графа) + Контрастив,fold1,2
0.0022255027433857348,validation,10.0,0.2088724584103512,3,0.4444444444444444,9,4,-3.5,-1.75,12.900000000000002,0.5,0.3545507155537653,9.720430107526882,deep_transformer_contrastive,Transformer (без графа) + Контрастив,fold1,2
0.0009412571380380554,validation,20.0,0.4436229205175601,3,0.6666666666666666,9,6,-9.5,-4.666666666666667,10.5,0.6666666666666666,0.5821521033145779,20.64516129032258,deep_transformer_contrastive,Transformer (без графа) + Контрастив,fold1,2
1.9109551310539254,validation,0.25,0.04990757855822551,3,0.2222222222222222,9,2,-2.0,-2.0,8.4,0.5,0.17794583533789537,2.3225806451612905,cand_gcngru_recon,GCN+GRU (фикс. граф) + Реконструкция,fold1,2
1.7777263522148137,validation,0.5,0.08502772643253234,3,0.4444444444444444,9,4,12.5,7.25,17.5,0.25,0.28230872528030726,3.956989247311828,cand_gcngru_recon,GCN+GRU (фикс. граф) + Реконструкция,fold1,2
1.6101798415184025,validation,1.0,0.11829944547134935,3,0.4444444444444444,9,4,5.0,1.5,10.7,0.25,0.359052560332055,5.505376344086022,cand_gcngru_recon,GCN+GRU (фикс. граф) + Реконструкция,fold1,2
1.5371134877204913,validation,2.0,0.1487985212569316,3,0.4444444444444444,9,4,5.0,1.5,10.7,0.25,0.359052560332055,6.924731182795699,cand_gcngru_recon,GCN+GRU (фикс. граф) + Реконструкция,fold1,2
1.339251697063446,validation,5.0,0.2356746765249538,3,0.4444444444444444,9,4,-6.5,-4.75,6.900000000000001,0.5,0.39683071599385156,10.96774193548387,cand_gcngru_recon,GCN+GRU (фикс. граф) + Реконструкция,fold1,2
0.8270946443080913,validation,10.0,0.41404805914972276,3,0.7777777777777778,9,7,-15.0,-11.0,-5.1999999999999975,1.0,0.7777777777777778,19.268817204301076,cand_gcngru_recon,GCN+GRU (фикс. граф) + Реконструкция,fold1,2
0.44539897143840795,validation,20.0,0.4953789279112754,3,0.7777777777777778,9,7,-15.0,-13.428571428571429,-10.599999999999996,1.0,0.7777777777777778,23.053763440860216,cand_gcngru_recon,GCN+GRU (фикс. граф) + Реконструкция,fold1,2
2.397872805595398,validation,0.25,0.1044362292051756,3,0.5555555555555556,9,5,3.0,3.0,12.8,0.2,0.43415918125619024,4.860215053763441,cand_gatlstm_recon,GAT+LSTM (обуч. внимание) + Реконструкция,fold1,2
2.289430975914003,validation,0.5,0.1321626617375231,3,0.5555555555555556,9,5,2.0,0.4,12.8,0.4,0.4485424520010654,6.150537634408602,cand_gatlstm_recon,GAT+LSTM (обуч. внимание) + Реконструкция,fold1,2
2.1065334081649794,validation,1.0,0.19685767097966728,3,0.5555555555555556,9,5,-1.0,-0.4,12.4,0.6,0.46151195403975,9.161290322580646,cand_gatlstm_recon,GAT+LSTM (обуч. внимание) + Реконструкция,fold1,2
1.9465376734733586,validation,2.0,0.2541589648798521,3,0.5555555555555556,9,5,-1.0,-1.0,11.4,0.6,0.4675740494704177,11.827956989247312,cand_gatlstm_recon,GAT+LSTM (обуч. внимание) + Реконструкция,fold1,2
1.7146113514900225,validation,5.0,0.31146025878003697,3,0.5555555555555556,9,5,-12.0,-7.4,3.400000000000001,0.8,0.5248482909689098,14.494623655913978,cand_gatlstm_recon,GAT+LSTM (обуч. внимание) + Реконструкция,fold1,2
1.4614552855491647,validation,10.0,0.37153419593345655,3,0.5555555555555556,9,5,-15.0,-8.0,3.400000000000001,0.8,0.5248482909689098,17.29032258064516,cand_gatlstm_recon,GAT+LSTM (обуч. внимание) + Реконструкция,fold1,2
0.9392894804477696,validation,20.0,0.5046210720887245,3,0.7777777777777778,9,7,-15.0,-13.285714285714286,-10.199999999999996,1.0,0.7777777777777778,23.483870967741936,cand_gatlstm_recon,GAT+LSTM (обуч. внимание) + Реконструкция,fold1,2
0.22376982122659686,validation,0.25,0.015711645101663587,3,0.2222222222222222,9,2,4.5,4.5,12.9,0.5,0.16666666666666666,0.7311827956989247,cand_gcngru_bigan,GCN+GRU (фикс. граф) + Критик BiGAN,fold1,2
0.22333460301160812,validation,0.5,0.0166358595194085,3,0.2222222222222222,9,2,4.5,4.5,12.9,0.5,0.16666666666666666,0.7741935483870968,cand_gcngru_bigan,GCN+GRU (фикс. граф) + Критик BiGAN,fold1,2
0.2223655804991722,validation,1.0,0.038817005545286505,3,0.2222222222222222,9,2,4.5,4.5,12.9,0.5,0.16666666666666666,1.8064516129032258,cand_gcngru_bigan,GCN+GRU (фикс. граф) + Критик BiGAN,fold1,2
0.22153877466917038,validation,2.0,0.053604436229205174,3,0.2222222222222222,9,2,4.0,4.0,12.8,0.5,0.16666666666666666,2.4946236559139785,cand_gcngru_bigan,GCN+GRU (фикс. граф) + Критик BiGAN,fold1,2
0.21956228464841843,validation,5.0,0.1256931608133087,3,0.6666666666666666,9,6,-9.5,-4.0,12.5,0.6666666666666666,0.5691957408162034,5.849462365591398,cand_gcngru_bigan,GCN+GRU (фикс. граф) + Критик BiGAN,fold1,2
0.21802335232496262,validation,10.0,0.23937153419593346,3,0.8888888888888888,9,8,-15.0,-5.625,16.9,0.75,0.7658933055585114,11.13978494623656,cand_gcngru_bigan,GCN+GRU (фикс. граф) + Критик BiGAN,fold1,2
0.2163527682423592,validation,20.0,0.44824399260628467,3,0.8888888888888888,9,8,-15.0,-8.125,9.199999999999998,0.75,0.8010354971172772,20.86021505376344,cand_gcngru_bigan,GCN+GRU (фикс. граф) + Критик BiGAN,fold1,2
-314.57875061035156,validation,0.25,0.018484288354898338,3,0.1111111111111111,9,1,16.0,16.0,16.0,0.0,0.05304675577280092,0.8602150537634409,cand_hypergraph_flow,Гиперграф+Bi-GLU + Плотность (flow),fold1,2
-314.59718322753906,validation,0.5,0.02033271719038817,3,0.1111111111111111,9,1,16.0,16.0,16.0,0.0,0.05304675577280092,0.946236559139785,cand_hypergraph_flow,Гиперграф+Bi-GLU + Плотность (flow),fold1,2
-314.6242523193359,validation,1.0,0.030499075785582256,3,0.1111111111111111,9,1,16.0,16.0,16.0,0.0,0.05304675577280092,1.4193548387096775,cand_hypergraph_flow,Гиперграф+Bi-GLU + Плотность (flow),fold1,2
-314.74195861816406,validation,2.0,0.08317929759704251,3,0.1111111111111111,9,1,13.0,13.0,13.0,0.0,0.06093472109414588,3.870967741935484,cand_hypergraph_flow,Гиперграф+Bi-GLU + Плотность (flow),fold1,2
-314.91700744628906,validation,5.0,0.2532347504621072,3,0.5555555555555556,9,5,-1.0,-0.4,9.4,0.6,0.480571904084583,11.78494623655914,cand_hypergraph_flow,Гиперграф+Bi-GLU + Плотность (flow),fold1,2
-314.97755432128906,validation,10.0,0.4288354898336414,3,0.7777777777777778,9,7,-15.0,-9.857142857142858,2.200000000000003,0.8571428571428571,0.747070513191132,19.956989247311828,cand_hypergraph_flow,Гиперграф+Bi-GLU + Плотность (flow),fold1,2
-315.01091003417963,validation,20.0,0.5452865064695009,3,0.7777777777777778,9,7,-15.0,-12.285714285714286,-5.999999999999998,1.0,0.7777777777777778,25.376344086021504,cand_hypergraph_flow,Гиперграф+Bi-GLU + Плотность (flow),fold1,2
0.5055725276470184,validation,0.25,0.019408502772643253,3,0.1111111111111111,9,1,15.0,15.0,15.0,0.0,0.05555555555555555,0.9032258064516129,cand_gcngru_physics,GCN+GRU (фикс. граф) + Невязка LWR,fold1,2
0.47372059524059296,validation,0.5,0.022181146025878003,3,0.1111111111111111,9,1,15.0,15.0,15.0,0.0,0.05555555555555555,1.032258064516129,cand_gcngru_physics,GCN+GRU (фикс. граф) + Невязка LWR,fold1,2
0.4398385137319566,validation,1.0,0.029574861367837338,3,0.1111111111111111,9,1,15.0,15.0,15.0,0.0,0.05555555555555555,1.3763440860215055,cand_gcngru_physics,GCN+GRU (фикс. граф) + Невязка LWR,fold1,2
0.34660433232784305,validation,2.0,0.066543438077634,3,0.3333333333333333,9,3,5.0,1.3333333333333333,12.200000000000001,0.3333333333333333,0.25748306526604586,3.096774193548387,cand_gcngru_physics,GCN+GRU (фикс. граф) + Невязка LWR,fold1,2
0.28825767338275954,validation,5.0,0.12292051756007394,3,0.5555555555555556,9,5,4.0,1.4,14.6,0.4,0.4283205508392334,5.720430107526882,cand_gcngru_physics,GCN+GRU (фикс. граф) + Невязка LWR,fold1,2
0.24153331667184874,validation,10.0,0.15157116451016636,3,0.7777777777777778,9,7,-6.0,-3.7142857142857144,13.4,0.7142857142857143,0.6746732834730697,7.053763440860215,cand_gcngru_physics,GCN+GRU (фикс. граф) + Невязка LWR,fold1,2
0.1906768009066584,validation,20.0,0.3068391866913124,3,0.8888888888888888,9,8,-12.5,-5.875,13.0,0.75,0.7885361088549584,14.279569892473118,cand_gcngru_physics,GCN+GRU (фикс. граф) + Невязка LWR,fold1,2
3.1859434843063372,validation,0.25,0.0018484288354898336,3,0.1111111111111111,9,1,-8.0,-8.0,-8.0,1.0,0.1111111111111111,0.08602150537634409,ctrl_random,Случайный score (контроль),fold1,3
3.0515192747116093,validation,0.5,0.0046210720887245845,3,0.2222222222222222,9,2,-11.5,-11.5,-8.7,1.0,0.2222222222222222,0.21505376344086022,ctrl_random,Случайный score (контроль),fold1,3
2.982127070426942,validation,1.0,0.010166358595194085,3,0.2222222222222222,9,2,-11.5,-11.5,-8.7,1.0,0.2222222222222222,0.4731182795698925,ctrl_random,Случайный score (контроль),fold1,3
2.8795753717422503,validation,2.0,0.030499075785582256,3,0.5555555555555556,9,5,-8.0,-5.6,6.000000000000002,0.8,0.5026274512678126,1.4193548387096775,ctrl_random,Случайный score (контроль),fold1,3
2.7354930639266977,validation,5.0,0.09057301293900184,3,0.8888888888888888,9,8,-8.5,-5.125,8.399999999999999,0.75,0.8090561494072791,4.21505376344086,ctrl_random,Случайный score (контроль),fold1,3
2.6276990175247197,validation,10.0,0.17282809611829944,3,1.0,9,9,-9.0,-4.555555555555555,7.600000000000001,0.6666666666666666,0.8972450967388457,8.043010752688172,ctrl_random,Случайный score (контроль),fold1,3
2.481240868568421,validation,20.0,0.3632162661737523,3,1.0,9,9,-12.0,-9.333333333333334,-2.9999999999999982,0.8888888888888888,0.9770778362204555,16.903225806451612,ctrl_random,Случайный score (контроль),fold1,3
18.854968070983887,validation,0.25,0.02033271719038817,3,0.0,9,0,,,,0.0,0.0,0.946236559139785,ctrl_untrained,GCN+GRU (фикс. граф) + Реконструкция [необучен],fold1,3
18.589194297790527,validation,0.5,0.024029574861367836,3,0.0,9,0,,,,0.0,0.0,1.118279569892473,ctrl_untrained,GCN+GRU (фикс. граф) + Реконструкция [необучен],fold1,3
18.254395484924327,validation,1.0,0.026802218114602587,3,0.0,9,0,,,,0.0,0.0,1.2473118279569892,ctrl_untrained,GCN+GRU (фикс. граф) + Реконструкция [необучен],fold1,3
16.165657997131362,validation,2.0,0.06746765249537892,3,0.1111111111111111,9,1,-15.0,-15.0,-15.0,1.0,0.1111111111111111,3.139784946236559,ctrl_untrained,GCN+GRU (фикс. граф) + Реконструкция [необучен],fold1,3
10.931472301483167,validation,5.0,0.26155268022181144,3,0.5555555555555556,9,5,5.0,0.6,14.0,0.4,0.42677718320052516,12.172043010752688,ctrl_untrained,GCN+GRU (фикс. граф) + Реконструкция [необучен],fold1,3
7.985984086990367,validation,10.0,0.4066543438077634,3,0.7777777777777778,9,7,-5.0,-3.7142857142857144,11.4,0.5714285714285714,0.6811892554944436,18.9247311827957,ctrl_untrained,GCN+GRU (фикс. граф) + Реконструкция [необучен],fold1,3
5.546094179153453,validation,20.0,0.49815157116451014,3,0.7777777777777778,9,7,-15.0,-13.0,-9.399999999999995,1.0,0.7777777777777778,23.182795698924732,ctrl_untrained,GCN+GRU (фикс. граф) + Реконструкция [необучен],fold1,3
4.357173681259155,validation,0.25,0.029574861367837338,3,0.1111111111111111,9,1,13.0,13.0,13.0,0.0,0.06093472109414588,1.3763440860215055,base_pca,PCA (линейная граница),fold1,3
3.9119051694870013,validation,0.5,0.036968576709796676,3,0.1111111111111111,9,1,12.0,12.0,12.0,0.0,0.06381657527761304,1.7204301075268817,base_pca,PCA (линейная граница),fold1,3
3.7648123502731323,validation,1.0,0.04251386321626617,3,0.1111111111111111,9,1,12.0,12.0,12.0,0.0,0.06381657527761304,1.978494623655914,base_pca,PCA (линейная граница),fold1,3
3.5454555749893193,validation,2.0,0.04621072088724584,3,0.1111111111111111,9,1,11.0,11.0,11.0,0.0,0.06683472422678426,2.150537634408602,base_pca,PCA (линейная граница),fold1,3
2.4801150560379064,validation,5.0,0.19593345656192238,3,0.3333333333333333,9,3,9.0,10.333333333333334,17.0,0.0,0.21621371852821836,9.118279569892474,base_pca,PCA (линейная граница),fold1,3
1.4136075377464326,validation,10.0,0.33548983364140483,3,0.6666666666666666,9,6,-5.5,-3.6666666666666665,9.5,0.6666666666666666,0.5923597662380876,15.612903225806452,base_pca,PCA (линейная граница),fold1,3
0.7802697718143481,validation,20.0,0.5489833641404805,3,0.7777777777777778,9,7,-15.0,-14.857142857142858,-14.6,1.0,0.7777777777777778,25.548387096774192,base_pca,PCA (линейная граница),fold1,3
1.247842133045212,validation,0.25,0.0027726432532347504,3,0.0,9,0,,,,0.0,0.0,0.12903225806451613,base_california,California алгоритм (AID),fold1,3
0.4844338744878875,validation,0.5,0.0036968576709796672,3,0.0,9,0,,,,0.0,0.0,0.17204301075268819,base_california,California алгоритм (AID),fold1,3
-0.07881397381424189,validation,1.0,0.036044362292051754,3,0.2222222222222222,9,2,-5.5,-5.5,0.5000000000000004,0.5,0.21241360983980184,1.6774193548387097,base_california,California алгоритм (AID),fold1,3
-0.18544857949017346,validation,2.0,0.08595194085027727,3,0.5555555555555556,9,5,2.0,-3.8,4.4,0.4,0.509033695596848,4.0,base_california,California алгоритм (AID),fold1,3
-0.3050265461206422,validation,5.0,0.16728280961182995,3,0.8888888888888888,9,8,-4.0,-1.875,11.3,0.5,0.7562024689430014,7.78494623655914,base_california,California алгоритм (AID),fold1,3
-0.4184504002332607,validation,10.0,0.33271719038817005,3,1.0,9,9,-13.0,-10.555555555555555,-3.1999999999999993,0.8888888888888888,1.0,15.483870967741936,base_california,California алгоритм (AID),fold1,3
-0.5291062295436756,validation,20.0,0.4824399260628466,3,1.0,9,9,-15.0,-11.777777777777779,-4.0,1.0,1.0,22.451612903225808,base_california,California алгоритм (AID),fold1,3
2.735160470008875,validation,0.25,0.009242144177449169,3,0.2222222222222222,9,2,-7.5,-7.5,-5.5,1.0,0.2222222222222222,0.43010752688172044,base_snd,Standard Normal Deviate (AID),fold1,3
2.2422240972519134,validation,0.5,0.01756007393715342,3,0.4444444444444444,9,4,-9.0,-9.5,-5.3,1.0,0.4444444444444444,0.8172043010752689,base_snd,Standard Normal Deviate (AID),fold1,3
2.119140982627904,validation,1.0,0.025878003696857672,3,0.4444444444444444,9,4,-9.0,-9.5,-5.3,1.0,0.4444444444444444,1.2043010752688172,base_snd,Standard Normal Deviate (AID),fold1,3
1.8123555779457377,validation,2.0,0.07208872458410351,3,0.6666666666666666,9,6,-5.5,-6.5,-0.5,0.8333333333333334,0.6479153217936431,3.3548387096774195,base_snd,Standard Normal Deviate (AID),fold1,3
1.603057682514244,validation,5.0,0.12199630314232902,3,0.7777777777777778,9,7,-11.0,-7.0,2.6000000000000068,0.8571428571428571,0.7248496734900348,5.67741935483871,base_snd,Standard Normal Deviate (AID),fold1,3
1.4270101189613418,validation,10.0,0.23290203327171904,3,0.7777777777777778,9,7,-11.0,-8.428571428571429,0.8000000000000078,0.8571428571428571,0.7248496734900348,10.838709677419354,base_snd,Standard Normal Deviate (AID),fold1,3
1.2758103013038697,validation,20.0,0.3724584103512015,3,0.8888888888888888,9,8,-13.0,-7.0,10.799999999999999,0.75,0.7955282172651609,17.333333333333332,base_snd,Standard Normal Deviate (AID),fold1,3
0.7116939723491669,validation,0.25,0.024029574861367836,3,0.2222222222222222,9,2,3.5,3.5,9.5,0.5,0.17794583533789537,1.118279569892473,base_iforest,Isolation Forest,fold1,3
0.7110624015331268,validation,0.5,0.024029574861367836,3,0.2222222222222222,9,2,3.5,3.5,9.5,0.5,0.17794583533789537,1.118279569892473,base_iforest,Isolation Forest,fold1,3
0.7062013447284701,validation,1.0,0.03234750462107209,3,0.3333333333333333,9,3,-4.0,-1.0,8.0,0.6666666666666666,0.2890569464490065,1.5053763440860215,base_iforest,Isolation Forest,fold1,3
0.6946029961109164,validation,2.0,0.08133086876155268,3,0.6666666666666666,9,6,-3.5,-1.1666666666666667,11.5,0.6666666666666666,0.5759334463107512,3.78494623655914,base_iforest,Isolation Forest,fold1,3
0.6827278435230257,validation,5.0,0.17190388170055454,3,0.6666666666666666,9,6,-4.5,-1.8333333333333333,11.5,0.6666666666666666,0.5759334463107512,8.0,base_iforest,Isolation Forest,fold1,3
0.6575779616832733,validation,10.0,0.3410351201478743,3,0.6666666666666666,9,6,-14.0,-10.833333333333334,-3.5,1.0,0.6666666666666666,15.870967741935484,base_iforest,Isolation Forest,fold1,3
0.6118997037410736,validation,20.0,0.5009242144177449,3,0.7777777777777778,9,7,-15.0,-13.428571428571429,-10.599999999999996,1.0,0.7777777777777778,23.311827956989248,base_iforest,Isolation Forest,fold1,3
0.002437783288769425,validation,0.25,0.05268022181146026,3,0.1111111111111111,9,1,17.0,17.0,17.0,0.0,0.050651249364345376,2.4516129032258065,deep_transformer_contrastive,Transformer (без графа) + Контрастив,fold1,3
0.002250976976938547,validation,0.5,0.07763401109057301,3,0.1111111111111111,9,1,15.0,15.0,15.0,0.0,0.05555555555555555,3.6129032258064515,deep_transformer_contrastive,Transformer (без графа) + Контрастив,fold1,3
0.001968042808584869,validation,1.0,0.13955637707948243,3,0.2222222222222222,9,2,8.0,8.0,12.0,0.0,0.15766256146038188,6.494623655913978,deep_transformer_contrastive,Transformer (без графа) + Контрастив,fold1,3
0.0017181487637572017,validation,2.0,0.17652495378927913,3,0.2222222222222222,9,2,7.0,7.0,11.8,0.0,0.16702823263974773,8.21505376344086,deep_transformer_contrastive,Transformer (без графа) + Контрастив,fold1,3
0.0015439267153851697,validation,5.0,0.20055452865064696,3,0.4444444444444444,9,4,-9.5,-5.5,6.600000000000003,0.75,0.3971499086109464,9.333333333333334,deep_transformer_contrastive,Transformer (без графа) + Контрастив,fold1,3
0.0013022424536757173,validation,10.0,0.26155268022181144,3,0.5555555555555556,9,5,-14.0,-7.4,5.000000000000002,0.8,0.5112791686712287,12.172043010752688,deep_transformer_contrastive,Transformer (без графа) + Контрастив,fold1,3
0.0008739261247683342,validation,20.0,0.47597042513863214,3,0.5555555555555556,9,5,-15.0,-8.6,2.6000000000000014,0.8,0.5177504394873831,22.150537634408604,deep_transformer_contrastive,Transformer (без графа) + Контрастив,fold1,3
1.9108846783638018,validation,0.25,0.06561922365988909,3,0.3333333333333333,9,3,11.0,2.6666666666666665,11.8,0.3333333333333333,0.2417624106155084,3.053763440860215,cand_gcngru_recon,GCN+GRU (фикс. граф) + Реконструкция,fold1,3
1.8184569478034982,validation,0.5,0.08502772643253234,3,0.4444444444444444,9,4,11.0,6.5,16.6,0.25,0.29096044268372334,3.956989247311828,cand_gcngru_recon,GCN+GRU (фикс. граф) + Реконструкция,fold1,3
1.7098501324653634,validation,1.0,0.10905730129390019,3,0.4444444444444444,9,4,5.5,1.75,11.0,0.25,0.3558916706757908,5.075268817204301,cand_gcngru_recon,GCN+GRU (фикс. граф) + Реконструкция,fold1,3
1.5421285033226013,validation,2.0,0.1709796672828096,3,0.4444444444444444,9,4,-0.5,-1.5,9.7,0.5,0.3655238311482093,7.956989247311828,cand_gcngru_recon,GCN+GRU (фикс. граф) + Реконструкция,fold1,3
1.3366298079490662,validation,5.0,0.2532347504621072,3,0.5555555555555556,9,5,-1.0,-2.8,8.6,0.6,0.48341226615225946,11.78494623655914,cand_gcngru_recon,GCN+GRU (фикс. граф) + Реконструкция,fold1,3
0.8450307548046117,validation,10.0,0.41312384473197783,3,0.7777777777777778,9,7,-15.0,-9.428571428571429,-0.5999999999999996,0.8571428571428571,0.7777777777777778,19.225806451612904,cand_gcngru_recon,GCN+GRU (фикс. граф) + Реконструкция,fold1,3
0.4570360034704213,validation,20.0,0.4926062846580407,3,0.7777777777777778,9,7,-15.0,-13.428571428571429,-10.599999999999996,1.0,0.7777777777777778,22.9247311827957,cand_gcngru_recon,GCN+GRU (фикс. граф) + Реконструкция,fold1,3
2.3220933675766005,validation,0.25,0.09149722735674677,3,0.3333333333333333,9,3,2.0,-0.6666666666666666,9.200000000000001,0.3333333333333333,0.2792483340665861,4.258064516129032,cand_gatlstm_recon,GAT+LSTM (обуч. внимание) + Реконструкция,fold1,3
2.245628237724305,validation,0.5,0.10536044362292052,3,0.5555555555555556,9,5,2.0,3.6,16.400000000000002,0.2,0.4344539188434806,4.903225806451613,cand_gatlstm_recon,GAT+LSTM (обуч. внимание) + Реконструкция,fold1,3
2.10452711582184,validation,1.0,0.13401109057301294,3,0.5555555555555556,9,5,2.0,2.6,16.0,0.4,0.4376148084997448,6.236559139784946,cand_gatlstm_recon,GAT+LSTM (обуч. внимание) + Реконструкция,fold1,3
1.9402722716331486,validation,2.0,0.1876155268022181,3,0.5555555555555556,9,5,0.0,0.4,14.4,0.4,0.45500324855938995,8.731182795698924,cand_gatlstm_recon,GAT+LSTM (обуч. внимание) + Реконструкция,fold1,3
1.6664260029792792,validation,5.0,0.2929759704251386,3,0.6666666666666666,9,6,-12.0,-8.0,3.0,0.8333333333333334,0.635959402080021,13.634408602150538,cand_gatlstm_recon,GAT+LSTM (обуч. внимание) + Реконструкция,fold1,3
1.5179688334465031,validation,10.0,0.36506469500924216,3,0.6666666666666666,9,6,-14.5,-8.833333333333334,3.0,0.8333333333333334,0.635959402080021,16.989247311827956,cand_gatlstm_recon,GAT+LSTM (обуч. внимание) + Реконструкция,fold1,3
1.056749761104584,validation,20.0,0.5415896487985212,3,0.7777777777777778,9,7,-15.0,-13.142857142857142,-9.799999999999995,1.0,0.7777777777777778,25.204301075268816,cand_gatlstm_recon,GAT+LSTM (обуч. внимание) + Реконструкция,fold1,3
0.14424338191747665,validation,0.25,0.014787430683918669,3,0.3333333333333333,9,3,-6.0,-3.3333333333333335,6.000000000000001,0.6666666666666666,0.29552821726516076,0.6881720430107527,cand_gcngru_bigan,GCN+GRU (фикс. граф) + Критик BiGAN,fold1,3
0.1441498026251793,validation,0.5,0.021256931608133085,3,0.3333333333333333,9,3,-6.0,-3.6666666666666665,5.200000000000001,0.6666666666666666,0.29899515999820975,0.989247311827957,cand_gcngru_bigan,GCN+GRU (фикс. граф) + Критик BiGAN,fold1,3
0.14399714022874835,validation,1.0,0.02865064695009242,3,0.3333333333333333,9,3,-6.0,-3.6666666666666665,5.200000000000001,0.6666666666666666,0.29899515999820975,1.3333333333333333,cand_gcngru_bigan,GCN+GRU (фикс. граф) + Критик BiGAN,fold1,3
0.14365632086992267,validation,2.0,0.059149722735674676,3,0.4444444444444444,9,4,1.0,2.0,15.700000000000003,0.5,0.3451750431172535,2.752688172043011,cand_gcngru_bigan,GCN+GRU (фикс. граф) + Критик BiGAN,fold1,3
0.1432519182562828,validation,5.0,0.14972273567467653,3,0.7777777777777778,9,7,-8.0,-4.285714285714286,9.400000000000006,0.7142857142857143,0.6984632790408354,6.967741935483871,cand_gcngru_bigan,GCN+GRU (фикс. граф) + Критик BiGAN,fold1,3
0.14289391785860064,validation,10.0,0.25046210720887246,3,0.8888888888888888,9,8,-7.5,-4.5,11.099999999999998,0.75,0.7930194174824062,11.655913978494624,cand_gcngru_bigan,GCN+GRU (фикс. граф) + Критик BiGAN,fold1,3
0.14240505546331406,validation,20.0,0.44269870609981515,3,1.0,9,9,-13.0,-5.888888888888889,10.0,0.7777777777777778,0.9092667796440845,20.602150537634408,cand_gcngru_bigan,GCN+GRU (фикс. граф) + Критик BiGAN,fold1,3
-314.37623596191406,validation,0.25,0.021256931608133085,3,0.0,9,0,,,,0.0,0.0,0.989247311827957,cand_hypergraph_flow,Гиперграф+Bi-GLU + Плотность (flow),fold1,3
-314.4228363037109,validation,0.5,0.033271719038817,3,0.1111111111111111,9,1,16.0,16.0,16.0,0.0,0.05304675577280092,1.5483870967741935,cand_hypergraph_flow,Гиперграф+Bi-GLU + Плотность (flow),fold1,3
-314.47926330566406,validation,1.0,0.038817005545286505,3,0.1111111111111111,9,1,16.0,16.0,16.0,0.0,0.05304675577280092,1.8064516129032258,cand_hypergraph_flow,Гиперграф+Bi-GLU + Плотность (flow),fold1,3
-314.6260528564453,validation,2.0,0.08133086876155268,3,0.1111111111111111,9,1,12.0,12.0,12.0,0.0,0.06381657527761304,3.78494623655914,cand_hypergraph_flow,Гиперграф+Bi-GLU + Плотность (flow),fold1,3
-314.7897796630859,validation,5.0,0.24214417744916822,3,0.5555555555555556,9,5,-14.0,-7.6,3.8000000000000007,0.8,0.5248482909689098,11.268817204301076,cand_hypergraph_flow,Гиперграф+Bi-GLU + Плотность (flow),fold1,3
-314.82447814941406,validation,10.0,0.3521256931608133,3,0.6666666666666666,9,6,-15.0,-9.666666666666666,1.0,0.8333333333333334,0.6397620314728,16.387096774193548,cand_hypergraph_flow,Гиперграф+Bi-GLU + Плотность (flow),fold1,3
-314.8556671142578,validation,20.0,0.5693160813308688,3,0.7777777777777778,9,7,-15.0,-12.571428571428571,-8.199999999999994,0.8571428571428571,0.7679691653953574,26.49462365591398,cand_hypergraph_flow,Гиперграф+Bi-GLU + Плотность (flow),fold1,3
0.443223223090172,validation,0.25,0.02033271719038817,3,0.1111111111111111,9,1,14.0,14.0,14.0,0.0,0.058183006823368154,0.946236559139785,cand_gcngru_physics,GCN+GRU (фикс. граф) + Невязка LWR,fold1,3
0.4240238517522814,validation,0.5,0.024029574861367836,3,0.2222222222222222,9,2,-0.5,-0.5,11.100000000000001,0.5,0.16929411793447924,1.118279569892473,cand_gcngru_physics,GCN+GRU (фикс. граф) + Невязка LWR,fold1,3
0.3735158294439319,validation,1.0,0.048983364140480594,3,0.2222222222222222,9,2,-0.5,-0.5,11.100000000000001,0.5,0.16929411793447924,2.2795698924731185,cand_gcngru_physics,GCN+GRU (фикс. граф) + Невязка LWR,fold1,3
0.34060327708721194,validation,2.0,0.06931608133086876,3,0.2222222222222222,9,2,-0.5,-0.5,11.100000000000001,0.5,0.16929411793447924,3.225806451612903,cand_gcngru_physics,GCN+GRU (фикс. граф) + Невязка LWR,fold1,3
0.29266513884067574,validation,5.0,0.10351201478743069,3,0.3333333333333333,9,3,3.0,0.6666666666666666,11.8,0.3333333333333333,0.2660219583007153,4.817204301075269,cand_gcngru_physics,GCN+GRU (фикс. граф) + Невязка LWR,fold1,3
0.25134135782718675,validation,10.0,0.14695009242144177,3,0.6666666666666666,9,6,-3.0,0.3333333333333333,14.0,0.6666666666666666,0.5609347210941459,6.838709677419355,cand_gcngru_physics,GCN+GRU (фикс. граф) + Невязка LWR,fold1,3
0.19824444502592115,validation,20.0,0.2541589648798521,3,0.8888888888888888,9,8,-13.5,-6.0,13.3,0.75,0.7857843945841807,11.827956989247312,cand_gcngru_physics,GCN+GRU (фикс. граф) + Невязка LWR,fold1,3
3.132897257804871,validation,0.25,0.0018484288354898336,3,0.0,9,0,,,,0.0,0.0,0.08602150537634409,ctrl_random,Случайный score (контроль),fold1,4
3.0328496694564837,validation,0.5,0.011090573012939002,3,0.0,9,0,,,,0.0,0.0,0.5161290322580645,ctrl_random,Случайный score (контроль),fold1,4
2.964217782020571,validation,1.0,0.012939001848428836,3,0.2222222222222222,9,2,-4.0,-4.0,-4.0,1.0,0.2222222222222222,0.6021505376344086,ctrl_random,Случайный score (контроль),fold1,4
2.8496507406234755,validation,2.0,0.038817005545286505,3,0.6666666666666666,9,6,-6.0,-4.5,5.0,0.8333333333333334,0.6137385623789238,1.8064516129032258,ctrl_random,Случайный score (контроль),fold1,4
2.7181664705276494,validation,5.0,0.11645101663585952,3,1.0,9,9,-7.0,-3.111111111111111,12.600000000000001,0.6666666666666666,0.8907923851236058,5.419354838709677,ctrl_random,Случайный score (контроль),fold1,4
2.6258779764175433,validation,10.0,0.18484288354898337,3,1.0,9,9,-7.0,-7.555555555555555,-2.799999999999999,0.8888888888888888,0.9901913876175796,8.602150537634408,ctrl_random,Случайный score (контроль),fold1,4
2.522561430931092,validation,20.0,0.3391866913123845,3,1.0,9,9,-9.0,-9.666666666666666,-4.199999999999999,1.0,1.0,15.78494623655914,ctrl_random,Случайный score (контроль),fold1,4
19.19118213653565,validation,0.25,0.02033271719038817,3,0.0,9,0,,,,0.0,0.0,0.946236559139785,ctrl_untrained,GCN+GRU (фикс. граф) + Реконструкция [необучен],fold1,4
18.967694282531752,validation,0.5,0.024029574861367836,3,0.0,9,0,,,,0.0,0.0,1.118279569892473,ctrl_untrained,GCN+GRU (фикс. граф) + Реконструкция [необучен],fold1,4
18.680809974670424,validation,1.0,0.026802218114602587,3,0.0,9,0,,,,0.0,0.0,1.2473118279569892,ctrl_untrained,GCN+GRU (фикс. граф) + Реконструкция [необучен],fold1,4
16.545580863952637,validation,2.0,0.06469500924214418,3,0.1111111111111111,9,1,-15.0,-15.0,-15.0,1.0,0.1111111111111111,3.010752688172043,ctrl_untrained,GCN+GRU (фикс. граф) + Реконструкция [необучен],fold1,4
11.214383602142338,validation,5.0,0.25970425138632164,3,0.5555555555555556,9,5,5.0,0.6,14.0,0.4,0.42677718320052516,12.086021505376344,ctrl_untrained,GCN+GRU (фикс. граф) + Реконструкция [необучен],fold1,4
8.219102382659916,validation,10.0,0.4066543438077634,3,0.7777777777777778,9,7,-5.0,-3.5714285714285716,11.4,0.5714285714285714,0.6763982426775326,18.9247311827957,ctrl_untrained,GCN+GRU (фикс. граф) + Реконструкция [необучен],fold1,4
5.751579046249395,validation,20.0,0.49630314232902034,3,0.7777777777777778,9,7,-15.0,-13.0,-9.399999999999995,1.0,0.7777777777777778,23.096774193548388,ctrl_untrained,GCN+GRU (фикс. граф) + Реконструкция [необучен],fold1,4
4.357173681259155,validation,0.25,0.029574861367837338,3,0.1111111111111111,9,1,13.0,13.0,13.0,0.0,0.06093472109414588,1.3763440860215055,base_pca,PCA (линейная граница),fold1,4
3.9119051694870013,validation,0.5,0.036968576709796676,3,0.1111111111111111,9,1,12.0,12.0,12.0,0.0,0.06381657527761304,1.7204301075268817,base_pca,PCA (линейная граница),fold1,4
3.7648123502731323,validation,1.0,0.04251386321626617,3,0.1111111111111111,9,1,12.0,12.0,12.0,0.0,0.06381657527761304,1.978494623655914,base_pca,PCA (линейная граница),fold1,4
3.5454555749893193,validation,2.0,0.04621072088724584,3,0.1111111111111111,9,1,11.0,11.0,11.0,0.0,0.06683472422678426,2.150537634408602,base_pca,PCA (линейная граница),fold1,4
2.4801150560379064,validation,5.0,0.19593345656192238,3,0.3333333333333333,9,3,9.0,10.333333333333334,17.0,0.0,0.21621371852821836,9.118279569892474,base_pca,PCA (линейная граница),fold1,4
1.4136075377464326,validation,10.0,0.33548983364140483,3,0.6666666666666666,9,6,-5.5,-3.6666666666666665,9.5,0.6666666666666666,0.5923597662380876,15.612903225806452,base_pca,PCA (линейная граница),fold1,4
0.7802697718143481,validation,20.0,0.5489833641404805,3,0.7777777777777778,9,7,-15.0,-14.857142857142858,-14.6,1.0,0.7777777777777778,25.548387096774192,base_pca,PCA (линейная граница),fold1,4
1.247842133045212,validation,0.25,0.0027726432532347504,3,0.0,9,0,,,,0.0,0.0,0.12903225806451613,base_california,California алгоритм (AID),fold1,4
0.4844338744878875,validation,0.5,0.0036968576709796672,3,0.0,9,0,,,,0.0,0.0,0.17204301075268819,base_california,California алгоритм (AID),fold1,4
-0.07881397381424189,validation,1.0,0.036044362292051754,3,0.2222222222222222,9,2,-5.5,-5.5,0.5000000000000004,0.5,0.21241360983980184,1.6774193548387097,base_california,California алгоритм (AID),fold1,4
-0.18544857949017346,validation,2.0,0.08595194085027727,3,0.5555555555555556,9,5,2.0,-3.8,4.4,0.4,0.509033695596848,4.0,base_california,California алгоритм (AID),fold1,4
-0.3050265461206422,validation,5.0,0.16728280961182995,3,0.8888888888888888,9,8,-4.0,-1.875,11.3,0.5,0.7562024689430014,7.78494623655914,base_california,California алгоритм (AID),fold1,4
-0.4184504002332607,validation,10.0,0.33271719038817005,3,1.0,9,9,-13.0,-10.555555555555555,-3.1999999999999993,0.8888888888888888,1.0,15.483870967741936,base_california,California алгоритм (AID),fold1,4
-0.5291062295436756,validation,20.0,0.4824399260628466,3,1.0,9,9,-15.0,-11.777777777777779,-4.0,1.0,1.0,22.451612903225808,base_california,California алгоритм (AID),fold1,4
2.735160470008875,validation,0.25,0.009242144177449169,3,0.2222222222222222,9,2,-7.5,-7.5,-5.5,1.0,0.2222222222222222,0.43010752688172044,base_snd,Standard Normal Deviate (AID),fold1,4
2.2422240972519134,validation,0.5,0.01756007393715342,3,0.4444444444444444,9,4,-9.0,-9.5,-5.3,1.0,0.4444444444444444,0.8172043010752689,base_snd,Standard Normal Deviate (AID),fold1,4
2.119140982627904,validation,1.0,0.025878003696857672,3,0.4444444444444444,9,4,-9.0,-9.5,-5.3,1.0,0.4444444444444444,1.2043010752688172,base_snd,Standard Normal Deviate (AID),fold1,4
1.8123555779457377,validation,2.0,0.07208872458410351,3,0.6666666666666666,9,6,-5.5,-6.5,-0.5,0.8333333333333334,0.6479153217936431,3.3548387096774195,base_snd,Standard Normal Deviate (AID),fold1,4
1.603057682514244,validation,5.0,0.12199630314232902,3,0.7777777777777778,9,7,-11.0,-7.0,2.6000000000000068,0.8571428571428571,0.7248496734900348,5.67741935483871,base_snd,Standard Normal Deviate (AID),fold1,4
1.4270101189613418,validation,10.0,0.23290203327171904,3,0.7777777777777778,9,7,-11.0,-8.428571428571429,0.8000000000000078,0.8571428571428571,0.7248496734900348,10.838709677419354,base_snd,Standard Normal Deviate (AID),fold1,4
1.2758103013038697,validation,20.0,0.3724584103512015,3,0.8888888888888888,9,8,-13.0,-7.0,10.799999999999999,0.75,0.7955282172651609,17.333333333333332,base_snd,Standard Normal Deviate (AID),fold1,4
0.718550115823746,validation,0.25,0.02033271719038817,3,0.3333333333333333,9,3,-2.0,2.0,8.4,0.6666666666666666,0.2890569464490065,0.946236559139785,base_iforest,Isolation Forest,fold1,4
0.7090850174427035,validation,0.5,0.036044362292051754,3,0.3333333333333333,9,3,-2.0,2.0,8.4,0.6666666666666666,0.2890569464490065,1.6774193548387097,base_iforest,Isolation Forest,fold1,4
0.7028994262218475,validation,1.0,0.048983364140480594,3,0.4444444444444444,9,4,4.0,4.5,13.100000000000001,0.5,0.3472399532723746,2.2795698924731185,base_iforest,Isolation Forest,fold1,4
0.6957509815692904,validation,2.0,0.09611829944547134,3,0.6666666666666666,9,6,-4.5,-1.8333333333333333,11.5,0.6666666666666666,0.5759334463107512,4.473118279569892,base_iforest,Isolation Forest,fold1,4
0.6830272376537323,validation,5.0,0.20425138632162662,3,0.6666666666666666,9,6,-9.0,-6.666666666666667,2.5,0.8333333333333334,0.6288615505984941,9.505376344086022,base_iforest,Isolation Forest,fold1,4
0.6591592133045199,validation,10.0,0.3456561922365989,3,0.7777777777777778,9,7,-13.0,-6.714285714285714,6.800000000000001,0.7142857142857143,0.7165349692487876,16.086021505376344,base_iforest,Isolation Forest,fold1,4
0.6183272898197176,validation,20.0,0.48428835489833644,3,0.7777777777777778,9,7,-15.0,-13.285714285714286,-9.599999999999998,1.0,0.7777777777777778,22.537634408602152,base_iforest,Isolation Forest,fold1,4
0.003331079962663356,validation,0.25,0.03789279112754159,3,0.1111111111111111,9,1,17.0,17.0,17.0,0.0,0.050651249364345376,1.7634408602150538,deep_transformer_contrastive,Transformer (без графа) + Контрастив,fold1,4
0.0029911539750173705,validation,0.5,0.053604436229205174,3,0.2222222222222222,9,2,12.5,12.5,12.9,0.0,0.12475129637175891,2.4946236559139785,deep_transformer_contrastive,Transformer (без графа) + Контрастив,fold1,4
0.0026937265647575277,validation,1.0,0.066543438077634,3,0.2222222222222222,9,2,12.5,12.5,12.9,0.0,0.12475129637175891,3.096774193548387,deep_transformer_contrastive,Transformer (без графа) + Контрастив,fold1,4
0.0022826999193057435,validation,2.0,0.16358595194085027,3,0.2222222222222222,9,2,12.0,12.0,12.8,0.0,0.12776944532093015,7.612903225806452,deep_transformer_contrastive,Transformer (без графа) + Контрастив,fold1,4
0.0019975967006757873,validation,5.0,0.19316081330868762,3,0.3333333333333333,9,3,9.0,2.3333333333333335,12.2,0.3333333333333333,0.24535182724819554,8.989247311827956,deep_transformer_contrastive,Transformer (без графа) + Контрастив,fold1,4
0.0016941696521826114,validation,10.0,0.22735674676524953,3,0.4444444444444444,9,4,-3.0,-2.5,10.100000000000001,0.5,0.365829884224994,10.580645161290322,deep_transformer_contrastive,Transformer (без графа) + Контрастив,fold1,4
0.0008828087884467117,validation,20.0,0.39648798521256934,3,0.4444444444444444,9,4,-15.0,-9.0,1.8000000000000043,0.75,0.4066393283762719,18.451612903225808,deep_transformer_contrastive,Transformer (без графа) + Контрастив,fold1,4
1.9459242224693298,validation,0.25,0.04251386321626617,3,0.3333333333333333,9,3,11.0,5.0,17.4,0.3333333333333333,0.22412571845693913,1.978494623655914,cand_gcngru_recon,GCN+GRU (фикс. граф) + Реконструкция,fold1,4
1.8330553174018873,validation,0.5,0.06007393715341959,3,0.4444444444444444,9,4,12.0,7.0,17.200000000000003,0.25,0.285060439551085,2.795698924731183,cand_gcngru_recon,GCN+GRU (фикс. граф) + Реконструкция,fold1,4
1.6860620379447941,validation,1.0,0.09149722735674677,3,0.4444444444444444,9,4,7.0,2.5,11.0,0.25,0.3415083999309157,4.258064516129032,cand_gcngru_recon,GCN+GRU (фикс. граф) + Реконструкция,fold1,4
1.5367791056632996,validation,2.0,0.13955637707948243,3,0.4444444444444444,9,4,5.0,1.25,10.0,0.25,0.3622134499883193,6.494623655913978,cand_gcngru_recon,GCN+GRU (фикс. граф) + Реконструкция,fold1,4
1.3404139876365666,validation,5.0,0.2255083179297597,3,0.4444444444444444,9,4,-6.5,-4.75,6.900000000000001,0.5,0.39683071599385156,10.494623655913978,cand_gcngru_recon,GCN+GRU (фикс. граф) + Реконструкция,fold1,4
0.8218308985233322,validation,10.0,0.40573012939001846,3,0.7777777777777778,9,7,-15.0,-9.857142857142858,-2.799999999999999,1.0,0.7777777777777778,18.881720430107528,cand_gcngru_recon,GCN+GRU (фикс. граф) + Реконструкция,fold1,4
0.44442765414714835,validation,20.0,0.49353049907578556,3,0.7777777777777778,9,7,-15.0,-13.428571428571429,-10.599999999999996,1.0,0.7777777777777778,22.967741935483872,cand_gcngru_recon,GCN+GRU (фикс. граф) + Реконструкция,fold1,4
2.3075574636459364,validation,0.25,0.1423290203327172,3,0.5555555555555556,9,5,4.0,3.0,13.4,0.2,0.43697226824264956,6.623655913978495,cand_gatlstm_recon,GAT+LSTM (обуч. внимание) + Реконструкция,fold1,4
2.1446708440780657,validation,0.5,0.19316081330868762,3,0.5555555555555556,9,5,0.0,-0.2,12.8,0.4,0.45835106438348583,8.989247311827956,cand_gatlstm_recon,GAT+LSTM (обуч. внимание) + Реконструкция,fold1,4
2.037026762962343,validation,1.0,0.23105360443622922,3,0.5555555555555556,9,5,0.0,-0.2,12.8,0.4,0.45835106438348583,10.75268817204301,cand_gatlstm_recon,GAT+LSTM (обуч. внимание) + Реконструкция,fold1,4
1.926072299480439,validation,2.0,0.2680221811460259,3,0.5555555555555556,9,5,-1.0,-1.4,11.200000000000001,0.6,0.4719201866811669,12.473118279569892,cand_gatlstm_recon,GAT+LSTM (обуч. внимание) + Реконструкция,fold1,4
1.6668217778205894,validation,5.0,0.33548983364140483,3,0.5555555555555556,9,5,-15.0,-7.8,3.8000000000000007,0.8,0.5248482909689098,15.612903225806452,cand_gatlstm_recon,GAT+LSTM (обуч. внимание) + Реконструкция,fold1,4
1.4316552281379717,validation,10.0,0.38170055452865065,3,0.6666666666666666,9,6,-15.0,-9.0,3.0,0.8333333333333334,0.635959402080021,17.763440860215052,cand_gatlstm_recon,GAT+LSTM (обуч. внимание) + Реконструкция,fold1,4
0.9381937086582186,validation,20.0,0.5101663585951941,3,0.7777777777777778,9,7,-15.0,-15.0,-15.0,1.0,0.7777777777777778,23.741935483870968,cand_gatlstm_recon,GAT+LSTM (обуч. внимание) + Реконструкция,fold1,4
0.1993483677506447,validation,0.25,0.036044362292051754,3,0.2222222222222222,9,2,8.5,8.5,10.5,0.0,0.15104120014402858,1.6774193548387097,cand_gcngru_bigan,GCN+GRU (фикс. граф) + Критик BiGAN,fold1,4
0.19906055182218552,validation,0.5,0.06099815157116451,3,0.5555555555555556,9,5,5.0,2.6,11.6,0.4,0.4410624690581862,2.838709677419355,cand_gcngru_bigan,GCN+GRU (фикс. граф) + Критик BiGAN,fold1,4
0.19848018139600754,validation,1.0,0.10258780036968576,3,0.6666666666666666,9,6,-1.5,-1.0,11.5,0.5,0.5652871315664214,4.774193548387097,cand_gcngru_bigan,GCN+GRU (фикс. граф) + Критик BiGAN,fold1,4
0.19812539964914325,validation,2.0,0.1598890942698706,3,0.6666666666666666,9,6,-3.0,-2.1666666666666665,11.0,0.6666666666666666,0.578113892898013,7.440860215053763,cand_gcngru_bigan,GCN+GRU (фикс. граф) + Критик BiGAN,fold1,4
0.19756820052862167,validation,5.0,0.24214417744916822,3,0.7777777777777778,9,7,-7.0,-4.428571428571429,11.0,0.7142857142857143,0.6892250040091241,11.268817204301076,cand_gcngru_bigan,GCN+GRU (фикс. граф) + Критик BiGAN,fold1,4
0.19683926552534103,validation,10.0,0.3419593345656192,3,0.7777777777777778,9,7,-15.0,-9.285714285714286,0.4000000000000057,0.8571428571428571,0.7366622805497153,15.913978494623656,cand_gcngru_bigan,GCN+GRU (фикс. граф) + Критик BiGAN,fold1,4
0.19571032375097275,validation,20.0,0.4852125693160813,3,0.7777777777777778,9,7,-15.0,-11.428571428571429,-4.999999999999991,0.8571428571428571,0.7366622805497153,22.580645161290324,cand_gcngru_bigan,GCN+GRU (фикс. граф) + Критик BiGAN,fold1,4
-314.7914886474609,validation,0.25,0.012014787430683918,3,0.1111111111111111,9,1,16.0,16.0,16.0,0.0,0.05304675577280092,0.5591397849462365,cand_hypergraph_flow,Гиперграф+Bi-GLU + Плотность (flow),fold1,4
-314.82521057128906,validation,0.5,0.013863216266173753,3,0.1111111111111111,9,1,16.0,16.0,16.0,0.0,0.05304675577280092,0.6451612903225806,cand_hypergraph_flow,Гиперграф+Bi-GLU + Плотность (flow),fold1,4
-314.8964385986328,validation,1.0,0.03512014787430684,3,0.1111111111111111,9,1,16.0,16.0,16.0,0.0,0.05304675577280092,1.6344086021505377,cand_hypergraph_flow,Гиперграф+Bi-GLU + Плотность (flow),fold1,4
-315.0596771240234,validation,2.0,0.07301293900184842,3,0.1111111111111111,9,1,12.0,12.0,12.0,0.0,0.06381657527761304,3.3978494623655915,cand_hypergraph_flow,Гиперграф+Bi-GLU + Плотность (flow),fold1,4
-315.2281036376953,validation,5.0,0.2356746765249538,3,0.5555555555555556,9,5,-14.0,-7.8,3.400000000000001,0.8,0.5248482909689098,10.96774193548387,cand_hypergraph_flow,Гиперграф+Bi-GLU + Плотность (flow),fold1,4
-315.2650909423828,validation,10.0,0.3613678373382625,3,0.7777777777777778,9,7,-4.0,-5.714285714285714,5.000000000000002,0.7142857142857143,0.7290563336977791,16.817204301075268,cand_hypergraph_flow,Гиперграф+Bi-GLU + Плотность (flow),fold1,4
-315.2854766845703,validation,20.0,0.5628465804066544,3,0.7777777777777778,9,7,-15.0,-15.0,-15.0,1.0,0.7777777777777778,26.193548387096776,cand_hypergraph_flow,Гиперграф+Bi-GLU + Плотность (flow),fold1,4
0.5012421309947968,validation,0.25,0.014787430683918669,3,0.1111111111111111,9,1,15.0,15.0,15.0,0.0,0.05555555555555555,0.6881720430107527,cand_gcngru_physics,GCN+GRU (фикс. граф) + Невязка LWR,fold1,4
0.4486559480428698,validation,0.5,0.02033271719038817,3,0.1111111111111111,9,1,15.0,15.0,15.0,0.0,0.05555555555555555,0.946236559139785,cand_gcngru_physics,GCN+GRU (фикс. граф) + Невязка LWR,fold1,4
0.37196998298168205,validation,1.0,0.04621072088724584,3,0.2222222222222222,9,2,0.5,0.5,12.100000000000001,0.5,0.16666666666666666,2.150537634408602,cand_gcngru_physics,GCN+GRU (фикс. граф) + Невязка LWR,fold1,4
0.32735453546047233,validation,2.0,0.07024029574861368,3,0.3333333333333333,9,3,3.0,1.0,12.600000000000001,0.3333333333333333,0.2633945070329027,3.2688172043010755,cand_gcngru_physics,GCN+GRU (фикс. граф) + Невязка LWR,fold1,4
0.27038554847240465,validation,5.0,0.12939001848428835,3,0.4444444444444444,9,4,-7.5,-4.0,8.600000000000003,0.75,0.39151634015670145,6.021505376344086,cand_gcngru_physics,GCN+GRU (фикс. граф) + Невязка LWR,fold1,4
0.2326602861285214,validation,10.0,0.16820702402957485,3,0.7777777777777778,9,7,-6.0,-2.857142857142857,14.4,0.7142857142857143,0.6692941179344793,7.827956989247312,cand_gcngru_physics,GCN+GRU (фикс. граф) + Невязка LWR,fold1,4
0.19509156793355942,validation,20.0,0.2874306839186691,3,1.0,9,9,-11.0,-2.888888888888889,14.2,0.5555555555555556,0.8442218043232034,13.376344086021506,cand_gcngru_physics,GCN+GRU (фикс. граф) + Невязка LWR,fold1,4
3.140965819358827,validation,0.25,0.0041797283176593526,3,0.0,14,0,,,,0.0,0.0,0.17204301075268819,ctrl_random,Случайный score (контроль),fold2,0
3.091384053230286,validation,0.5,0.006269592476489028,3,0.0,14,0,,,,0.0,0.0,0.25806451612903225,ctrl_random,Случайный score (контроль),fold2,0
2.9672404527664193,validation,1.0,0.01671891327063741,3,0.2857142857142857,14,4,0.0,0.0,6.500000000000001,0.5,0.2543933573771437,0.6881720430107527,ctrl_random,Случайный score (контроль),fold2,0
2.8952828645706186,validation,2.0,0.02821316614420063,3,0.42857142857142855,14,6,-1.0,-0.16666666666666666,7.0,0.5,0.3799546633239436,1.1612903225806452,ctrl_random,Случайный score (контроль),fold2,0
2.7691658735275277,validation,5.0,0.09090909090909091,3,0.7857142857142857,14,11,4.0,3.1818181818181817,13.0,0.36363636363636365,0.6206416998639445,3.7419354838709675,ctrl_random,Случайный score (контроль),fold2,0
2.6332758665084848,validation,10.0,0.180773249738767,3,1.0,14,14,-3.5,-3.2142857142857144,10.200000000000006,0.6428571428571429,0.9133606474760095,7.440860215053763,ctrl_random,Случайный score (контроль),fold2,0
2.491419672966004,validation,20.0,0.38035527690700105,3,1.0,14,14,-10.5,-7.357142857142857,-0.5999999999999979,0.8571428571428571,0.9659747901007367,15.655913978494624,ctrl_random,Случайный score (контроль),fold2,0
21.090176582336433,validation,0.25,0.0010449320794148381,3,0.07142857142857142,14,1,-11.0,-11.0,-11.0,1.0,0.07142857142857142,0.043010752688172046,ctrl_untrained,GCN+GRU (фикс. граф) + Реконструкция [необучен],fold2,0
20.73675441741944,validation,0.5,0.003134796238244514,3,0.07142857142857142,14,1,-11.0,-11.0,-11.0,1.0,0.07142857142857142,0.12903225806451613,ctrl_untrained,GCN+GRU (фикс. граф) + Реконструкция [необучен],fold2,0
20.0736131668091,validation,1.0,0.008359456635318705,3,0.07142857142857142,14,1,-12.0,-12.0,-12.0,1.0,0.07142857142857142,0.34408602150537637,ctrl_untrained,GCN+GRU (фикс. граф) + Реконструкция [необучен],fold2,0
18.652335166931156,validation,2.0,0.02089864158829676,3,0.07142857142857142,14,1,-15.0,-15.0,-15.0,1.0,0.07142857142857142,0.8602150537634409,ctrl_untrained,GCN+GRU (фикс. граф) + Реконструкция [необучен],fold2,0
15.292655467987071,validation,5.0,0.06060606060606061,3,0.2857142857142857,14,4,9.0,5.25,16.8,0.25,0.19929715994294023,2.4946236559139785,ctrl_untrained,GCN+GRU (фикс. граф) + Реконструкция [необучен],fold2,0
12.783556461334232,validation,10.0,0.09090909090909091,3,0.35714285714285715,14,5,-7.0,-5.4,2.000000000000001,0.8,0.33984702023251423,3.7419354838709675,ctrl_untrained,GCN+GRU (фикс. граф) + Реконструкция [необучен],fold2,0
9.820067882537842,validation,20.0,0.15778474399164055,3,0.35714285714285715,14,5,-7.0,-8.0,-0.5999999999999992,0.8,0.34789646880686603,6.494623655913978,ctrl_untrained,GCN+GRU (фикс. граф) + Реконструкция [необучен],fold2,0
6.883805513381965,validation,0.25,0.006269592476489028,3,0.07142857142857142,14,1,-15.0,-15.0,-15.0,1.0,0.07142857142857142,0.25806451612903225,base_pca,PCA (линейная граница),fold2,0
6.789358377456671,validation,0.5,0.0073145245559038665,3,0.07142857142857142,14,1,-15.0,-15.0,-15.0,1.0,0.07142857142857142,0.3010752688172043,base_pca,PCA (линейная граница),fold2,0
5.925793886184699,validation,1.0,0.01044932079414838,3,0.21428571428571427,14,3,-11.0,-2.6666666666666665,12.200000000000001,0.6666666666666666,0.17394823440343302,0.43010752688172044,base_pca,PCA (линейная граница),fold2,0
5.372592210769657,validation,2.0,0.013584117032392894,3,0.21428571428571427,14,3,-12.0,-3.3333333333333335,11.200000000000001,0.6666666666666666,0.17541866030565062,0.5591397849462365,base_pca,PCA (линейная граница),fold2,0
3.203830599784851,validation,5.0,0.04075235109717868,3,0.21428571428571427,14,3,-15.0,-6.333333333333333,5.800000000000001,0.6666666666666666,0.18582232271721846,1.6774193548387097,base_pca,PCA (линейная граница),fold2,0
2.5295943021774354,validation,10.0,0.08463949843260188,3,0.21428571428571427,14,3,-15.0,-8.0,1.8000000000000007,0.6666666666666666,0.19698987737537135,3.4838709677419355,base_pca,PCA (линейная граница),fold2,0
1.5119367241859472,validation,20.0,0.19435736677115986,3,0.5,14,7,-6.0,-8.571428571428571,-2.1999999999999993,1.0,0.5,8.0,base_pca,PCA (линейная граница),fold2,0
1.2573580145835965,validation,0.25,0.003134796238244514,3,0.0,14,0,,,,0.0,0.0,0.12903225806451613,base_california,California алгоритм (AID),fold2,0
0.5722405016422323,validation,0.5,0.011494252873563218,3,0.0,14,0,,,,0.0,0.0,0.4731182795698925,base_california,California алгоритм (AID),fold2,0
0.03676907159388153,validation,1.0,0.03761755485893417,3,0.0,14,0,,,,0.0,0.0,1.5483870967741935,base_california,California алгоритм (AID),fold2,0
-0.05092523805796185,validation,2.0,0.04911180773249739,3,0.14285714285714285,14,2,-3.0,-3.0,-1.4,1.0,0.14285714285714285,2.021505376344086,base_california,California алгоритм (AID),fold2,0
-0.18176629394291702,validation,5.0,0.07836990595611286,3,0.35714285714285715,14,5,-3.0,-3.2,3.6,0.6,0.33584203281706515,3.225806451612903,base_california,California алгоритм (AID),fold2,0
-0.3122669607400862,validation,10.0,0.17345872518286312,3,0.7142857142857143,14,10,-3.5,-5.0,3.0999999999999996,0.7,0.6929848899599224,7.139784946236559,base_california,California алгоритм (AID),fold2,0
-0.4028952270746203,validation,20.0,0.25391849529780564,3,0.8571428571428571,14,12,-6.0,-5.083333333333333,0.9000000000000004,0.75,0.8108351333501762,10.451612903225806,base_california,California алгоритм (AID),fold2,0
2.147168517112809,validation,0.25,0.030303030303030304,3,0.35714285714285715,14,5,-5.0,-4.2,4.2,0.6,0.3331607920914446,1.2473118279569892,base_snd,Standard Normal Deviate (AID),fold2,0
2.017633795738279,validation,0.5,0.04493207941483804,3,0.5714285714285714,14,8,-5.0,-3.25,8.299999999999997,0.625,0.5101194208025309,1.8494623655913978,base_snd,Standard Normal Deviate (AID),fold2,0
1.9260694384575374,validation,1.0,0.06165099268547544,3,0.5714285714285714,14,8,-5.5,-4.375,5.8999999999999995,0.625,0.525371966376008,2.5376344086021505,base_snd,Standard Normal Deviate (AID),fold2,0
1.7739369273185934,validation,2.0,0.0877742946708464,3,0.6428571428571429,14,9,-5.0,-2.0,8.800000000000002,0.5555555555555556,0.5611783575490116,3.6129032258064515,base_snd,Standard Normal Deviate (AID),fold2,0
1.5919951796531846,validation,5.0,0.11598746081504702,3,0.7142857142857143,14,10,-5.5,-4.1,4.6999999999999975,0.6,0.6645214983914265,4.774193548387097,base_snd,Standard Normal Deviate (AID),fold2,0
1.4384240508079853,validation,10.0,0.2089864158829676,3,0.8571428571428571,14,12,-5.5,-6.083333333333333,1.8000000000000007,0.75,0.8387828846215004,8.602150537634408,base_snd,Standard Normal Deviate (AID),fold2,0
1.2739422917366343,validation,20.0,0.3667711598746082,3,0.9285714285714286,14,13,-6.0,-7.923076923076923,-1.1999999999999993,0.9230769230769231,0.9222658920398726,15.096774193548388,base_snd,Standard Normal Deviate (AID),fold2,0
0.7117991745471957,validation,0.25,0.022988505747126436,3,0.35714285714285715,14,5,1.0,1.0,13.600000000000001,0.4,0.2901587807723615,0.946236559139785,base_iforest,Isolation Forest,fold2,0
0.7092020809650423,validation,0.5,0.025078369905956112,3,0.42857142857142855,14,6,-2.5,-0.16666666666666666,13.0,0.5,0.36158735220093297,1.032258064516129,base_iforest,Isolation Forest,fold2,0
0.7066637575626376,validation,1.0,0.03970741901776385,3,0.42857142857142855,14,6,-2.5,-0.5,12.0,0.5,0.3659442032749652,1.6344086021505377,base_iforest,Isolation Forest,fold2,0
0.7009178698062899,validation,2.0,0.0741901776384535,3,0.42857142857142855,14,6,-4.0,-2.0,9.0,0.6666666666666666,0.3800654974950946,3.053763440860215,base_iforest,Isolation Forest,fold2,0
0.6903927624225619,validation,5.0,0.11180773249738767,3,0.42857142857142855,14,6,-5.5,-3.5,6.5,0.6666666666666666,0.39176121185485624,4.602150537634409,base_iforest,Isolation Forest,fold2,0
0.6789930164813998,validation,10.0,0.15987460815047022,3,0.5,14,7,-4.0,-3.2857142857142856,5.4,0.5714285714285714,0.46166294984267964,6.580645161290323,base_iforest,Isolation Forest,fold2,0
0.6463806331157684,validation,20.0,0.2946708463949843,3,0.7857142857142857,14,11,-5.0,-2.3636363636363638,16.0,0.6363636363636364,0.6704811805432046,12.129032258064516,base_iforest,Isolation Forest,fold2,0
0.003825184539891781,validation,0.25,0.0,3,0.0,14,0,,,,0.0,0.0,0.0,deep_transformer_contrastive,Transformer (без графа) + Контрастив,fold2,0
0.003817673423327509,validation,0.5,0.0,3,0.0,14,0,,,,0.0,0.0,0.0,deep_transformer_contrastive,Transformer (без графа) + Контрастив,fold2,0
0.0037806354230269807,validation,1.0,0.0,3,0.0,14,0,,,,0.0,0.0,0.0,deep_transformer_contrastive,Transformer (без графа) + Контрастив,fold2,0
0.003643318428657949,validation,2.0,0.0,3,0.0,14,0,,,,0.0,0.0,0.0,deep_transformer_contrastive,Transformer (без графа) + Контрастив,fold2,0
0.0034485309151932615,validation,5.0,0.0,3,0.0,14,0,,,,0.0,0.0,0.0,deep_transformer_contrastive,Transformer (без графа) + Контрастив,fold2,0
0.001685772149357946,validation,10.0,0.0010449320794148381,3,0.0,14,0,,,,0.0,0.0,0.043010752688172046,deep_transformer_contrastive,Transformer (без графа) + Контрастив,fold2,0
0.001081328198779378,validation,20.0,0.029258098223615466,3,0.07142857142857142,14,1,-15.0,-15.0,-15.0,1.0,0.07142857142857142,1.2043010752688172,deep_transformer_contrastive,Transformer (без графа) + Контрастив,fold2,0
2.5393503904342656,validation,0.25,0.0,3,0.0,14,0,,,,0.0,0.0,0.0,cand_gcngru_recon,GCN+GRU (фикс. граф) + Реконструкция,fold2,0
2.3451207876205458,validation,0.5,0.0010449320794148381,3,0.07142857142857142,14,1,7.0,7.0,7.0,0.0,0.051688187051442076,0.043010752688172046,cand_gcngru_recon,GCN+GRU (фикс. граф) + Реконструкция,fold2,0
2.1896718740463266,validation,1.0,0.00522466039707419,3,0.07142857142857142,14,1,7.0,7.0,7.0,0.0,0.051688187051442076,0.21505376344086022,cand_gcngru_recon,GCN+GRU (фикс. граф) + Реконструкция,fold2,0
2.021966814994814,validation,2.0,0.008359456635318705,3,0.14285714285714285,14,2,8.5,8.5,10.5,0.0,0.09709791437830409,0.34408602150537637,cand_gcngru_recon,GCN+GRU (фикс. граф) + Реконструкция,fold2,0
1.671869933605194,validation,5.0,0.06165099268547544,3,0.2857142857142857,14,4,6.0,8.0,14.000000000000002,0.0,0.2031247823056801,2.5376344086021505,cand_gcngru_recon,GCN+GRU (фикс. граф) + Реконструкция,fold2,0
1.4528072476387044,validation,10.0,0.11076280041797283,3,0.35714285714285715,14,5,3.0,-0.6,8.0,0.4,0.30672940101626145,4.559139784946237,cand_gcngru_recon,GCN+GRU (фикс. граф) + Реконструкция,fold2,0
1.0458484292030346,validation,20.0,0.22988505747126436,3,0.5,14,7,-6.0,-6.857142857142857,0.40000000000000036,0.7142857142857143,0.49677440027931546,9.46236559139785,cand_gcngru_recon,GCN+GRU (фикс. граф) + Реконструкция,fold2,0
3.1961687803268446,validation,0.25,0.0020898641588296763,3,0.07142857142857142,14,1,-13.0,-13.0,-13.0,1.0,0.07142857142857142,0.08602150537634409,cand_gatlstm_recon,GAT+LSTM (обуч. внимание) + Реконструкция,fold2,0
2.9540919065475464,validation,0.5,0.008359456635318705,3,0.07142857142857142,14,1,-14.0,-14.0,-14.0,1.0,0.07142857142857142,0.34408602150537637,cand_gatlstm_recon,GAT+LSTM (обуч. внимание) + Реконструкция,fold2,0
2.8298677206039438,validation,1.0,0.01567398119122257,3,0.07142857142857142,14,1,-14.0,-14.0,-14.0,1.0,0.07142857142857142,0.6451612903225806,cand_gatlstm_recon,GAT+LSTM (обуч. внимание) + Реконструкция,fold2,0
2.5040937662124643,validation,2.0,0.038662486938349006,3,0.14285714285714285,14,2,-1.5,-1.5,8.5,0.5,0.11439375128864702,1.5913978494623655,cand_gatlstm_recon,GAT+LSTM (обуч. внимание) + Реконструкция,fold2,0
2.326864123344423,validation,5.0,0.05747126436781609,3,0.21428571428571427,14,3,5.0,0.6666666666666666,9.8,0.3333333333333333,0.17108664600179702,2.3655913978494625,cand_gatlstm_recon,GAT+LSTM (обуч. внимание) + Реконструкция,fold2,0
1.9593791365623476,validation,10.0,0.11703239289446186,3,0.42857142857142855,14,6,3.0,2.6666666666666665,12.0,0.16666666666666666,0.3461785959720326,4.817204301075269,cand_gatlstm_recon,GAT+LSTM (обуч. внимание) + Реконструкция,fold2,0
1.5582424998283406,validation,20.0,0.18808777429467086,3,0.6428571428571429,14,9,-6.0,-2.888888888888889,7.800000000000001,0.6666666666666666,0.5773575300011747,7.741935483870968,cand_gatlstm_recon,GAT+LSTM (обуч. внимание) + Реконструкция,fold2,0
0.2945729643106461,validation,0.25,0.0010449320794148381,3,0.14285714285714285,14,2,-6.5,-6.5,0.30000000000000027,0.5,0.1365516063255869,0.043010752688172046,cand_gcngru_bigan,GCN+GRU (фикс. граф) + Критик BiGAN,fold2,0
0.2944484502077103,validation,0.5,0.0041797283176593526,3,0.21428571428571427,14,3,2.0,2.0,15.600000000000001,0.3333333333333333,0.1662386740449722,0.17204301075268819,cand_gcngru_bigan,GCN+GRU (фикс. граф) + Критик BiGAN,fold2,0
0.2943088859319687,validation,1.0,0.01567398119122257,3,0.21428571428571427,14,3,2.0,2.0,15.600000000000001,0.3333333333333333,0.1662386740449722,0.6451612903225806,cand_gcngru_bigan,GCN+GRU (фикс. граф) + Критик BiGAN,fold2,0
0.2942276149988175,validation,2.0,0.022988505747126436,3,0.35714285714285715,14,5,2.0,5.0,19.6,0.4,0.2660136928301186,0.946236559139785,cand_gcngru_bigan,GCN+GRU (фикс. граф) + Критик BiGAN,fold2,0
0.29398120939731603,validation,5.0,0.06374085684430512,3,0.42857142857142855,14,6,-4.0,0.3333333333333333,16.0,0.6666666666666666,0.3545736741370505,2.6236559139784945,cand_gcngru_bigan,GCN+GRU (фикс. граф) + Критик BiGAN,fold2,0
0.2936317175626755,validation,10.0,0.1180773249738767,3,0.42857142857142855,14,6,-4.5,-1.5,11.0,0.6666666666666666,0.3720118889452686,4.860215053763441,cand_gcngru_bigan,GCN+GRU (фикс. граф) + Критик BiGAN,fold2,0
0.2929408997297287,validation,20.0,0.24033437826541273,3,0.5,14,7,-7.0,-6.571428571428571,0.800000000000006,0.8571428571428571,0.4715366084315042,9.89247311827957,cand_gcngru_bigan,GCN+GRU (фикс. граф) + Критик BiGAN,fold2,0
-315.60221862792963,validation,0.25,0.0,3,0.0,14,0,,,,0.0,0.0,0.0,cand_hypergraph_flow,Гиперграф+Bi-GLU + Плотность (flow),fold2,0
-315.6444854736328,validation,0.5,0.0010449320794148381,3,0.0,14,0,,,,0.0,0.0,0.043010752688172046,cand_hypergraph_flow,Гиперграф+Bi-GLU + Плотность (flow),fold2,0
-315.6540374755859,validation,1.0,0.0041797283176593526,3,0.0,14,0,,,,0.0,0.0,0.17204301075268819,cand_hypergraph_flow,Гиперграф+Bi-GLU + Плотность (flow),fold2,0
-315.6909942626953,validation,2.0,0.01044932079414838,3,0.14285714285714285,14,2,-4.5,-4.5,3.9000000000000004,0.5,0.12556130594679993,0.43010752688172044,cand_hypergraph_flow,Гиперграф+Bi-GLU + Плотность (flow),fold2,0
-315.72575378417963,validation,5.0,0.030303030303030304,3,0.2857142857142857,14,4,-8.5,-6.5,2.700000000000002,0.75,0.2684184488039428,1.2473118279569892,cand_hypergraph_flow,Гиперграф+Bi-GLU + Плотность (flow),fold2,0
-315.7527923583984,validation,10.0,0.07628004179728318,3,0.5,14,7,-5.0,-3.7142857142857144,5.600000000000003,0.7142857142857143,0.4652310718999483,3.139784946236559,cand_hypergraph_flow,Гиперграф+Bi-GLU + Плотность (flow),fold2,0
-315.78504943847656,validation,20.0,0.2006269592476489,3,0.5714285714285714,14,8,-6.5,-6.5,2.1999999999999993,0.75,0.5534672949924654,8.258064516129032,cand_hypergraph_flow,Гиперграф+Bi-GLU + Плотность (flow),fold2,0
0.355453357100487,validation,0.25,0.0,3,0.0,14,0,,,,0.0,0.0,0.0,cand_gcngru_physics,GCN+GRU (фикс. граф) + Невязка LWR,fold2,0
0.27486608922481576,validation,0.5,0.0,3,0.0,14,0,,,,0.0,0.0,0.0,cand_gcngru_physics,GCN+GRU (фикс. граф) + Невязка LWR,fold2,0
0.17979466170072564,validation,1.0,0.012539184952978056,3,0.14285714285714285,14,2,15.0,15.0,16.6,0.0,0.07173383815188725,0.5161290322580645,cand_gcngru_physics,GCN+GRU (фикс. граф) + Невязка LWR,fold2,0
0.15823601931333553,validation,2.0,0.019853709508881923,3,0.14285714285714285,14,2,-0.5,-0.5,10.3,0.5,0.11060089213195091,0.8172043010752689,cand_gcngru_physics,GCN+GRU (фикс. граф) + Невязка LWR,fold2,0
0.11187611147761359,validation,5.0,0.07732497387669801,3,0.35714285714285715,14,5,-12.0,-3.8,12.400000000000002,0.6,0.304750941270775,3.182795698924731,cand_gcngru_physics,GCN+GRU (фикс. граф) + Невязка LWR,fold2,0
0.09192955121397997,validation,10.0,0.13479623824451412,3,0.42857142857142855,14,6,-8.5,-4.333333333333333,10.5,0.6666666666666666,0.37898756035315617,5.548387096774194,cand_gcngru_physics,GCN+GRU (фикс. граф) + Невязка LWR,fold2,0
0.07145928964018833,validation,20.0,0.30929989550679204,3,0.7142857142857143,14,10,-6.5,-3.8,11.2,0.7,0.6443196836560353,12.731182795698924,cand_gcngru_physics,GCN+GRU (фикс. граф) + Невязка LWR,fold2,0
3.016839861869813,validation,0.25,0.018808777429467086,3,0.35714285714285715,14,5,-3.0,-1.2,10.0,0.6,0.31106321125379294,0.7741935483870968,ctrl_random,Случайный score (контроль),fold2,1
2.9948729276657113,validation,0.5,0.018808777429467086,3,0.35714285714285715,14,5,-3.0,-1.4,9.4,0.6,0.3128321704278643,0.7741935483870968,ctrl_random,Случайный score (контроль),fold2,1
2.9064825773239154,validation,1.0,0.03239289446185998,3,0.35714285714285715,14,5,-5.0,-3.6,5.800000000000002,0.8,0.3248866064176652,1.3333333333333333,ctrl_random,Случайный score (контроль),fold2,1
2.8398622274398804,validation,2.0,0.0438871473354232,3,0.7142857142857143,14,10,-3.5,-0.1,14.399999999999999,0.7,0.6076667737789777,1.8064516129032258,ctrl_random,Случайный score (контроль),fold2,1
2.719918131828309,validation,5.0,0.09404388714733543,3,0.7857142857142857,14,11,-5.0,-4.636363636363637,1.0,0.8181818181818182,0.7421512061113199,3.870967741935484,ctrl_random,Случайный score (контроль),fold2,1
2.6182104349136366,validation,10.0,0.18181818181818182,3,0.9285714285714286,14,13,-8.0,-6.230769230769231,3.0,0.6923076923076923,0.894798616188961,7.483870967741935,ctrl_random,Случайный score (контроль),fold2,1
2.5134881734848027,validation,20.0,0.335423197492163,3,0.9285714285714286,14,13,-10.0,-8.538461538461538,-1.1999999999999993,0.9230769230769231,0.9193250402354375,13.806451612903226,ctrl_random,Случайный score (контроль),fold2,1
20.850069999694824,validation,0.25,0.0010449320794148381,3,0.07142857142857142,14,1,-11.0,-11.0,-11.0,1.0,0.07142857142857142,0.043010752688172046,ctrl_untrained,GCN+GRU (фикс. граф) + Реконструкция [необучен],fold2,1
20.464835166931167,validation,0.5,0.003134796238244514,3,0.07142857142857142,14,1,-11.0,-11.0,-11.0,1.0,0.07142857142857142,0.12903225806451613,ctrl_untrained,GCN+GRU (фикс. граф) + Реконструкция [необучен],fold2,1
19.853365898132328,validation,1.0,0.008359456635318705,3,0.07142857142857142,14,1,-12.0,-12.0,-12.0,1.0,0.07142857142857142,0.34408602150537637,ctrl_untrained,GCN+GRU (фикс. граф) + Реконструкция [необучен],fold2,1
18.41824054718018,validation,2.0,0.02089864158829676,3,0.07142857142857142,14,1,-15.0,-15.0,-15.0,1.0,0.07142857142857142,0.8602150537634409,ctrl_untrained,GCN+GRU (фикс. граф) + Реконструкция [необучен],fold2,1
15.127222537994403,validation,5.0,0.05747126436781609,3,0.2857142857142857,14,4,9.0,5.25,16.8,0.25,0.19929715994294023,2.3655913978494625,ctrl_untrained,GCN+GRU (фикс. граф) + Реконструкция [необучен],fold2,1
12.634063243865974,validation,10.0,0.09090909090909091,3,0.35714285714285715,14,5,-7.0,-5.4,2.000000000000001,0.8,0.33984702023251423,3.7419354838709675,ctrl_untrained,GCN+GRU (фикс. граф) + Реконструкция [необучен],fold2,1
9.613299846649177,validation,20.0,0.1588296760710554,3,0.42857142857142855,14,6,-10.0,-9.0,-2.0,0.8333333333333334,0.42226589203987264,6.537634408602151,ctrl_untrained,GCN+GRU (фикс. граф) + Реконструкция [необучен],fold2,1
6.883805513381965,validation,0.25,0.006269592476489028,3,0.07142857142857142,14,1,-15.0,-15.0,-15.0,1.0,0.07142857142857142,0.25806451612903225,base_pca,PCA (линейная граница),fold2,1
6.789358377456671,validation,0.5,0.0073145245559038665,3,0.07142857142857142,14,1,-15.0,-15.0,-15.0,1.0,0.07142857142857142,0.3010752688172043,base_pca,PCA (линейная граница),fold2,1
5.925793886184699,validation,1.0,0.01044932079414838,3,0.21428571428571427,14,3,-11.0,-2.6666666666666665,12.200000000000001,0.6666666666666666,0.17394823440343302,0.43010752688172044,base_pca,PCA (линейная граница),fold2,1
5.372592210769657,validation,2.0,0.013584117032392894,3,0.21428571428571427,14,3,-12.0,-3.3333333333333335,11.200000000000001,0.6666666666666666,0.17541866030565062,0.5591397849462365,base_pca,PCA (линейная граница),fold2,1
3.203830599784851,validation,5.0,0.04075235109717868,3,0.21428571428571427,14,3,-15.0,-6.333333333333333,5.800000000000001,0.6666666666666666,0.18582232271721846,1.6774193548387097,base_pca,PCA (линейная граница),fold2,1
2.5295943021774354,validation,10.0,0.08463949843260188,3,0.21428571428571427,14,3,-15.0,-8.0,1.8000000000000007,0.6666666666666666,0.19698987737537135,3.4838709677419355,base_pca,PCA (линейная граница),fold2,1
1.5119367241859472,validation,20.0,0.19435736677115986,3,0.5,14,7,-6.0,-8.571428571428571,-2.1999999999999993,1.0,0.5,8.0,base_pca,PCA (линейная граница),fold2,1
1.2573580145835965,validation,0.25,0.003134796238244514,3,0.0,14,0,,,,0.0,0.0,0.12903225806451613,base_california,California алгоритм (AID),fold2,1
0.5722405016422323,validation,0.5,0.011494252873563218,3,0.0,14,0,,,,0.0,0.0,0.4731182795698925,base_california,California алгоритм (AID),fold2,1
0.03676907159388153,validation,1.0,0.03761755485893417,3,0.0,14,0,,,,0.0,0.0,1.5483870967741935,base_california,California алгоритм (AID),fold2,1
-0.05092523805796185,validation,2.0,0.04911180773249739,3,0.14285714285714285,14,2,-3.0,-3.0,-1.4,1.0,0.14285714285714285,2.021505376344086,base_california,California алгоритм (AID),fold2,1
-0.18176629394291702,validation,5.0,0.07836990595611286,3,0.35714285714285715,14,5,-3.0,-3.2,3.6,0.6,0.33584203281706515,3.225806451612903,base_california,California алгоритм (AID),fold2,1
-0.3122669607400862,validation,10.0,0.17345872518286312,3,0.7142857142857143,14,10,-3.5,-5.0,3.0999999999999996,0.7,0.6929848899599224,7.139784946236559,base_california,California алгоритм (AID),fold2,1
-0.4028952270746203,validation,20.0,0.25391849529780564,3,0.8571428571428571,14,12,-6.0,-5.083333333333333,0.9000000000000004,0.75,0.8108351333501762,10.451612903225806,base_california,California алгоритм (AID),fold2,1
2.147168517112809,validation,0.25,0.030303030303030304,3,0.35714285714285715,14,5,-5.0,-4.2,4.2,0.6,0.3331607920914446,1.2473118279569892,base_snd,Standard Normal Deviate (AID),fold2,1
2.017633795738279,validation,0.5,0.04493207941483804,3,0.5714285714285714,14,8,-5.0,-3.25,8.299999999999997,0.625,0.5101194208025309,1.8494623655913978,base_snd,Standard Normal Deviate (AID),fold2,1
1.9260694384575374,validation,1.0,0.06165099268547544,3,0.5714285714285714,14,8,-5.5,-4.375,5.8999999999999995,0.625,0.525371966376008,2.5376344086021505,base_snd,Standard Normal Deviate (AID),fold2,1
1.7739369273185934,validation,2.0,0.0877742946708464,3,0.6428571428571429,14,9,-5.0,-2.0,8.800000000000002,0.5555555555555556,0.5611783575490116,3.6129032258064515,base_snd,Standard Normal Deviate (AID),fold2,1
1.5919951796531846,validation,5.0,0.11598746081504702,3,0.7142857142857143,14,10,-5.5,-4.1,4.6999999999999975,0.6,0.6645214983914265,4.774193548387097,base_snd,Standard Normal Deviate (AID),fold2,1
1.4384240508079853,validation,10.0,0.2089864158829676,3,0.8571428571428571,14,12,-5.5,-6.083333333333333,1.8000000000000007,0.75,0.8387828846215004,8.602150537634408,base_snd,Standard Normal Deviate (AID),fold2,1
1.2739422917366343,validation,20.0,0.3667711598746082,3,0.9285714285714286,14,13,-6.0,-7.923076923076923,-1.1999999999999993,0.9230769230769231,0.9222658920398726,15.096774193548388,base_snd,Standard Normal Deviate (AID),fold2,1
0.7015306055545809,validation,0.25,0.02612330198537095,3,0.2857142857142857,14,4,-2.5,-2.25,7.600000000000001,0.5,0.2529773581075467,1.075268817204301,base_iforest,Isolation Forest,fold2,1
0.6981059610843661,validation,0.5,0.035527690700104496,3,0.2857142857142857,14,4,-3.0,-2.75,7.300000000000002,0.5,0.25605729491841805,1.4623655913978495,base_iforest,Isolation Forest,fold2,1
0.6940449178218842,validation,1.0,0.06792058516196448,3,0.2857142857142857,14,4,-3.0,-4.0,3.8000000000000007,0.5,0.26775300927817974,2.795698924731183,base_iforest,Isolation Forest,fold2,1
0.6900911033153534,validation,2.0,0.08986415882967608,3,0.42857142857142855,14,6,-4.5,-3.6666666666666665,5.0,0.6666666666666666,0.39910007514058565,3.6989247311827955,base_iforest,Isolation Forest,fold2,1
0.683797746896744,validation,5.0,0.10867293625914315,3,0.42857142857142855,14,6,-4.5,-4.166666666666667,3.5,0.6666666666666666,0.40753021532445116,4.473118279569892,base_iforest,Isolation Forest,fold2,1
0.6733457148075106,validation,10.0,0.15151515151515152,3,0.6428571428571429,14,9,0.0,-0.7777777777777778,7.200000000000002,0.4444444444444444,0.569753167320116,6.236559139784946,base_iforest,Isolation Forest,fold2,1
0.6456447541713715,validation,20.0,0.3113897596656217,3,0.7857142857142857,14,11,-4.0,-4.090909090909091,8.0,0.7272727272727273,0.714258224148706,12.817204301075268,base_iforest,Isolation Forest,fold2,1
0.004153348738327624,validation,0.25,0.0,3,0.0,14,0,,,,0.0,0.0,0.0,deep_transformer_contrastive,Transformer (без графа) + Контрастив,fold2,1
0.004091630456969142,validation,0.5,0.0,3,0.0,14,0,,,,0.0,0.0,0.0,deep_transformer_contrastive,Transformer (без графа) + Контрастив,fold2,1
0.003946303157135844,validation,1.0,0.0,3,0.0,14,0,,,,0.0,0.0,0.0,deep_transformer_contrastive,Transformer (без графа) + Контрастив,fold2,1
0.0036151710664853454,validation,2.0,0.0,3,0.0,14,0,,,,0.0,0.0,0.0,deep_transformer_contrastive,Transformer (без графа) + Контрастив,fold2,1
0.003057907917536797,validation,5.0,0.0,3,0.0,14,0,,,,0.0,0.0,0.0,deep_transformer_contrastive,Transformer (без графа) + Контрастив,fold2,1
0.0016016049194149693,validation,10.0,0.01567398119122257,3,0.07142857142857142,14,1,-15.0,-15.0,-15.0,1.0,0.07142857142857142,0.6451612903225806,deep_transformer_contrastive,Transformer (без графа) + Контрастив,fold2,1
0.0010029419208876795,validation,20.0,0.03970741901776385,3,0.21428571428571427,14,3,-7.0,-8.666666666666666,-4.6,1.0,0.21428571428571427,1.6344086021505377,deep_transformer_contrastive,Transformer (без графа) + Контрастив,fold2,1
2.330343127250673,validation,0.25,0.003134796238244514,3,0.07142857142857142,14,1,7.0,7.0,7.0,0.0,0.051688187051442076,0.12903225806451613,cand_gcngru_recon,GCN+GRU (фикс. граф) + Реконструкция,fold2,1
2.2766367197036756,validation,0.5,0.003134796238244514,3,0.07142857142857142,14,1,7.0,7.0,7.0,0.0,0.051688187051442076,0.12903225806451613,cand_gcngru_recon,GCN+GRU (фикс. граф) + Реконструкция,fold2,1
2.109369158744813,validation,1.0,0.00522466039707419,3,0.14285714285714285,14,2,9.0,9.0,10.6,0.0,0.09465336691151768,0.21505376344086022,cand_gcngru_recon,GCN+GRU (фикс. граф) + Реконструкция,fold2,1
1.9817587733268742,validation,2.0,0.011494252873563218,3,0.14285714285714285,14,2,8.5,8.5,10.5,0.0,0.09709791437830409,0.4731182795698925,cand_gcngru_recon,GCN+GRU (фикс. граф) + Реконструкция,fold2,1
1.6301879286766072,validation,5.0,0.06060606060606061,3,0.2857142857142857,14,4,6.0,8.0,14.000000000000002,0.0,0.2031247823056801,2.4946236559139785,cand_gcngru_recon,GCN+GRU (фикс. граф) + Реконструкция,fold2,1
1.4306290745735182,validation,10.0,0.09926854754440961,3,0.35714285714285715,14,5,2.0,-0.4,8.0,0.4,0.3096702528206966,4.086021505376344,cand_gcngru_recon,GCN+GRU (фикс. граф) + Реконструкция,fold2,1
1.059122741222382,validation,20.0,0.22675026123301986,3,0.5,14,7,-6.0,-6.714285714285714,0.8000000000000007,0.7142857142857143,0.4936944634684441,9.333333333333334,cand_gcngru_recon,GCN+GRU (фикс. граф) + Реконструкция,fold2,1
3.2991434335708645,validation,0.25,0.00522466039707419,3,0.0,14,0,,,,0.0,0.0,0.21505376344086022,cand_gatlstm_recon,GAT+LSTM (обуч. внимание) + Реконструкция,fold2,1
3.0646499395370506,validation,0.5,0.014629049111807733,3,0.07142857142857142,14,1,-13.0,-13.0,-13.0,1.0,0.07142857142857142,0.6021505376344086,cand_gatlstm_recon,GAT+LSTM (обуч. внимание) + Реконструкция,fold2,1
2.7963205575943006,validation,1.0,0.03239289446185998,3,0.07142857142857142,14,1,-14.0,-14.0,-14.0,1.0,0.07142857142857142,1.3333333333333333,cand_gatlstm_recon,GAT+LSTM (обуч. внимание) + Реконструкция,fold2,1
2.6460069417953496,validation,2.0,0.03657262277951933,3,0.07142857142857142,14,1,-14.0,-14.0,-14.0,1.0,0.07142857142857142,1.5053763440860215,cand_gatlstm_recon,GAT+LSTM (обуч. внимание) + Реконструкция,fold2,1
2.3133457899093637,validation,5.0,0.08672936259143156,3,0.21428571428571427,14,3,2.0,-3.0,3.6,0.3333333333333333,0.19592574176435745,3.5698924731182795,cand_gatlstm_recon,GAT+LSTM (обуч. внимание) + Реконструкция,fold2,1
2.0612932443618797,validation,10.0,0.12121212121212122,3,0.42857142857142855,14,6,2.0,1.5,10.0,0.16666666666666666,0.3646393086987105,4.989247311827957,cand_gatlstm_recon,GAT+LSTM (обуч. внимание) + Реконструкция,fold2,1
1.6484145522117646,validation,20.0,0.1786833855799373,3,0.6428571428571429,14,9,-2.0,-2.0,8.200000000000003,0.6666666666666666,0.5719585752513148,7.354838709677419,cand_gatlstm_recon,GAT+LSTM (обуч. внимание) + Реконструкция,fold2,1
0.16687198728322983,validation,0.25,0.0,3,0.0,14,0,,,,0.0,0.0,0.0,cand_gcngru_bigan,GCN+GRU (фикс. граф) + Критик BiGAN,fold2,1
0.1668674573302269,validation,0.5,0.0,3,0.0,14,0,,,,0.0,0.0,0.0,cand_gcngru_bigan,GCN+GRU (фикс. граф) + Критик BiGAN,fold2,1
0.16683676093816757,validation,1.0,0.0,3,0.0,14,0,,,,0.0,0.0,0.0,cand_gcngru_bigan,GCN+GRU (фикс. граф) + Критик BiGAN,fold2,1
0.16679058223962787,validation,2.0,0.0,3,0.0,14,0,,,,0.0,0.0,0.0,cand_gcngru_bigan,GCN+GRU (фикс. граф) + Критик BiGAN,fold2,1
0.16670414060354233,validation,5.0,0.0,3,0.0,14,0,,,,0.0,0.0,0.0,cand_gcngru_bigan,GCN+GRU (фикс. граф) + Критик BiGAN,fold2,1
0.16635801643133163,validation,10.0,0.01671891327063741,3,0.2857142857142857,14,4,3.5,5.25,17.0,0.5,0.2162007705671062,0.6881720430107527,cand_gcngru_bigan,GCN+GRU (фикс. граф) + Критик BiGAN,fold2,1
0.16624652594327927,validation,20.0,0.15464994775339602,3,0.5714285714285714,14,8,-4.5,-4.0,12.0,0.75,0.5106213110712168,6.365591397849462,cand_gcngru_bigan,GCN+GRU (фикс. граф) + Критик BiGAN,fold2,1
-316.35218811035156,validation,0.25,0.0,3,0.0,14,0,,,,0.0,0.0,0.0,cand_hypergraph_flow,Гиперграф+Bi-GLU + Плотность (flow),fold2,1
-316.4747161865234,validation,0.5,0.003134796238244514,3,0.07142857142857142,14,1,-12.0,-12.0,-12.0,1.0,0.07142857142857142,0.12903225806451613,cand_hypergraph_flow,Гиперграф+Bi-GLU + Плотность (flow),fold2,1
-316.50187683105463,validation,1.0,0.006269592476489028,3,0.07142857142857142,14,1,-12.0,-12.0,-12.0,1.0,0.07142857142857142,0.25806451612903225,cand_hypergraph_flow,Гиперграф+Bi-GLU + Плотность (flow),fold2,1
-316.55580139160156,validation,2.0,0.014629049111807733,3,0.07142857142857142,14,1,-15.0,-15.0,-15.0,1.0,0.07142857142857142,0.6021505376344086,cand_hypergraph_flow,Гиперграф+Bi-GLU + Плотность (flow),fold2,1
-316.66371154785156,validation,5.0,0.038662486938349006,3,0.2857142857142857,14,4,-3.5,-0.5,13.700000000000003,0.75,0.2426321616422893,1.5913978494623655,cand_hypergraph_flow,Гиперграф+Bi-GLU + Плотность (flow),fold2,1
-316.73674011230463,validation,10.0,0.09404388714733543,3,0.42857142857142855,14,6,-6.5,-3.0,9.0,0.6666666666666666,0.3808719614824083,3.870967741935484,cand_hypergraph_flow,Гиперграф+Bi-GLU + Плотность (flow),fold2,1
-316.77198791503906,validation,20.0,0.17763845350052246,3,0.5,14,7,-7.0,-4.285714285714286,9.000000000000005,0.7142857142857143,0.45041613178172757,7.311827956989247,cand_hypergraph_flow,Гиперграф+Bi-GLU + Плотность (flow),fold2,1
0.2908228486776353,validation,0.25,0.0020898641588296763,3,0.07142857142857142,14,1,19.0,19.0,19.0,0.0,0.029687067719385278,0.08602150537634409,cand_gcngru_physics,GCN+GRU (фикс. граф) + Невязка LWR,fold2,1
0.2559673637151721,validation,0.5,0.0041797283176593526,3,0.07142857142857142,14,1,18.0,18.0,18.0,0.0,0.031091091546290146,0.17204301075268819,cand_gcngru_physics,GCN+GRU (фикс. граф) + Невязка LWR,fold2,1
0.18293976038694387,validation,1.0,0.01044932079414838,3,0.14285714285714285,14,2,15.0,15.0,16.6,0.0,0.07173383815188725,0.43010752688172044,cand_gcngru_physics,GCN+GRU (фикс. граф) + Невязка LWR,fold2,1
0.15165697783231746,validation,2.0,0.018808777429467086,3,0.21428571428571427,14,3,13.0,9.666666666666666,16.2,0.3333333333333333,0.14316240958045867,0.7741935483870968,cand_gcngru_physics,GCN+GRU (фикс. граф) + Невязка LWR,fold2,1
0.12361776456236848,validation,5.0,0.047021943573667714,3,0.2857142857142857,14,4,6.0,3.5,15.8,0.5,0.2145909810090301,1.935483870967742,cand_gcngru_physics,GCN+GRU (фикс. граф) + Невязка LWR,fold2,1
0.09742948040366209,validation,10.0,0.1400208986415883,3,0.42857142857142855,14,6,1.5,-1.5,8.5,0.3333333333333333,0.37472960560419527,5.763440860215054,cand_gcngru_physics,GCN+GRU (фикс. граф) + Невязка LWR,fold2,1
0.07680967822670967,validation,20.0,0.26227795193312436,3,0.7142857142857143,14,10,-1.5,-2.0,11.2,0.5,0.6346494623973588,10.795698924731182,cand_gcngru_physics,GCN+GRU (фикс. граф) + Невязка LWR,fold2,1
3.1472424268722548,validation,0.25,0.00522466039707419,3,0.14285714285714285,14,2,-4.5,-4.5,-1.6999999999999997,1.0,0.14285714285714285,0.21505376344086022,ctrl_random,Случайный score (контроль),fold2,2
3.048029065132142,validation,0.5,0.00522466039707419,3,0.21428571428571427,14,3,-8.0,-7.333333333333333,-2.3999999999999995,1.0,0.21428571428571427,0.21505376344086022,ctrl_random,Случайный score (контроль),fold2,2
2.981777071952821,validation,1.0,0.0073145245559038665,3,0.2857142857142857,14,4,-5.5,-6.25,-1.5999999999999996,1.0,0.2857142857142857,0.3010752688172043,ctrl_random,Случайный score (контроль),fold2,2
2.8288215398788457,validation,2.0,0.038662486938349006,3,0.7857142857142857,14,11,-4.0,-1.1818181818181819,14.0,0.7272727272727273,0.6854076151905671,1.5913978494623655,ctrl_random,Случайный score (контроль),fold2,2
2.712948679924012,validation,5.0,0.09090909090909091,3,1.0,14,14,-6.5,-4.642857142857143,11.800000000000004,0.7857142857142857,0.9094152504745766,3.7419354838709675,ctrl_random,Случайный score (контроль),fold2,2
2.6078206300735487,validation,10.0,0.22152560083594566,3,1.0,14,14,-7.0,-5.785714285714286,8.100000000000003,0.7857142857142857,0.926144623463497,9.118279569892474,ctrl_random,Случайный score (контроль),fold2,2
2.4638890027999882,validation,20.0,0.4367816091954023,3,1.0,14,14,-9.0,-7.357142857142857,5.400000000000013,0.8571428571428571,0.9472333195305361,17.978494623655912,ctrl_random,Случайный score (контроль),fold2,2
20.91054248809816,validation,0.25,0.0010449320794148381,3,0.07142857142857142,14,1,-11.0,-11.0,-11.0,1.0,0.07142857142857142,0.043010752688172046,ctrl_untrained,GCN+GRU (фикс. граф) + Реконструкция [необучен],fold2,2
20.481659889221195,validation,0.5,0.003134796238244514,3,0.07142857142857142,14,1,-11.0,-11.0,-11.0,1.0,0.07142857142857142,0.12903225806451613,ctrl_untrained,GCN+GRU (фикс. граф) + Реконструкция [необучен],fold2,2
19.81311702728272,validation,1.0,0.008359456635318705,3,0.07142857142857142,14,1,-12.0,-12.0,-12.0,1.0,0.07142857142857142,0.34408602150537637,ctrl_untrained,GCN+GRU (фикс. граф) + Реконструкция [необучен],fold2,2
18.400471687316905,validation,2.0,0.019853709508881923,3,0.07142857142857142,14,1,-15.0,-15.0,-15.0,1.0,0.07142857142857142,0.8172043010752689,ctrl_untrained,GCN+GRU (фикс. граф) + Реконструкция [необучен],fold2,2
15.041690349578872,validation,5.0,0.06060606060606061,3,0.2857142857142857,14,4,9.0,5.25,16.8,0.25,0.19929715994294023,2.4946236559139785,ctrl_untrained,GCN+GRU (фикс. граф) + Реконструкция [необучен],fold2,2
12.598227024078383,validation,10.0,0.09090909090909091,3,0.35714285714285715,14,5,-7.0,-5.4,2.000000000000001,0.8,0.33984702023251423,3.7419354838709675,ctrl_untrained,GCN+GRU (фикс. граф) + Реконструкция [необучен],fold2,2
9.59248018264772,validation,20.0,0.15778474399164055,3,0.42857142857142855,14,6,-9.5,-8.666666666666666,-1.5,0.8333333333333334,0.41932504023543743,6.494623655913978,ctrl_untrained,GCN+GRU (фикс. граф) + Реконструкция [необучен],fold2,2
6.883805513381965,validation,0.25,0.006269592476489028,3,0.07142857142857142,14,1,-15.0,-15.0,-15.0,1.0,0.07142857142857142,0.25806451612903225,base_pca,PCA (линейная граница),fold2,2
6.789358377456671,validation,0.5,0.0073145245559038665,3,0.07142857142857142,14,1,-15.0,-15.0,-15.0,1.0,0.07142857142857142,0.3010752688172043,base_pca,PCA (линейная граница),fold2,2
5.925793886184699,validation,1.0,0.01044932079414838,3,0.21428571428571427,14,3,-11.0,-2.6666666666666665,12.200000000000001,0.6666666666666666,0.17394823440343302,0.43010752688172044,base_pca,PCA (линейная граница),fold2,2
5.372592210769657,validation,2.0,0.013584117032392894,3,0.21428571428571427,14,3,-12.0,-3.3333333333333335,11.200000000000001,0.6666666666666666,0.17541866030565062,0.5591397849462365,base_pca,PCA (линейная граница),fold2,2
3.203830599784851,validation,5.0,0.04075235109717868,3,0.21428571428571427,14,3,-15.0,-6.333333333333333,5.800000000000001,0.6666666666666666,0.18582232271721846,1.6774193548387097,base_pca,PCA (линейная граница),fold2,2
2.5295943021774354,validation,10.0,0.08463949843260188,3,0.21428571428571427,14,3,-15.0,-8.0,1.8000000000000007,0.6666666666666666,0.19698987737537135,3.4838709677419355,base_pca,PCA (линейная граница),fold2,2
1.5119367241859472,validation,20.0,0.19435736677115986,3,0.5,14,7,-6.0,-8.571428571428571,-2.1999999999999993,1.0,0.5,8.0,base_pca,PCA (линейная граница),fold2,2
1.2573580145835965,validation,0.25,0.003134796238244514,3,0.0,14,0,,,,0.0,0.0,0.12903225806451613,base_california,California алгоритм (AID),fold2,2
0.5722405016422323,validation,0.5,0.011494252873563218,3,0.0,14,0,,,,0.0,0.0,0.4731182795698925,base_california,California алгоритм (AID),fold2,2
0.03676907159388153,validation,1.0,0.03761755485893417,3,0.0,14,0,,,,0.0,0.0,1.5483870967741935,base_california,California алгоритм (AID),fold2,2
-0.05092523805796185,validation,2.0,0.04911180773249739,3,0.14285714285714285,14,2,-3.0,-3.0,-1.4,1.0,0.14285714285714285,2.021505376344086,base_california,California алгоритм (AID),fold2,2
-0.18176629394291702,validation,5.0,0.07836990595611286,3,0.35714285714285715,14,5,-3.0,-3.2,3.6,0.6,0.33584203281706515,3.225806451612903,base_california,California алгоритм (AID),fold2,2
-0.3122669607400862,validation,10.0,0.17345872518286312,3,0.7142857142857143,14,10,-3.5,-5.0,3.0999999999999996,0.7,0.6929848899599224,7.139784946236559,base_california,California алгоритм (AID),fold2,2
-0.4028952270746203,validation,20.0,0.25391849529780564,3,0.8571428571428571,14,12,-6.0,-5.083333333333333,0.9000000000000004,0.75,0.8108351333501762,10.451612903225806,base_california,California алгоритм (AID),fold2,2
2.147168517112809,validation,0.25,0.030303030303030304,3,0.35714285714285715,14,5,-5.0,-4.2,4.2,0.6,0.3331607920914446,1.2473118279569892,base_snd,Standard Normal Deviate (AID),fold2,2
2.017633795738279,validation,0.5,0.04493207941483804,3,0.5714285714285714,14,8,-5.0,-3.25,8.299999999999997,0.625,0.5101194208025309,1.8494623655913978,base_snd,Standard Normal Deviate (AID),fold2,2
1.9260694384575374,validation,1.0,0.06165099268547544,3,0.5714285714285714,14,8,-5.5,-4.375,5.8999999999999995,0.625,0.525371966376008,2.5376344086021505,base_snd,Standard Normal Deviate (AID),fold2,2
1.7739369273185934,validation,2.0,0.0877742946708464,3,0.6428571428571429,14,9,-5.0,-2.0,8.800000000000002,0.5555555555555556,0.5611783575490116,3.6129032258064515,base_snd,Standard Normal Deviate (AID),fold2,2
1.5919951796531846,validation,5.0,0.11598746081504702,3,0.7142857142857143,14,10,-5.5,-4.1,4.6999999999999975,0.6,0.6645214983914265,4.774193548387097,base_snd,Standard Normal Deviate (AID),fold2,2
1.4384240508079853,validation,10.0,0.2089864158829676,3,0.8571428571428571,14,12,-5.5,-6.083333333333333,1.8000000000000007,0.75,0.8387828846215004,8.602150537634408,base_snd,Standard Normal Deviate (AID),fold2,2
1.2739422917366343,validation,20.0,0.3667711598746082,3,0.9285714285714286,14,13,-6.0,-7.923076923076923,-1.1999999999999993,0.9230769230769231,0.9222658920398726,15.096774193548388,base_snd,Standard Normal Deviate (AID),fold2,2
0.7185798585414886,validation,0.25,0.0020898641588296763,3,0.07142857142857142,14,1,-7.0,-7.0,-7.0,1.0,0.07142857142857142,0.08602150537634409,base_iforest,Isolation Forest,fold2,2
0.7094511687755585,validation,0.5,0.014629049111807733,3,0.14285714285714285,14,2,-11.0,-11.0,-7.8,1.0,0.14285714285714285,0.6021505376344086,base_iforest,Isolation Forest,fold2,2
0.7006920278072357,validation,1.0,0.04493207941483804,3,0.2857142857142857,14,4,-3.0,-3.25,6.200000000000001,0.5,0.2573342091815789,1.8494623655913978,base_iforest,Isolation Forest,fold2,2
0.6910083591938021,validation,2.0,0.06060606060606061,3,0.5714285714285714,14,8,2.5,0.75,10.399999999999999,0.375,0.47999543222702823,2.4946236559139785,base_iforest,Isolation Forest,fold2,2
0.68148073554039,validation,5.0,0.12643678160919541,3,0.5714285714285714,14,8,0.5,-0.375,8.299999999999997,0.5,0.49538374408710945,5.204301075268817,base_iforest,Isolation Forest,fold2,2
0.671168178319931,validation,10.0,0.180773249738767,3,0.6428571428571429,14,9,0.0,-1.7777777777777777,10.400000000000002,0.4444444444444444,0.5572447033301343,7.440860215053763,base_iforest,Isolation Forest,fold2,2
0.649818629026413,validation,20.0,0.3019853709508882,3,0.7857142857142857,14,11,-4.0,-3.909090909090909,8.0,0.7272727272727273,0.714258224148706,12.43010752688172,base_iforest,Isolation Forest,fold2,2
0.005764657864347102,validation,0.25,0.0,3,0.0,14,0,,,,0.0,0.0,0.0,deep_transformer_contrastive,Transformer (без графа) + Контрастив,fold2,2
0.00527803250588477,validation,0.5,0.0,3,0.0,14,0,,,,0.0,0.0,0.0,deep_transformer_contrastive,Transformer (без графа) + Контрастив,fold2,2
0.005092597333714373,validation,1.0,0.0,3,0.0,14,0,,,,0.0,0.0,0.0,deep_transformer_contrastive,Transformer (без графа) + Контрастив,fold2,2
0.004783557960763579,validation,2.0,0.0,3,0.07142857142857142,14,1,-10.0,-10.0,-10.0,1.0,0.07142857142857142,0.0,deep_transformer_contrastive,Transformer (без графа) + Контрастив,fold2,2
0.003996341256424792,validation,5.0,0.0010449320794148381,3,0.07142857142857142,14,1,-10.0,-10.0,-10.0,1.0,0.07142857142857142,0.043010752688172046,deep_transformer_contrastive,Transformer (без графа) + Контрастив,fold2,2
0.0026651105144992536,validation,10.0,0.01567398119122257,3,0.14285714285714285,14,2,-7.5,-7.5,-1.4999999999999996,0.5,0.14285714285714285,0.6451612903225806,deep_transformer_contrastive,Transformer (без графа) + Контрастив,fold2,2
0.0011129828053526643,validation,20.0,0.06374085684430512,3,0.2857142857142857,14,4,-6.5,-2.25,11.500000000000004,0.75,0.2439727820050996,2.6236559139784945,deep_transformer_contrastive,Transformer (без графа) + Контрастив,fold2,2
2.240231633186343,validation,0.25,0.003134796238244514,3,0.07142857142857142,14,1,9.0,9.0,9.0,0.0,0.04712528252760336,0.12903225806451613,cand_gcngru_recon,GCN+GRU (фикс. граф) + Реконструкция,fold2,2
2.1390453577041644,validation,0.5,0.0041797283176593526,3,0.07142857142857142,14,1,7.0,7.0,7.0,0.0,0.051688187051442076,0.17204301075268819,cand_gcngru_recon,GCN+GRU (фикс. граф) + Реконструкция,fold2,2
2.0362507104873675,validation,1.0,0.0073145245559038665,3,0.14285714285714285,14,2,10.0,10.0,12.4,0.0,0.09086050775482157,0.3010752688172043,cand_gcngru_recon,GCN+GRU (фикс. граф) + Реконструкция,fold2,2
1.9831025004386915,validation,2.0,0.009404388714733543,3,0.14285714285714285,14,2,8.5,8.5,10.5,0.0,0.09709791437830409,0.3870967741935484,cand_gcngru_recon,GCN+GRU (фикс. граф) + Реконструкция,fold2,2
1.6016568541526799,validation,5.0,0.04597701149425287,3,0.35714285714285715,14,5,11.0,11.0,17.0,0.0,0.22195858490111345,1.89247311827957,cand_gcngru_recon,GCN+GRU (фикс. граф) + Реконструкция,fold2,2
1.353182137012484,validation,10.0,0.11285266457680251,3,0.35714285714285715,14,5,2.0,-1.6,7.4,0.4,0.31179835499491165,4.645161290322581,cand_gcngru_recon,GCN+GRU (фикс. граф) + Реконструкция,fold2,2
1.0187177062034616,validation,20.0,0.22570532915360503,3,0.5,14,7,-6.0,-6.714285714285714,0.8000000000000007,0.7142857142857143,0.4936944634684441,9.290322580645162,cand_gcngru_recon,GCN+GRU (фикс. граф) + Реконструкция,fold2,2
3.6289917230606097,validation,0.25,0.0020898641588296763,3,0.0,14,0,,,,0.0,0.0,0.08602150537634409,cand_gatlstm_recon,GAT+LSTM (обуч. внимание) + Реконструкция,fold2,2
2.9886525869369533,validation,0.5,0.0219435736677116,3,0.07142857142857142,14,1,7.0,7.0,7.0,0.0,0.051688187051442076,0.9032258064516129,cand_gatlstm_recon,GAT+LSTM (обуч. внимание) + Реконструкция,fold2,2
2.820940613746647,validation,1.0,0.025078369905956112,3,0.07142857142857142,14,1,-13.0,-13.0,-13.0,1.0,0.07142857142857142,1.032258064516129,cand_gatlstm_recon,GAT+LSTM (обуч. внимание) + Реконструкция,fold2,2
2.686270117759708,validation,2.0,0.04075235109717868,3,0.07142857142857142,14,1,-14.0,-14.0,-14.0,1.0,0.07142857142857142,1.6774193548387097,cand_gatlstm_recon,GAT+LSTM (обуч. внимание) + Реконструкция,fold2,2
2.429630637168888,validation,5.0,0.05956112852664577,3,0.14285714285714285,14,2,-6.5,-6.5,0.30000000000000027,0.5,0.1365516063255869,2.4516129032258065,cand_gatlstm_recon,GAT+LSTM (обуч. внимание) + Реконструкция,fold2,2
2.0309695005416892,validation,10.0,0.1044932079414838,3,0.35714285714285715,14,5,1.0,-0.4,7.0,0.4,0.3175595325314036,4.301075268817204,cand_gatlstm_recon,GAT+LSTM (обуч. внимание) + Реконструкция,fold2,2
1.596168816089634,validation,20.0,0.16823406478578892,3,0.5714285714285714,14,8,-6.0,-4.875,5.3,0.75,0.539397057802807,6.924731182795699,cand_gatlstm_recon,GAT+LSTM (обуч. внимание) + Реконструкция,fold2,2
0.1634644791483879,validation,0.25,0.0073145245559038665,3,0.07142857142857142,14,1,15.0,15.0,15.0,0.0,0.03571428571428571,0.3010752688172043,cand_gcngru_bigan,GCN+GRU (фикс. граф) + Критик BiGAN,fold2,2
0.16315769404172897,validation,0.5,0.01671891327063741,3,0.2857142857142857,14,4,9.5,7.5,12.100000000000001,0.25,0.2027233550129426,0.6881720430107527,cand_gcngru_bigan,GCN+GRU (фикс. граф) + Критик BiGAN,fold2,2
0.16307155042886737,validation,1.0,0.030303030303030304,3,0.2857142857142857,14,4,8.0,6.75,11.8,0.25,0.20941436171099634,1.2473118279569892,cand_gcngru_bigan,GCN+GRU (фикс. граф) + Критик BiGAN,fold2,2
0.16295944899320602,validation,2.0,0.04179728317659352,3,0.42857142857142855,14,6,-4.0,-3.8333333333333335,3.0,0.8333333333333334,0.4088310441942992,1.7204301075268817,cand_gcngru_bigan,GCN+GRU (фикс. граф) + Критик BiGAN,fold2,2
0.1624900922179222,validation,5.0,0.12852664576802508,3,0.5714285714285714,14,8,-7.0,-7.375,-0.10000000000000053,0.875,0.5651230348970155,5.290322580645161,cand_gcngru_bigan,GCN+GRU (фикс. граф) + Критик BiGAN,fold2,2
0.16215794533491135,validation,10.0,0.24033437826541273,3,0.6428571428571429,14,9,-12.0,-8.666666666666666,-0.5999999999999996,0.8888888888888888,0.6396315431364583,9.89247311827957,cand_gcngru_bigan,GCN+GRU (фикс. граф) + Критик BiGAN,fold2,2
0.16164030879735947,validation,20.0,0.47648902821316613,3,0.7142857142857143,14,10,-13.0,-10.5,-4.700000000000001,1.0,0.7142857142857143,19.612903225806452,cand_gcngru_bigan,GCN+GRU (фикс. граф) + Критик BiGAN,fold2,2
-315.8006134033203,validation,0.25,0.0010449320794148381,3,0.07142857142857142,14,1,-15.0,-15.0,-15.0,1.0,0.07142857142857142,0.043010752688172046,cand_hypergraph_flow,Гиперграф+Bi-GLU + Плотность (flow),fold2,2
-315.82179260253906,validation,0.5,0.0020898641588296763,3,0.07142857142857142,14,1,-15.0,-15.0,-15.0,1.0,0.07142857142857142,0.08602150537634409,cand_hypergraph_flow,Гиперграф+Bi-GLU + Плотность (flow),fold2,2
-315.8303985595703,validation,1.0,0.0041797283176593526,3,0.07142857142857142,14,1,-15.0,-15.0,-15.0,1.0,0.07142857142857142,0.17204301075268819,cand_hypergraph_flow,Гиперграф+Bi-GLU + Плотность (flow),fold2,2
-315.8517608642578,validation,2.0,0.018808777429467086,3,0.07142857142857142,14,1,-15.0,-15.0,-15.0,1.0,0.07142857142857142,0.7741935483870968,cand_hypergraph_flow,Гиперграф+Bi-GLU + Плотность (flow),fold2,2
-315.89909362792963,validation,5.0,0.047021943573667714,3,0.21428571428571427,14,3,-4.0,-4.666666666666667,3.2,0.6666666666666666,0.19955003757029283,1.935483870967742,cand_hypergraph_flow,Гиперграф+Bi-GLU + Плотность (flow),fold2,2
-315.9254913330078,validation,10.0,0.10867293625914315,3,0.42857142857142855,14,6,-6.0,-5.333333333333333,1.0,0.8333333333333334,0.41932504023543743,4.473118279569892,cand_hypergraph_flow,Гиперграф+Bi-GLU + Плотность (flow),fold2,2
-315.9396514892578,validation,20.0,0.1786833855799373,3,0.5,14,7,-7.0,-5.285714285714286,4.200000000000001,0.7142857142857143,0.47345777475366596,7.354838709677419,cand_hypergraph_flow,Гиперграф+Bi-GLU + Плотность (flow),fold2,2
0.2791387885808948,validation,0.25,0.0020898641588296763,3,0.07142857142857142,14,1,19.0,19.0,19.0,0.0,0.029687067719385278,0.08602150537634409,cand_gcngru_physics,GCN+GRU (фикс. граф) + Невязка LWR,fold2,2
0.18527852743864082,validation,0.5,0.011494252873563218,3,0.14285714285714285,14,2,15.5,15.5,17.5,0.0,0.07026341224966964,0.4731182795698925,cand_gcngru_physics,GCN+GRU (фикс. граф) + Невязка LWR,fold2,2
0.15157579630613333,validation,1.0,0.018808777429467086,3,0.21428571428571427,14,3,12.0,6.333333333333333,16.0,0.3333333333333333,0.14501503012697325,0.7741935483870968,cand_gcngru_physics,GCN+GRU (фикс. граф) + Невязка LWR,fold2,2
0.12063395604491237,validation,2.0,0.04075235109717868,3,0.21428571428571427,14,3,12.0,6.0,16.0,0.3333333333333333,0.14501503012697325,1.6774193548387097,cand_gcngru_physics,GCN+GRU (фикс. граф) + Невязка LWR,fold2,2
0.09663235768675824,validation,5.0,0.09299895506792058,3,0.35714285714285715,14,5,-5.0,-3.0,9.600000000000001,0.6,0.30944339005383686,3.827956989247312,cand_gcngru_physics,GCN+GRU (фикс. граф) + Невязка LWR,fold2,2
0.07765298709273369,validation,10.0,0.17136886102403343,3,0.5714285714285714,14,8,-4.0,-1.875,14.2,0.625,0.4939997301917599,7.053763440860215,cand_gcngru_physics,GCN+GRU (фикс. граф) + Невязка LWR,fold2,2
0.06439649686217344,validation,20.0,0.2727272727272727,3,0.7857142857142857,14,11,-6.0,-3.5454545454545454,10.0,0.7272727272727273,0.6998812690633238,11.225806451612904,cand_gcngru_physics,GCN+GRU (фикс. граф) + Невязка LWR,fold2,2
3.1859434843063372,validation,0.25,0.0020898641588296763,3,0.07142857142857142,14,1,20.0,20.0,20.0,0.0,0.028346447356574992,0.08602150537634409,ctrl_random,Случайный score (контроль),fold2,3
3.064158558845521,validation,0.5,0.00522466039707419,3,0.14285714285714285,14,2,14.5,14.5,18.9,0.0,0.07547172988417836,0.21505376344086022,ctrl_random,Случайный score (контроль),fold2,3
2.982127070426942,validation,1.0,0.0073145245559038665,3,0.35714285714285715,14,5,8.0,6.6,15.600000000000001,0.4,0.2676829041687418,0.3010752688172043,ctrl_random,Случайный score (контроль),fold2,3
2.88380229473114,validation,2.0,0.022988505747126436,3,0.5714285714285714,14,8,-1.0,0.5,12.299999999999997,0.625,0.49773762192405097,0.946236559139785,ctrl_random,Случайный score (контроль),fold2,3
2.74065124988556,validation,5.0,0.09926854754440961,3,0.7142857142857143,14,10,-1.5,-0.6,6.499999999999995,0.6,0.6501623769667405,4.086021505376344,ctrl_random,Случайный score (контроль),fold2,3
2.6339889764785784,validation,10.0,0.18181818181818182,3,0.9285714285714286,14,13,-3.0,-3.8461538461538463,1.8000000000000007,0.7692307692307693,0.8886366621405107,7.483870967741935,ctrl_random,Случайный score (контроль),fold2,3
2.4853967428207397,validation,20.0,0.35841170323928945,3,1.0,14,14,-8.0,-7.142857142857143,-1.299999999999999,0.9285714285714286,0.975696711099032,14.75268817204301,ctrl_random,Случайный score (контроль),fold2,3
20.662585258483897,validation,0.25,0.0010449320794148381,3,0.07142857142857142,14,1,-11.0,-11.0,-11.0,1.0,0.07142857142857142,0.043010752688172046,ctrl_untrained,GCN+GRU (фикс. граф) + Реконструкция [необучен],fold2,3
20.302191734313976,validation,0.5,0.003134796238244514,3,0.07142857142857142,14,1,-11.0,-11.0,-11.0,1.0,0.07142857142857142,0.12903225806451613,ctrl_untrained,GCN+GRU (фикс. граф) + Реконструкция [необучен],fold2,3
19.678700447082523,validation,1.0,0.008359456635318705,3,0.07142857142857142,14,1,-12.0,-12.0,-12.0,1.0,0.07142857142857142,0.34408602150537637,ctrl_untrained,GCN+GRU (фикс. граф) + Реконструкция [необучен],fold2,3
18.249793052673347,validation,2.0,0.02089864158829676,3,0.07142857142857142,14,1,-15.0,-15.0,-15.0,1.0,0.07142857142857142,0.8602150537634409,ctrl_untrained,GCN+GRU (фикс. граф) + Реконструкция [необучен],fold2,3
14.875101566314711,validation,5.0,0.06060606060606061,3,0.2857142857142857,14,4,9.0,5.25,16.8,0.25,0.19929715994294023,2.4946236559139785,ctrl_untrained,GCN+GRU (фикс. граф) + Реконструкция [необучен],fold2,3
12.507693767547618,validation,10.0,0.09090909090909091,3,0.35714285714285715,14,5,-7.0,-5.4,2.000000000000001,0.8,0.33984702023251423,3.7419354838709675,ctrl_untrained,GCN+GRU (фикс. граф) + Реконструкция [необучен],fold2,3
9.53173398971558,validation,20.0,0.15778474399164055,3,0.35714285714285715,14,5,-7.0,-8.0,-0.5999999999999992,0.8,0.34789646880686603,6.494623655913978,ctrl_untrained,GCN+GRU (фикс. граф) + Реконструкция [необучен],fold2,3
6.883805513381965,validation,0.25,0.006269592476489028,3,0.07142857142857142,14,1,-15.0,-15.0,-15.0,1.0,0.07142857142857142,0.25806451612903225,base_pca,PCA (линейная граница),fold2,3
6.789358377456671,validation,0.5,0.0073145245559038665,3,0.07142857142857142,14,1,-15.0,-15.0,-15.0,1.0,0.07142857142857142,0.3010752688172043,base_pca,PCA (линейная граница),fold2,3
5.925793886184699,validation,1.0,0.01044932079414838,3,0.21428571428571427,14,3,-11.0,-2.6666666666666665,12.200000000000001,0.6666666666666666,0.17394823440343302,0.43010752688172044,base_pca,PCA (линейная граница),fold2,3
5.372592210769657,validation,2.0,0.013584117032392894,3,0.21428571428571427,14,3,-12.0,-3.3333333333333335,11.200000000000001,0.6666666666666666,0.17541866030565062,0.5591397849462365,base_pca,PCA (линейная граница),fold2,3
3.203830599784851,validation,5.0,0.04075235109717868,3,0.21428571428571427,14,3,-15.0,-6.333333333333333,5.800000000000001,0.6666666666666666,0.18582232271721846,1.6774193548387097,base_pca,PCA (линейная граница),fold2,3
2.5295943021774354,validation,10.0,0.08463949843260188,3,0.21428571428571427,14,3,-15.0,-8.0,1.8000000000000007,0.6666666666666666,0.19698987737537135,3.4838709677419355,base_pca,PCA (линейная граница),fold2,3
1.5119367241859472,validation,20.0,0.19435736677115986,3,0.5,14,7,-6.0,-8.571428571428571,-2.1999999999999993,1.0,0.5,8.0,base_pca,PCA (линейная граница),fold2,3
1.2573580145835965,validation,0.25,0.003134796238244514,3,0.0,14,0,,,,0.0,0.0,0.12903225806451613,base_california,California алгоритм (AID),fold2,3
0.5722405016422323,validation,0.5,0.011494252873563218,3,0.0,14,0,,,,0.0,0.0,0.4731182795698925,base_california,California алгоритм (AID),fold2,3
0.03676907159388153,validation,1.0,0.03761755485893417,3,0.0,14,0,,,,0.0,0.0,1.5483870967741935,base_california,California алгоритм (AID),fold2,3
-0.05092523805796185,validation,2.0,0.04911180773249739,3,0.14285714285714285,14,2,-3.0,-3.0,-1.4,1.0,0.14285714285714285,2.021505376344086,base_california,California алгоритм (AID),fold2,3
-0.18176629394291702,validation,5.0,0.07836990595611286,3,0.35714285714285715,14,5,-3.0,-3.2,3.6,0.6,0.33584203281706515,3.225806451612903,base_california,California алгоритм (AID),fold2,3
-0.3122669607400862,validation,10.0,0.17345872518286312,3,0.7142857142857143,14,10,-3.5,-5.0,3.0999999999999996,0.7,0.6929848899599224,7.139784946236559,base_california,California алгоритм (AID),fold2,3
-0.4028952270746203,validation,20.0,0.25391849529780564,3,0.8571428571428571,14,12,-6.0,-5.083333333333333,0.9000000000000004,0.75,0.8108351333501762,10.451612903225806,base_california,California алгоритм (AID),fold2,3
2.147168517112809,validation,0.25,0.030303030303030304,3,0.35714285714285715,14,5,-5.0,-4.2,4.2,0.6,0.3331607920914446,1.2473118279569892,base_snd,Standard Normal Deviate (AID),fold2,3
2.017633795738279,validation,0.5,0.04493207941483804,3,0.5714285714285714,14,8,-5.0,-3.25,8.299999999999997,0.625,0.5101194208025309,1.8494623655913978,base_snd,Standard Normal Deviate (AID),fold2,3
1.9260694384575374,validation,1.0,0.06165099268547544,3,0.5714285714285714,14,8,-5.5,-4.375,5.8999999999999995,0.625,0.525371966376008,2.5376344086021505,base_snd,Standard Normal Deviate (AID),fold2,3
1.7739369273185934,validation,2.0,0.0877742946708464,3,0.6428571428571429,14,9,-5.0,-2.0,8.800000000000002,0.5555555555555556,0.5611783575490116,3.6129032258064515,base_snd,Standard Normal Deviate (AID),fold2,3
1.5919951796531846,validation,5.0,0.11598746081504702,3,0.7142857142857143,14,10,-5.5,-4.1,4.6999999999999975,0.6,0.6645214983914265,4.774193548387097,base_snd,Standard Normal Deviate (AID),fold2,3
1.4384240508079853,validation,10.0,0.2089864158829676,3,0.8571428571428571,14,12,-5.5,-6.083333333333333,1.8000000000000007,0.75,0.8387828846215004,8.602150537634408,base_snd,Standard Normal Deviate (AID),fold2,3
1.2739422917366343,validation,20.0,0.3667711598746082,3,0.9285714285714286,14,13,-6.0,-7.923076923076923,-1.1999999999999993,0.9230769230769231,0.9222658920398726,15.096774193548388,base_snd,Standard Normal Deviate (AID),fold2,3
0.7088339626789095,validation,0.25,0.024033437826541274,3,0.2857142857142857,14,4,-0.5,-1.5,8.8,0.5,0.2419870577287597,0.989247311827957,base_iforest,Isolation Forest,fold2,3
0.7033167183399203,validation,0.5,0.04179728317659352,3,0.35714285714285715,14,5,3.0,-0.6,8.4,0.4,0.30416924082134,1.7204301075268817,base_iforest,Isolation Forest,fold2,3
0.7000076472759247,validation,1.0,0.055381400208986416,3,0.35714285714285715,14,5,-1.0,-2.0,6.800000000000001,0.6,0.32033264042628484,2.2795698924731185,base_iforest,Isolation Forest,fold2,3
0.6958775222301483,validation,2.0,0.08045977011494253,3,0.5,14,7,5.0,3.142857142857143,16.0,0.42857142857142855,0.38853561213417176,3.3118279569892475,base_iforest,Isolation Forest,fold2,3
0.6871661245822909,validation,5.0,0.12121212121212122,3,0.5,14,7,5.0,1.4285714285714286,11.200000000000003,0.42857142857142855,0.40856686079845683,4.989247311827957,base_iforest,Isolation Forest,fold2,3
0.6762775480747225,validation,10.0,0.17345872518286312,3,0.5714285714285714,14,8,-2.0,-1.0,8.299999999999997,0.5,0.49538374408710945,7.139784946236559,base_iforest,Isolation Forest,fold2,3
0.6494428217411045,validation,20.0,0.30407523510971785,3,0.7857142857142857,14,11,-4.0,-4.363636363636363,8.0,0.7272727272727273,0.720007123606951,12.516129032258064,base_iforest,Isolation Forest,fold2,3
0.002881539869122211,validation,0.25,0.0,3,0.0,14,0,,,,0.0,0.0,0.0,deep_transformer_contrastive,Transformer (без графа) + Контрастив,fold2,3
0.002248996752314274,validation,0.5,0.0010449320794148381,3,0.07142857142857142,14,1,-10.0,-10.0,-10.0,1.0,0.07142857142857142,0.043010752688172046,deep_transformer_contrastive,Transformer (без графа) + Контрастив,fold2,3
0.0021735233021900084,validation,1.0,0.0010449320794148381,3,0.14285714285714285,14,2,-9.0,-9.0,-8.2,1.0,0.14285714285714285,0.043010752688172046,deep_transformer_contrastive,Transformer (без графа) + Контрастив,fold2,3
0.0019363033934496354,validation,2.0,0.0010449320794148381,3,0.14285714285714285,14,2,-9.5,-9.5,-9.1,1.0,0.14285714285714285,0.043010752688172046,deep_transformer_contrastive,Transformer (без графа) + Контрастив,fold2,3
0.0016395942657254643,validation,5.0,0.0073145245559038665,3,0.21428571428571427,14,3,-12.0,-2.3333333333333335,13.600000000000001,0.6666666666666666,0.17120359021371787,0.3010752688172043,deep_transformer_contrastive,Transformer (без графа) + Контрастив,fold2,3
0.0013705065357498842,validation,10.0,0.01044932079414838,3,0.21428571428571427,14,3,-12.0,-3.6666666666666665,10.400000000000002,0.6666666666666666,0.1769586287110863,0.43010752688172044,deep_transformer_contrastive,Transformer (без графа) + Контрастив,fold2,3
0.0009549038659315574,validation,20.0,0.04493207941483804,3,0.35714285714285715,14,5,-7.0,-4.4,7.200000000000001,0.6,0.3267392269641798,1.8494623655913978,deep_transformer_contrastive,Transformer (без графа) + Контрастив,fold2,3
2.201705813407898,validation,0.25,0.0010449320794148381,3,0.07142857142857142,14,1,9.0,9.0,9.0,0.0,0.04712528252760336,0.043010752688172046,cand_gcngru_recon,GCN+GRU (фикс. граф) + Реконструкция,fold2,3
2.128440022468568,validation,0.5,0.0020898641588296763,3,0.07142857142857142,14,1,7.0,7.0,7.0,0.0,0.051688187051442076,0.08602150537634409,cand_gcngru_recon,GCN+GRU (фикс. граф) + Реконструкция,fold2,3
2.054724574089052,validation,1.0,0.00522466039707419,3,0.14285714285714285,14,2,9.0,9.0,10.6,0.0,0.09465336691151768,0.21505376344086022,cand_gcngru_recon,GCN+GRU (фикс. граф) + Реконструкция,fold2,3
1.8342921137809765,validation,2.0,0.01567398119122257,3,0.14285714285714285,14,2,6.0,6.0,8.4,0.0,0.10930746562018366,0.6451612903225806,cand_gcngru_recon,GCN+GRU (фикс. граф) + Реконструкция,fold2,3
1.5876883864402789,validation,5.0,0.04597701149425287,3,0.35714285714285715,14,5,7.0,9.6,16.6,0.0,0.23722626815962355,1.89247311827957,cand_gcngru_recon,GCN+GRU (фикс. граф) + Реконструкция,fold2,3
1.3827044367790222,validation,10.0,0.1013584117032393,3,0.35714285714285715,14,5,2.0,-1.0,8.600000000000001,0.4,0.3076382523273839,4.172043010752688,cand_gcngru_recon,GCN+GRU (фикс. граф) + Реконструкция,fold2,3
1.0129469037055987,validation,20.0,0.22466039707419017,3,0.5,14,7,-6.0,-6.428571428571429,1.6000000000000014,0.7142857142857143,0.4879455640101992,9.24731182795699,cand_gcngru_recon,GCN+GRU (фикс. граф) + Реконструкция,fold2,3
3.277836203575136,validation,0.25,0.0,3,0.0,14,0,,,,0.0,0.0,0.0,cand_gatlstm_recon,GAT+LSTM (обуч. внимание) + Реконструкция,fold2,3
3.0545943975448617,validation,0.5,0.0073145245559038665,3,0.0,14,0,,,,0.0,0.0,0.3010752688172043,cand_gatlstm_recon,GAT+LSTM (обуч. внимание) + Реконструкция,fold2,3
2.8132609128952035,validation,1.0,0.01567398119122257,3,0.07142857142857142,14,1,-13.0,-13.0,-13.0,1.0,0.07142857142857142,0.6451612903225806,cand_gatlstm_recon,GAT+LSTM (обуч. внимание) + Реконструкция,fold2,3
2.5586320161819462,validation,2.0,0.035527690700104496,3,0.14285714285714285,14,2,-4.0,-4.0,4.0,0.5,0.12556130594679993,1.4623655913978495,cand_gatlstm_recon,GAT+LSTM (обуч. внимание) + Реконструкция,fold2,3
2.3964394330978394,validation,5.0,0.05956112852664577,3,0.14285714285714285,14,2,-4.0,-4.0,4.0,0.5,0.12556130594679993,2.4516129032258065,cand_gatlstm_recon,GAT+LSTM (обуч. внимание) + Реконструкция,fold2,3
2.0141147375106847,validation,10.0,0.1180773249738767,3,0.35714285714285715,14,5,2.0,0.4,8.200000000000001,0.2,0.31031949305300444,4.860215053763441,cand_gatlstm_recon,GAT+LSTM (обуч. внимание) + Реконструкция,fold2,3
1.5572943091392535,validation,20.0,0.18704284221525602,3,0.5714285714285714,14,8,-6.0,-4.5,7.0,0.75,0.5319478026743127,7.698924731182796,cand_gatlstm_recon,GAT+LSTM (обуч. внимание) + Реконструкция,fold2,3
0.3455233126878739,validation,0.25,0.029258098223615466,3,0.35714285714285715,14,5,7.0,1.8,12.200000000000001,0.4,0.2796136470502912,1.2043010752688172,cand_gcngru_bigan,GCN+GRU (фикс. граф) + Критик BiGAN,fold2,3
0.34549282491207123,validation,0.5,0.029258098223615466,3,0.35714285714285715,14,5,7.0,1.8,12.200000000000001,0.4,0.2796136470502912,1.2043010752688172,cand_gcngru_bigan,GCN+GRU (фикс. граф) + Критик BiGAN,fold2,3
0.34539772570133215,validation,1.0,0.03657262277951933,3,0.42857142857142855,14,6,7.0,4.0,15.5,0.3333333333333333,0.3161596803710211,1.5053763440860215,cand_gcngru_bigan,GCN+GRU (фикс. граф) + Критик BiGAN,fold2,3
0.3452700227499008,validation,2.0,0.06060606060606061,3,0.42857142857142855,14,6,-1.5,-0.5,11.0,0.5,0.3618940700966568,2.4946236559139785,cand_gcngru_bigan,GCN+GRU (фикс. граф) + Критик BiGAN,fold2,3
0.34497459232807165,validation,5.0,0.10762800417972831,3,0.42857142857142855,14,6,-2.0,-0.6666666666666666,11.0,0.5,0.36470211775046657,4.43010752688172,cand_gcngru_bigan,GCN+GRU (фикс. граф) + Критик BiGAN,fold2,3
0.34473921358585363,validation,10.0,0.16614420062695925,3,0.6428571428571429,14,9,-1.0,1.5555555555555556,16.2,0.5555555555555556,0.5298527865858789,6.838709677419355,cand_gcngru_bigan,GCN+GRU (фикс. граф) + Критик BiGAN,fold2,3
0.3442022949457169,validation,20.0,0.26541274817136884,3,0.7857142857142857,14,11,-6.0,-2.6363636363636362,15.0,0.6363636363636364,0.6852989415725937,10.924731182795698,cand_gcngru_bigan,GCN+GRU (фикс. граф) + Критик BiGAN,fold2,3
-315.61515808105463,validation,0.25,0.0,3,0.0,14,0,,,,0.0,0.0,0.0,cand_hypergraph_flow,Гиперграф+Bi-GLU + Плотность (flow),fold2,3
-315.73304748535156,validation,0.5,0.006269592476489028,3,0.07142857142857142,14,1,-12.0,-12.0,-12.0,1.0,0.07142857142857142,0.25806451612903225,cand_hypergraph_flow,Гиперграф+Bi-GLU + Плотность (flow),fold2,3
-315.79261779785156,validation,1.0,0.01044932079414838,3,0.07142857142857142,14,1,-12.0,-12.0,-12.0,1.0,0.07142857142857142,0.43010752688172044,cand_hypergraph_flow,Гиперграф+Bi-GLU + Плотность (flow),fold2,3
-315.8657989501953,validation,2.0,0.01671891327063741,3,0.07142857142857142,14,1,-15.0,-15.0,-15.0,1.0,0.07142857142857142,0.6881720430107527,cand_hypergraph_flow,Гиперграф+Bi-GLU + Плотность (flow),fold2,3
-315.97001647949213,validation,5.0,0.0522466039707419,3,0.2857142857142857,14,4,-5.0,-1.25,12.800000000000004,0.75,0.2426321616422893,2.150537634408602,cand_hypergraph_flow,Гиперграф+Bi-GLU + Плотность (flow),fold2,3
-315.9984893798828,validation,10.0,0.08150470219435736,3,0.5,14,7,-6.0,-3.7142857142857144,5.4,0.7142857142857143,0.4679684863742356,3.3548387096774195,cand_hypergraph_flow,Гиперграф+Bi-GLU + Плотность (flow),fold2,3
-316.03324890136713,validation,20.0,0.22884012539184953,3,0.5714285714285714,14,8,-9.5,-6.5,6.599999999999998,0.75,0.5264678973782946,9.419354838709678,cand_hypergraph_flow,Гиперграф+Bi-GLU + Плотность (flow),fold2,3
0.2898943275213245,validation,0.25,0.0,3,0.07142857142857142,14,1,19.0,19.0,19.0,0.0,0.029687067719385278,0.0,cand_gcngru_physics,GCN+GRU (фикс. граф) + Невязка LWR,fold2,3
0.23969446867704397,validation,0.5,0.003134796238244514,3,0.07142857142857142,14,1,18.0,18.0,18.0,0.0,0.031091091546290146,0.12903225806451613,cand_gcngru_physics,GCN+GRU (фикс. граф) + Невязка LWR,fold2,3
0.1835209056735042,validation,1.0,0.011494252873563218,3,0.07142857142857142,14,1,13.0,13.0,13.0,0.0,0.0391723207033795,0.4731182795698925,cand_gcngru_physics,GCN+GRU (фикс. граф) + Невязка LWR,fold2,3
0.14034127444028857,validation,2.0,0.022988505747126436,3,0.14285714285714285,14,2,1.0,1.0,10.600000000000001,0.5,0.11060089213195091,0.946236559139785,cand_gcngru_physics,GCN+GRU (фикс. граф) + Невязка LWR,fold2,3
0.10299357399344478,validation,5.0,0.07732497387669801,3,0.42857142857142855,14,6,7.0,2.5,15.5,0.3333333333333333,0.3197171279733318,3.182795698924731,cand_gcngru_physics,GCN+GRU (фикс. граф) + Невязка LWR,fold2,3
0.08220362290740041,validation,10.0,0.16927899686520376,3,0.5714285714285714,14,8,-7.5,-5.0,7.899999999999998,0.75,0.5205070814587069,6.967741935483871,cand_gcngru_physics,GCN+GRU (фикс. граф) + Невязка LWR,fold2,3
0.06959908828139329,validation,20.0,0.2497387669801463,3,0.7142857142857143,14,10,-8.5,-6.4,4.899999999999997,0.8,0.6699750275707215,10.279569892473118,cand_gcngru_physics,GCN+GRU (фикс. граф) + Невязка LWR,fold2,3
3.132897257804871,validation,0.25,0.0020898641588296763,3,0.0,14,0,,,,0.0,0.0,0.08602150537634409,ctrl_random,Случайный score (контроль),fold2,4
3.053596615791322,validation,0.5,0.009404388714733543,3,0.0,14,0,,,,0.0,0.0,0.3870967741935484,ctrl_random,Случайный score (контроль),fold2,4
2.964217782020571,validation,1.0,0.01567398119122257,3,0.2857142857142857,14,4,-5.5,-4.75,1.3000000000000016,0.75,0.2736598497244848,0.6451612903225806,ctrl_random,Случайный score (контроль),fold2,4
2.848430514335633,validation,2.0,0.04179728317659352,3,0.5714285714285714,14,8,-4.0,-2.125,11.5,0.625,0.5000365063031115,1.7204301075268817,ctrl_random,Случайный score (контроль),fold2,4
2.7181664705276494,validation,5.0,0.11076280041797283,3,0.9285714285714286,14,13,-5.0,-3.6153846153846154,7.0,0.6923076923076923,0.8453634318316439,4.559139784946237,ctrl_random,Случайный score (контроль),fold2,4
2.626152634620668,validation,10.0,0.17136886102403343,3,1.0,14,14,-4.5,-4.071428571428571,7.0,0.7142857142857143,0.912819764156721,7.053763440860215,ctrl_random,Случайный score (контроль),fold2,4
2.514963269233704,validation,20.0,0.3187042842215256,3,1.0,14,14,-9.5,-7.571428571428571,3.3000000000000096,0.8571428571428571,0.958400874188689,13.118279569892474,ctrl_random,Случайный score (контроль),fold2,4
21.05802059173584,validation,0.25,0.0010449320794148381,3,0.07142857142857142,14,1,-11.0,-11.0,-11.0,1.0,0.07142857142857142,0.043010752688172046,ctrl_untrained,GCN+GRU (фикс. граф) + Реконструкция [необучен],fold2,4
20.68811702728272,validation,0.5,0.003134796238244514,3,0.07142857142857142,14,1,-11.0,-11.0,-11.0,1.0,0.07142857142857142,0.12903225806451613,ctrl_untrained,GCN+GRU (фикс. граф) + Реконструкция [необучен],fold2,4
20.008593559265137,validation,1.0,0.008359456635318705,3,0.07142857142857142,14,1,-12.0,-12.0,-12.0,1.0,0.07142857142857142,0.34408602150537637,ctrl_untrained,GCN+GRU (фикс. граф) + Реконструкция [необучен],fold2,4
18.634978294372573,validation,2.0,0.02089864158829676,3,0.07142857142857142,14,1,-15.0,-15.0,-15.0,1.0,0.07142857142857142,0.8602150537634409,ctrl_untrained,GCN+GRU (фикс. граф) + Реконструкция [необучен],fold2,4
15.277139186859138,validation,5.0,0.05747126436781609,3,0.2857142857142857,14,4,9.0,5.25,16.8,0.25,0.19929715994294023,2.3655913978494625,ctrl_untrained,GCN+GRU (фикс. граф) + Реконструкция [необучен],fold2,4
12.79044103622438,validation,10.0,0.09090909090909091,3,0.35714285714285715,14,5,-7.0,-5.4,2.000000000000001,0.8,0.33984702023251423,3.7419354838709675,ctrl_untrained,GCN+GRU (фикс. граф) + Реконструкция [необучен],fold2,4
9.807207584381118,validation,20.0,0.15778474399164055,3,0.35714285714285715,14,5,-7.0,-8.0,-0.5999999999999992,0.8,0.34789646880686603,6.494623655913978,ctrl_untrained,GCN+GRU (фикс. граф) + Реконструкция [необучен],fold2,4
6.883805513381965,validation,0.25,0.006269592476489028,3,0.07142857142857142,14,1,-15.0,-15.0,-15.0,1.0,0.07142857142857142,0.25806451612903225,base_pca,PCA (линейная граница),fold2,4
6.789358377456671,validation,0.5,0.0073145245559038665,3,0.07142857142857142,14,1,-15.0,-15.0,-15.0,1.0,0.07142857142857142,0.3010752688172043,base_pca,PCA (линейная граница),fold2,4
5.925793886184699,validation,1.0,0.01044932079414838,3,0.21428571428571427,14,3,-11.0,-2.6666666666666665,12.200000000000001,0.6666666666666666,0.17394823440343302,0.43010752688172044,base_pca,PCA (линейная граница),fold2,4
5.372592210769657,validation,2.0,0.013584117032392894,3,0.21428571428571427,14,3,-12.0,-3.3333333333333335,11.200000000000001,0.6666666666666666,0.17541866030565062,0.5591397849462365,base_pca,PCA (линейная граница),fold2,4
3.203830599784851,validation,5.0,0.04075235109717868,3,0.21428571428571427,14,3,-15.0,-6.333333333333333,5.800000000000001,0.6666666666666666,0.18582232271721846,1.6774193548387097,base_pca,PCA (линейная граница),fold2,4
2.5295943021774354,validation,10.0,0.08463949843260188,3,0.21428571428571427,14,3,-15.0,-8.0,1.8000000000000007,0.6666666666666666,0.19698987737537135,3.4838709677419355,base_pca,PCA (линейная граница),fold2,4
1.5119367241859472,validation,20.0,0.19435736677115986,3,0.5,14,7,-6.0,-8.571428571428571,-2.1999999999999993,1.0,0.5,8.0,base_pca,PCA (линейная граница),fold2,4
1.2573580145835965,validation,0.25,0.003134796238244514,3,0.0,14,0,,,,0.0,0.0,0.12903225806451613,base_california,California алгоритм (AID),fold2,4
0.5722405016422323,validation,0.5,0.011494252873563218,3,0.0,14,0,,,,0.0,0.0,0.4731182795698925,base_california,California алгоритм (AID),fold2,4
0.03676907159388153,validation,1.0,0.03761755485893417,3,0.0,14,0,,,,0.0,0.0,1.5483870967741935,base_california,California алгоритм (AID),fold2,4
-0.05092523805796185,validation,2.0,0.04911180773249739,3,0.14285714285714285,14,2,-3.0,-3.0,-1.4,1.0,0.14285714285714285,2.021505376344086,base_california,California алгоритм (AID),fold2,4
-0.18176629394291702,validation,5.0,0.07836990595611286,3,0.35714285714285715,14,5,-3.0,-3.2,3.6,0.6,0.33584203281706515,3.225806451612903,base_california,California алгоритм (AID),fold2,4
-0.3122669607400862,validation,10.0,0.17345872518286312,3,0.7142857142857143,14,10,-3.5,-5.0,3.0999999999999996,0.7,0.6929848899599224,7.139784946236559,base_california,California алгоритм (AID),fold2,4
-0.4028952270746203,validation,20.0,0.25391849529780564,3,0.8571428571428571,14,12,-6.0,-5.083333333333333,0.9000000000000004,0.75,0.8108351333501762,10.451612903225806,base_california,California алгоритм (AID),fold2,4
2.147168517112809,validation,0.25,0.030303030303030304,3,0.35714285714285715,14,5,-5.0,-4.2,4.2,0.6,0.3331607920914446,1.2473118279569892,base_snd,Standard Normal Deviate (AID),fold2,4
2.017633795738279,validation,0.5,0.04493207941483804,3,0.5714285714285714,14,8,-5.0,-3.25,8.299999999999997,0.625,0.5101194208025309,1.8494623655913978,base_snd,Standard Normal Deviate (AID),fold2,4
1.9260694384575374,validation,1.0,0.06165099268547544,3,0.5714285714285714,14,8,-5.5,-4.375,5.8999999999999995,0.625,0.525371966376008,2.5376344086021505,base_snd,Standard Normal Deviate (AID),fold2,4
1.7739369273185934,validation,2.0,0.0877742946708464,3,0.6428571428571429,14,9,-5.0,-2.0,8.800000000000002,0.5555555555555556,0.5611783575490116,3.6129032258064515,base_snd,Standard Normal Deviate (AID),fold2,4
1.5919951796531846,validation,5.0,0.11598746081504702,3,0.7142857142857143,14,10,-5.5,-4.1,4.6999999999999975,0.6,0.6645214983914265,4.774193548387097,base_snd,Standard Normal Deviate (AID),fold2,4
1.4384240508079853,validation,10.0,0.2089864158829676,3,0.8571428571428571,14,12,-5.5,-6.083333333333333,1.8000000000000007,0.75,0.8387828846215004,8.602150537634408,base_snd,Standard Normal Deviate (AID),fold2,4
1.2739422917366343,validation,20.0,0.3667711598746082,3,0.9285714285714286,14,13,-6.0,-7.923076923076923,-1.1999999999999993,0.9230769230769231,0.9222658920398726,15.096774193548388,base_snd,Standard Normal Deviate (AID),fold2,4
0.7086703479290009,validation,0.25,0.02089864158829676,3,0.21428571428571427,14,3,-7.0,-6.666666666666667,0.2000000000000004,0.6666666666666666,0.20798017775415834,0.8602150537634409,base_iforest,Isolation Forest,fold2,4
0.7061414420604706,validation,0.5,0.029258098223615466,3,0.21428571428571427,14,3,-7.0,-6.666666666666667,0.2000000000000004,0.6666666666666666,0.20798017775415834,1.2043010752688172,base_iforest,Isolation Forest,fold2,4
0.7018704116344452,validation,1.0,0.04493207941483804,3,0.21428571428571427,14,3,-7.0,-8.0,-3.0,1.0,0.21428571428571427,1.8494623655913978,base_iforest,Isolation Forest,fold2,4
0.6944211423397064,validation,2.0,0.07523510971786834,3,0.42857142857142855,14,6,-4.5,-2.3333333333333335,9.0,0.6666666666666666,0.3800654974950946,3.096774193548387,base_iforest,Isolation Forest,fold2,4
0.6854588091373446,validation,5.0,0.11389759665621735,3,0.42857142857142855,14,6,-7.0,-4.0,6.5,0.6666666666666666,0.39176121185485624,4.688172043010753,base_iforest,Isolation Forest,fold2,4
0.6747613847255707,validation,10.0,0.15987460815047022,3,0.5714285714285714,14,8,-2.0,-0.875,10.399999999999999,0.5,0.48804488080138003,6.580645161290323,base_iforest,Isolation Forest,fold2,4
0.6436056792736053,validation,20.0,0.30303030303030304,3,0.7857142857142857,14,11,-3.0,-1.0909090909090908,16.0,0.6363636363636364,0.6731624212688251,12.473118279569892,base_iforest,Isolation Forest,fold2,4
0.002175084897316993,validation,0.25,0.0,3,0.0,14,0,,,,0.0,0.0,0.0,deep_transformer_contrastive,Transformer (без графа) + Контрастив,fold2,4
0.0020424401154741645,validation,0.5,0.0,3,0.0,14,0,,,,0.0,0.0,0.0,deep_transformer_contrastive,Transformer (без графа) + Контрастив,fold2,4
0.001976521103642882,validation,1.0,0.0010449320794148381,3,0.0,14,0,,,,0.0,0.0,0.043010752688172046,deep_transformer_contrastive,Transformer (без графа) + Контрастив,fold2,4
0.0019085080712102362,validation,2.0,0.0010449320794148381,3,0.0,14,0,,,,0.0,0.0,0.043010752688172046,deep_transformer_contrastive,Transformer (без графа) + Контрастив,fold2,4
0.0018061082228086915,validation,5.0,0.0010449320794148381,3,0.07142857142857142,14,1,-10.0,-10.0,-10.0,1.0,0.07142857142857142,0.043010752688172046,deep_transformer_contrastive,Transformer (без графа) + Контрастив,fold2,4
0.0014611476217396566,validation,10.0,0.0010449320794148381,3,0.21428571428571427,14,3,-8.0,-6.0,-1.5999999999999996,0.6666666666666666,0.21428571428571427,0.043010752688172046,deep_transformer_contrastive,Transformer (без графа) + Контрастив,fold2,4
0.0008520146075170489,validation,20.0,0.03761755485893417,3,0.35714285714285715,14,5,-7.0,-4.6,7.600000000000001,0.8,0.31981577156822916,1.5483870967741935,deep_transformer_contrastive,Transformer (без графа) + Контрастив,fold2,4
2.308873534202576,validation,0.25,0.0010449320794148381,3,0.07142857142857142,14,1,7.0,7.0,7.0,0.0,0.051688187051442076,0.043010752688172046,cand_gcngru_recon,GCN+GRU (фикс. граф) + Реконструкция,fold2,4
2.2635971307754534,validation,0.5,0.0041797283176593526,3,0.07142857142857142,14,1,7.0,7.0,7.0,0.0,0.051688187051442076,0.17204301075268819,cand_gcngru_recon,GCN+GRU (фикс. граф) + Реконструкция,fold2,4
2.1544474363327026,validation,1.0,0.0041797283176593526,3,0.07142857142857142,14,1,7.0,7.0,7.0,0.0,0.051688187051442076,0.17204301075268819,cand_gcngru_recon,GCN+GRU (фикс. граф) + Реконструкция,fold2,4
2.0098499059677133,validation,2.0,0.009404388714733543,3,0.14285714285714285,14,2,8.5,8.5,10.5,0.0,0.09709791437830409,0.3870967741935484,cand_gcngru_recon,GCN+GRU (фикс. граф) + Реконструкция,fold2,4
1.6134064793586747,validation,5.0,0.06896551724137931,3,0.35714285714285715,14,5,5.0,6.4,12.0,0.0,0.2714676085640924,2.838709677419355,cand_gcngru_recon,GCN+GRU (фикс. граф) + Реконструкция,fold2,4
1.3949812054634112,validation,10.0,0.10762800417972831,3,0.35714285714285715,14,5,2.0,-1.2,8.0,0.4,0.3096702528206966,4.43010752688172,cand_gcngru_recon,GCN+GRU (фикс. граф) + Реконструкция,fold2,4
1.0393388867378248,validation,20.0,0.2309299895506792,3,0.5,14,7,-6.0,-6.571428571428571,1.4000000000000004,0.7142857142857143,0.49046886374775955,9.505376344086022,cand_gcngru_recon,GCN+GRU (фикс. граф) + Реконструкция,fold2,4
2.95556104183197,validation,0.25,0.0010449320794148381,3,0.07142857142857142,14,1,-14.0,-14.0,-14.0,1.0,0.07142857142857142,0.043010752688172046,cand_gatlstm_recon,GAT+LSTM (обуч. внимание) + Реконструкция,fold2,4
2.91309416294098,validation,0.5,0.006269592476489028,3,0.07142857142857142,14,1,-14.0,-14.0,-14.0,1.0,0.07142857142857142,0.25806451612903225,cand_gatlstm_recon,GAT+LSTM (обуч. внимание) + Реконструкция,fold2,4
2.5617121458053593,validation,1.0,0.04075235109717868,3,0.07142857142857142,14,1,-14.0,-14.0,-14.0,1.0,0.07142857142857142,1.6774193548387097,cand_gatlstm_recon,GAT+LSTM (обуч. внимание) + Реконструкция,fold2,4
2.4651070833206203,validation,2.0,0.04597701149425287,3,0.07142857142857142,14,1,-15.0,-15.0,-15.0,1.0,0.07142857142857142,1.89247311827957,cand_gatlstm_recon,GAT+LSTM (обуч. внимание) + Реконструкция,fold2,4
2.22095572948456,validation,5.0,0.0741901776384535,3,0.21428571428571427,14,3,5.0,0.3333333333333333,9.8,0.3333333333333333,0.17108664600179702,3.053763440860215,cand_gatlstm_recon,GAT+LSTM (обуч. внимание) + Реконструкция,fold2,4
1.8955882191658033,validation,10.0,0.11180773249738767,3,0.35714285714285715,14,5,2.0,-0.4,5.4,0.2,0.3186249481774962,4.602150537634409,cand_gatlstm_recon,GAT+LSTM (обуч. внимание) + Реконструкция,fold2,4
1.4888580441474932,validation,20.0,0.19017763845350052,3,0.7142857142857143,14,10,-3.5,-1.2,11.599999999999998,0.6,0.617604995837011,7.827956989247312,cand_gatlstm_recon,GAT+LSTM (обуч. внимание) + Реконструкция,fold2,4
0.2655761986970902,validation,0.25,0.0010449320794148381,3,0.14285714285714285,14,2,1.0,1.0,5.800000000000001,0.5,0.1231167584800135,0.043010752688172046,cand_gcngru_bigan,GCN+GRU (фикс. граф) + Критик BiGAN,fold2,4
0.2640945762395859,validation,0.5,0.008359456635318705,3,0.14285714285714285,14,2,-2.5,-2.5,5.1000000000000005,0.5,0.1231167584800135,0.34408602150537637,cand_gcngru_bigan,GCN+GRU (фикс. граф) + Критик BiGAN,fold2,4
0.26196472346782684,validation,1.0,0.018808777429467086,3,0.14285714285714285,14,2,-3.0,-3.0,4.2,0.5,0.12556130594679993,0.7741935483870968,cand_gcngru_bigan,GCN+GRU (фикс. граф) + Критик BiGAN,fold2,4
0.26102040708065033,validation,2.0,0.024033437826541274,3,0.14285714285714285,14,2,-3.0,-3.0,4.2,0.5,0.12556130594679993,0.989247311827957,cand_gcngru_bigan,GCN+GRU (фикс. граф) + Критик BiGAN,fold2,4
0.25772239267826086,validation,5.0,0.07628004179728318,3,0.2857142857142857,14,4,-9.5,-4.25,9.400000000000004,0.75,0.24838720013965773,3.139784946236559,cand_gcngru_bigan,GCN+GRU (фикс. граф) + Критик BiGAN,fold2,4
0.25445257127285004,validation,10.0,0.12434691745036573,3,0.35714285714285715,14,5,-7.0,-7.4,1.200000000000001,0.8,0.33984702023251423,5.118279569892473,cand_gcngru_bigan,GCN+GRU (фикс. граф) + Критик BiGAN,fold2,4
0.24973952025175095,validation,20.0,0.19853709508881923,3,0.5,14,7,-6.0,-4.571428571428571,7.600000000000003,0.7142857142857143,0.45568931328500717,8.172043010752688,cand_gcngru_bigan,GCN+GRU (фикс. граф) + Критик BiGAN,fold2,4
-314.51835632324213,validation,0.25,0.0,3,0.0,14,0,,,,0.0,0.0,0.0,cand_hypergraph_flow,Гиперграф+Bi-GLU + Плотность (flow),fold2,4
-314.5677032470703,validation,0.5,0.0041797283176593526,3,0.07142857142857142,14,1,-12.0,-12.0,-12.0,1.0,0.07142857142857142,0.17204301075268819,cand_hypergraph_flow,Гиперграф+Bi-GLU + Плотность (flow),fold2,4
-314.6100616455078,validation,1.0,0.008359456635318705,3,0.07142857142857142,14,1,-12.0,-12.0,-12.0,1.0,0.07142857142857142,0.34408602150537637,cand_hypergraph_flow,Гиперграф+Bi-GLU + Плотность (flow),fold2,4
-314.62052917480463,validation,2.0,0.014629049111807733,3,0.07142857142857142,14,1,-15.0,-15.0,-15.0,1.0,0.07142857142857142,0.6021505376344086,cand_hypergraph_flow,Гиперграф+Bi-GLU + Плотность (flow),fold2,4
-314.6764678955078,validation,5.0,0.03239289446185998,3,0.21428571428571427,14,3,-2.0,-5.333333333333333,0.40000000000000013,0.6666666666666666,0.21106011456502974,1.3333333333333333,cand_hypergraph_flow,Гиперграф+Bi-GLU + Плотность (flow),fold2,4
-314.6954193115234,validation,10.0,0.06687565308254964,3,0.35714285714285715,14,5,-5.0,-2.8,6.4,0.6,0.3230138811519054,2.752688172043011,cand_hypergraph_flow,Гиперграф+Bi-GLU + Плотность (flow),fold2,4
-314.7123870849609,validation,20.0,0.18181818181818182,3,0.5714285714285714,14,8,-6.5,-6.125,3.8999999999999995,0.75,0.5448863461822374,7.483870967741935,cand_hypergraph_flow,Гиперграф+Bi-GLU + Плотность (flow),fold2,4
0.21212577074766162,validation,0.25,0.0020898641588296763,3,0.07142857142857142,14,1,19.0,19.0,19.0,0.0,0.029687067719385278,0.08602150537634409,cand_gcngru_physics,GCN+GRU (фикс. граф) + Невязка LWR,fold2,4
0.1528351232409478,validation,0.5,0.008359456635318705,3,0.14285714285714285,14,2,15.0,15.0,16.6,0.0,0.07173383815188725,0.34408602150537637,cand_gcngru_physics,GCN+GRU (фикс. граф) + Невязка LWR,fold2,4
0.1370978280901911,validation,1.0,0.009404388714733543,3,0.14285714285714285,14,2,9.5,9.5,12.3,0.0,0.093305055221608,0.3870967741935484,cand_gcngru_physics,GCN+GRU (фикс. граф) + Невязка LWR,fold2,4
0.11980485543608674,validation,2.0,0.02612330198537095,3,0.14285714285714285,14,2,8.5,8.5,12.1,0.0,0.09854645614215005,1.075268817204301,cand_gcngru_physics,GCN+GRU (фикс. граф) + Невязка LWR,fold2,4
0.09747230634093312,validation,5.0,0.07732497387669801,3,0.2857142857142857,14,4,-2.5,-2.0,9.900000000000002,0.5,0.24057497882018694,3.182795698924731,cand_gcngru_physics,GCN+GRU (фикс. граф) + Невязка LWR,fold2,4
0.078931923955679,validation,10.0,0.15673981191222572,3,0.5,14,7,1.0,-0.8571428571428571,13.400000000000002,0.42857142857142855,0.4173895187409551,6.451612903225806,cand_gcngru_physics,GCN+GRU (фикс. граф) + Невязка LWR,fold2,4
0.06412728503346468,validation,20.0,0.2800417972831766,3,0.7857142857142857,14,11,-6.0,-5.090909090909091,8.0,0.7272727272727273,0.7221371066519516,11.526881720430108,cand_gcngru_physics,GCN+GRU (фикс. граф) + Невязка LWR,fold2,4
3.131225466728211,validation,0.25,0.002533783783783784,3,0.14285714285714285,7,1,-4.0,-4.0,-4.0,1.0,0.14285714285714285,0.12903225806451613,ctrl_random,Случайный score (контроль),fold3,0
3.0808721780777,validation,0.5,0.0033783783783783786,3,0.2857142857142857,7,2,-2.0,-2.0,-0.3999999999999999,0.5,0.2857142857142857,0.17204301075268819,ctrl_random,Случайный score (контроль),fold3,0
2.96724045276642,validation,1.0,0.016891891891891893,3,0.2857142857142857,7,2,-2.0,-2.0,-0.3999999999999999,0.5,0.2857142857142857,0.8602150537634409,ctrl_random,Случайный score (контроль),fold3,0
2.89528286457062,validation,2.0,0.03125,3,0.42857142857142855,7,3,0.0,3.6666666666666665,12.0,0.3333333333333333,0.35714285714285715,1.5913978494623655,ctrl_random,Случайный score (контроль),fold3,0
2.7691658735275277,validation,5.0,0.08868243243243243,3,0.5714285714285714,7,4,-8.0,-3.5,9.300000000000004,0.75,0.5,4.516129032258065,ctrl_random,Случайный score (контроль),fold3,0
2.6363011598587054,validation,10.0,0.1866554054054054,3,1.0,7,7,-4.0,-1.8571428571428572,13.8,0.5714285714285714,0.8455661504490625,9.505376344086022,ctrl_random,Случайный score (контроль),fold3,0
2.5008856058120745,validation,20.0,0.3657094594594595,3,1.0,7,7,-13.0,-7.0,9.0,0.7142857142857143,0.9027868443961279,18.623655913978496,ctrl_random,Случайный score (контроль),fold3,0
18.80792331695557,validation,0.25,0.030405405405405407,3,0.14285714285714285,7,1,15.0,15.0,15.0,0.0,0.07142857142857142,1.5483870967741935,ctrl_untrained,GCN+GRU (фикс. граф) + Реконструкция [необучен],fold3,0
18.586522102355964,validation,0.5,0.03462837837837838,3,0.14285714285714285,7,1,15.0,15.0,15.0,0.0,0.07142857142857142,1.7634408602150538,ctrl_untrained,GCN+GRU (фикс. граф) + Реконструкция [необучен],fold3,0
17.83668804168701,validation,1.0,0.037162162162162164,3,0.14285714285714285,7,1,14.0,14.0,14.0,0.0,0.0748067230586162,1.89247311827957,ctrl_untrained,GCN+GRU (фикс. граф) + Реконструкция [необучен],fold3,0
16.57930278778076,validation,2.0,0.03969594594594594,3,0.14285714285714285,7,1,-9.0,-9.0,-9.0,1.0,0.14285714285714285,2.021505376344086,ctrl_untrained,GCN+GRU (фикс. граф) + Реконструкция [необучен],fold3,0
13.903769016265873,validation,5.0,0.06672297297297297,3,0.42857142857142855,7,3,-1.0,-3.3333333333333335,4.6000000000000005,0.6666666666666666,0.3939797547507427,3.3978494623655915,ctrl_untrained,GCN+GRU (фикс. граф) + Реконструкция [необучен],fold3,0
10.769724369049081,validation,10.0,0.13006756756756757,3,0.5714285714285714,7,4,-5.5,-3.0,10.400000000000002,0.5,0.49076707856693286,6.623655913978495,ctrl_untrained,GCN+GRU (фикс. граф) + Реконструкция [необучен],fold3,0
6.121493577957157,validation,20.0,0.31334459459459457,3,0.8571428571428571,7,6,-15.0,-8.166666666666666,5.5,0.6666666666666666,0.7959252062778093,15.956989247311828,ctrl_untrained,GCN+GRU (фикс. граф) + Реконструкция [необучен],fold3,0
6.918563604354864,validation,0.25,0.04814189189189189,3,0.2857142857142857,7,2,-4.5,-4.5,3.9000000000000004,0.5,0.25112261189359986,2.4516129032258065,base_pca,PCA (линейная граница),fold3,0
5.819871187210088,validation,0.5,0.04814189189189189,3,0.2857142857142857,7,2,-5.0,-5.0,3.0000000000000004,0.5,0.2562429322834428,2.4516129032258065,base_pca,PCA (линейная граница),fold3,0
4.6205236911773735,validation,1.0,0.05405405405405406,3,0.2857142857142857,7,2,-5.5,-5.5,2.1000000000000005,0.5,0.261605413734684,2.752688172043011,base_pca,PCA (линейная граница),fold3,0
2.7276762723922774,validation,2.0,0.059966216216216214,3,0.5714285714285714,7,4,1.0,1.25,15.3,0.5,0.4421470338620727,3.053763440860215,base_pca,PCA (линейная граница),fold3,0
2.3862024545669627,validation,5.0,0.07601351351351351,3,0.7142857142857143,7,5,9.0,1.6,15.0,0.4,0.5271377681662962,3.870967741935484,base_pca,PCA (линейная граница),fold3,0
1.939691364765173,validation,10.0,0.09543918918918919,3,0.8571428571428571,7,6,10.5,3.5,15.0,0.3333333333333333,0.6050244280357838,4.860215053763441,base_pca,PCA (линейная граница),fold3,0
0.7856747210025838,validation,20.0,0.2947635135135135,3,0.8571428571428571,7,6,-15.0,-8.166666666666666,5.5,0.6666666666666666,0.7959252062778093,15.010752688172044,base_pca,PCA (линейная граница),fold3,0
0.5206284224987157,validation,0.25,0.0033783783783783786,3,0.0,7,0,,,,0.0,0.0,0.17204301075268819,base_california,California алгоритм (AID),fold3,0
0.23411332815886082,validation,0.5,0.0059121621621621625,3,0.0,7,0,,,,0.0,0.0,0.3010752688172043,base_california,California алгоритм (AID),fold3,0
0.05459028296174054,validation,1.0,0.007601351351351352,3,0.14285714285714285,7,1,13.0,13.0,13.0,0.0,0.078344641406759,0.3870967741935484,base_california,California алгоритм (AID),fold3,0
-0.07297781482337742,validation,2.0,0.016047297297297296,3,0.42857142857142855,7,3,4.0,3.0,14.4,0.3333333333333333,0.3267284486316995,0.8172043010752689,base_california,California алгоритм (AID),fold3,0
-0.18001171201464927,validation,5.0,0.05067567567567568,3,0.5714285714285714,7,4,-10.5,-4.5,9.500000000000004,0.75,0.4936944634684441,2.5806451612903225,base_california,California алгоритм (AID),fold3,0
-0.2897910922765513,validation,10.0,0.13429054054054054,3,0.8571428571428571,7,6,-9.0,-4.666666666666667,9.0,0.6666666666666666,0.7631590022616305,6.838709677419355,base_california,California алгоритм (AID),fold3,0
-0.4638553708791606,validation,20.0,0.3277027027027027,3,1.0,7,7,-12.0,-7.571428571428571,5.200000000000003,0.7142857142857143,0.934526144786522,16.688172043010752,base_california,California алгоритм (AID),fold3,0
3.114544510841379,validation,0.25,0.002533783783783784,3,0.0,7,0,,,,0.0,0.0,0.12903225806451613,base_snd,Standard Normal Deviate (AID),fold3,0
2.5727196931839025,validation,0.5,0.016047297297297296,3,0.42857142857142855,7,3,3.0,2.6666666666666665,5.4,0.3333333333333333,0.37548697807876047,0.8172043010752689,base_snd,Standard Normal Deviate (AID),fold3,0
2.333176016807563,validation,1.0,0.024493243243243243,3,0.42857142857142855,7,3,-2.0,-4.666666666666667,2.0,0.6666666666666666,0.4100786518994463,1.2473118279569892,base_snd,Standard Normal Deviate (AID),fold3,0
2.2077416181564846,validation,2.0,0.028716216216216218,3,0.42857142857142855,7,3,-2.0,-4.666666666666667,2.0,0.6666666666666666,0.4100786518994463,1.4623655913978495,base_snd,Standard Normal Deviate (AID),fold3,0
1.8702011704445063,validation,5.0,0.07094594594594594,3,0.5714285714285714,7,4,-5.0,-5.5,0.6000000000000014,0.75,0.5529357947565892,3.6129032258064515,base_snd,Standard Normal Deviate (AID),fold3,0
1.5179881453514437,validation,10.0,0.16131756756756757,3,0.8571428571428571,7,6,-5.5,-3.5,10.0,0.6666666666666666,0.7516094962039294,8.21505376344086,base_snd,Standard Normal Deviate (AID),fold3,0
1.3275696635246843,validation,20.0,0.3108108108108108,3,1.0,7,7,-8.0,-5.571428571428571,7.800000000000001,0.7142857142857143,0.9119126534438052,15.827956989247312,base_snd,Standard Normal Deviate (AID),fold3,0
0.7148932516574862,validation,0.25,0.028716216216216218,3,0.2857142857142857,7,2,9.5,9.5,15.5,0.0,0.19536910469104646,1.4623655913978495,base_iforest,Isolation Forest,fold3,0
0.7141418159008026,validation,0.5,0.03125,3,0.2857142857142857,7,2,9.5,9.5,15.5,0.0,0.19536910469104646,1.5913978494623655,base_iforest,Isolation Forest,fold3,0
0.7087688148021698,validation,1.0,0.03969594594594594,3,0.42857142857142855,7,3,10.0,8.666666666666666,14.0,0.0,0.29782887555112186,2.021505376344086,base_iforest,Isolation Forest,fold3,0
0.7058912813663485,validation,2.0,0.03969594594594594,3,0.7142857142857143,7,5,6.0,6.8,13.0,0.0,0.5363404143816098,2.021505376344086,base_iforest,Isolation Forest,fold3,0
0.7006058990955355,validation,5.0,0.052364864864864864,3,0.7142857142857143,7,5,6.0,4.4,13.0,0.2,0.5427916138229789,2.6666666666666665,base_iforest,Isolation Forest,fold3,0
0.6830704510211947,validation,10.0,0.11908783783783784,3,0.8571428571428571,7,6,0.5,-0.5,6.0,0.5,0.7774324296058269,6.064516129032258,base_iforest,Isolation Forest,fold3,0
0.651980847120285,validation,20.0,0.23564189189189189,3,0.8571428571428571,7,6,-12.5,-7.333333333333333,5.5,0.6666666666666666,0.7959252062778093,12.0,base_iforest,Isolation Forest,fold3,0
0.0011237188591621823,validation,0.25,0.030405405405405407,3,0.14285714285714285,7,1,10.0,10.0,10.0,0.0,0.08999436070677666,1.5483870967741935,deep_transformer_contrastive,Transformer (без графа) + Контрастив,fold3,0
0.001003767421934755,validation,0.5,0.036317567567567564,3,0.14285714285714285,7,1,10.0,10.0,10.0,0.0,0.08999436070677666,1.8494623655913978,deep_transformer_contrastive,Transformer (без графа) + Контрастив,fold3,0
0.0008977849211078145,validation,1.0,0.044763513513513514,3,0.2857142857142857,7,2,11.5,11.5,12.7,0.0,0.16833900211353564,2.2795698924731185,deep_transformer_contrastive,Transformer (без графа) + Контрастив,fold3,0
0.000823752576252446,validation,2.0,0.052364864864864864,3,0.2857142857142857,7,2,9.5,9.5,12.3,0.0,0.186610110443216,2.6666666666666665,deep_transformer_contrastive,Transformer (без графа) + Контрастив,fold3,0
0.0005354209279175859,validation,5.0,0.1258445945945946,3,0.42857142857142855,7,3,-12.0,-5.666666666666667,5.600000000000001,0.6666666666666666,0.3757086464210624,6.408602150537634,deep_transformer_contrastive,Transformer (без графа) + Контрастив,fold3,0
0.00037370288919191856,validation,10.0,0.2972972972972973,3,0.8571428571428571,7,6,2.5,-1.5,8.0,0.3333333333333333,0.7379516608515682,15.13978494623656,deep_transformer_contrastive,Transformer (без графа) + Контрастив,fold3,0
0.00029759270546492265,validation,20.0,0.44932432432432434,3,1.0,7,7,1.0,-2.0,9.8,0.42857142857142855,0.8754043665565913,22.881720430107528,deep_transformer_contrastive,Transformer (без графа) + Контрастив,fold3,0
1.7714197039604191,validation,0.25,0.052364864864864864,3,0.2857142857142857,7,2,11.5,11.5,18.3,0.0,0.18105726089831056,2.6666666666666665,cand_gcngru_recon,GCN+GRU (фикс. граф) + Реконструкция,fold3,0
1.7017704844474801,validation,0.5,0.05574324324324324,3,0.2857142857142857,7,2,8.0,8.0,12.8,0.0,0.20505279285264716,2.838709677419355,cand_gcngru_recon,GCN+GRU (фикс. граф) + Реконструкция,fold3,0
1.6782600283622755,validation,1.0,0.05574324324324324,3,0.2857142857142857,7,2,8.0,8.0,12.8,0.0,0.20505279285264716,2.838709677419355,cand_gcngru_recon,GCN+GRU (фикс. граф) + Реконструкция,fold3,0
1.5094136595726018,validation,2.0,0.07094594594594594,3,0.2857142857142857,7,2,7.0,7.0,11.0,0.0,0.21229595229381917,3.6129032258064515,cand_gcngru_recon,GCN+GRU (фикс. граф) + Реконструкция,fold3,0
1.3447932600975046,validation,5.0,0.09797297297297297,3,0.2857142857142857,7,2,-2.0,-2.0,8.4,0.5,0.22878750257729405,4.989247311827957,cand_gcngru_recon,GCN+GRU (фикс. граф) + Реконструкция,fold3,0
1.0860754847526564,validation,10.0,0.14864864864864866,3,0.5714285714285714,7,4,-11.5,-7.25,3.0000000000000036,0.75,0.5228219936266353,7.56989247311828,cand_gcngru_recon,GCN+GRU (фикс. граф) + Реконструкция,fold3,0
0.7018150985240938,validation,20.0,0.24070945945945946,3,0.8571428571428571,7,6,-6.5,-4.0,9.5,0.5,0.7430624241274429,12.258064516129032,cand_gcngru_recon,GCN+GRU (фикс. граф) + Реконструкция,fold3,0
2.723577857017519,validation,0.25,0.04307432432432432,3,0.14285714285714285,7,1,5.0,5.0,5.0,0.0,0.11338578942629997,2.193548387096774,cand_gatlstm_recon,GAT+LSTM (обуч. внимание) + Реконструкция,fold3,0
2.6749271154403704,validation,0.5,0.04391891891891892,3,0.14285714285714285,7,1,5.0,5.0,5.0,0.0,0.11338578942629997,2.236559139784946,cand_gatlstm_recon,GAT+LSTM (обуч. внимание) + Реконструкция,fold3,0
2.591507315635681,validation,1.0,0.05320945945945946,3,0.2857142857142857,7,2,12.5,12.5,18.5,0.0,0.17007868413944996,2.7096774193548385,cand_gatlstm_recon,GAT+LSTM (обуч. внимание) + Реконструкция,fold3,0
2.471312403678894,validation,2.0,0.06165540540540541,3,0.2857142857142857,7,2,12.5,12.5,18.5,0.0,0.17007868413944996,3.139784946236559,cand_gatlstm_recon,GAT+LSTM (обуч. внимание) + Реконструкция,fold3,0
2.180336833000184,validation,5.0,0.07939189189189189,3,0.2857142857142857,7,2,9.0,9.0,14.6,0.0,0.19844904150191786,4.043010752688172,cand_gatlstm_recon,GAT+LSTM (обуч. внимание) + Реконструкция,fold3,0
1.724625527858736,validation,10.0,0.125,3,0.5714285714285714,7,4,-5.0,-3.75,6.700000000000002,0.75,0.5185657892782053,6.365591397849462,cand_gatlstm_recon,GAT+LSTM (обуч. внимание) + Реконструкция,fold3,0
1.0908119082450876,validation,20.0,0.27449324324324326,3,1.0,7,7,-6.0,-5.0,6.600000000000001,0.5714285714285714,0.9093109957041092,13.978494623655914,cand_gatlstm_recon,GAT+LSTM (обуч. внимание) + Реконструкция,fold3,0
0.2128448411822319,validation,0.25,0.008445945945945946,3,0.2857142857142857,7,2,-5.0,-5.0,-5.0,1.0,0.2857142857142857,0.43010752688172044,cand_gcngru_bigan,GCN+GRU (фикс. граф) + Критик BiGAN,fold3,0
0.21280064433813095,validation,0.5,0.009290540540540541,3,0.2857142857142857,7,2,-5.0,-5.0,-5.0,1.0,0.2857142857142857,0.4731182795698925,cand_gcngru_bigan,GCN+GRU (фикс. граф) + Критик BiGAN,fold3,0
0.2126436308026314,validation,1.0,0.02195945945945946,3,0.42857142857142855,7,3,-5.0,3.0,14.200000000000001,0.6666666666666666,0.3450884211530563,1.118279569892473,cand_gcngru_bigan,GCN+GRU (фикс. граф) + Критик BiGAN,fold3,0
0.2125917300581932,validation,2.0,0.02533783783783784,3,0.42857142857142855,7,3,-5.0,3.0,14.200000000000001,0.6666666666666666,0.3450884211530563,1.2903225806451613,cand_gcngru_bigan,GCN+GRU (фикс. граф) + Критик BiGAN,fold3,0
0.2123938426375389,validation,5.0,0.05574324324324324,3,0.42857142857142855,7,3,-5.0,2.3333333333333335,13.400000000000002,0.6666666666666666,0.34789646880686603,2.838709677419355,cand_gcngru_bigan,GCN+GRU (фикс. граф) + Критик BiGAN,fold3,0
0.21211539953947067,validation,10.0,0.16131756756756757,3,0.7142857142857143,7,5,-11.0,-4.2,10.8,0.6,0.6211387664644761,8.21505376344086,cand_gcngru_bigan,GCN+GRU (фикс. граф) + Критик BiGAN,fold3,0
0.21174680441617966,validation,20.0,0.375,3,1.0,7,7,-12.0,-5.142857142857143,7.8000000000000025,0.5714285714285714,0.8971103131486906,19.096774193548388,cand_gcngru_bigan,GCN+GRU (фикс. граф) + Критик BiGAN,fold3,0
-317.5023956298828,validation,0.25,0.026182432432432432,3,0.14285714285714285,7,1,7.0,7.0,7.0,0.0,0.10337637410288415,1.3333333333333333,cand_hypergraph_flow,Гиперграф+Bi-GLU + Плотность (flow),fold3,0
-317.51432800292963,validation,0.5,0.030405405405405407,3,0.14285714285714285,7,1,7.0,7.0,7.0,0.0,0.10337637410288415,1.5483870967741935,cand_hypergraph_flow,Гиперграф+Bi-GLU + Плотность (flow),fold3,0
-317.53175354003906,validation,1.0,0.037162162162162164,3,0.14285714285714285,7,1,6.0,6.0,6.0,0.0,0.108265469036457,1.89247311827957,cand_hypergraph_flow,Гиперграф+Bi-GLU + Плотность (flow),fold3,0
-317.5442657470703,validation,2.0,0.0472972972972973,3,0.14285714285714285,7,1,-11.0,-11.0,-11.0,1.0,0.14285714285714285,2.4086021505376345,cand_hypergraph_flow,Гиперграф+Bi-GLU + Плотность (flow),fold3,0
-317.56349182128906,validation,5.0,0.09543918918918919,3,0.5714285714285714,7,4,1.5,0.0,8.7,0.5,0.47867291362433356,4.860215053763441,cand_hypergraph_flow,Гиперграф+Bi-GLU + Плотность (flow),fold3,0
-317.57057189941406,validation,10.0,0.13429054054054054,3,0.7142857142857143,7,5,2.0,0.0,8.2,0.4,0.6135872946664076,6.838709677419355,cand_hypergraph_flow,Гиперграф+Bi-GLU + Плотность (flow),fold3,0
-317.5797882080078,validation,20.0,0.2846283783783784,3,0.8571428571428571,7,6,-0.5,-2.8333333333333335,7.0,0.5,0.7664538528469663,14.494623655913978,cand_hypergraph_flow,Гиперграф+Bi-GLU + Плотность (flow),fold3,0
0.12535654753446582,validation,0.25,0.019425675675675675,3,0.2857142857142857,7,2,14.0,14.0,14.8,0.0,0.1497732128353304,0.989247311827957,cand_gcngru_physics,GCN+GRU (фикс. граф) + Невязка LWR,fold3,0
0.12121629342436803,validation,0.5,0.019425675675675675,3,0.2857142857142857,7,2,14.0,14.0,14.8,0.0,0.1497732128353304,0.989247311827957,cand_gcngru_physics,GCN+GRU (фикс. граф) + Невязка LWR,fold3,0
0.09770869836211205,validation,1.0,0.02956081081081081,3,0.2857142857142857,7,2,11.0,11.0,14.2,0.0,0.17480494553145556,1.5053763440860215,cand_gcngru_physics,GCN+GRU (фикс. граф) + Невязка LWR,fold3,0
0.08878743276000034,validation,2.0,0.03969594594594594,3,0.2857142857142857,7,2,11.0,11.0,14.2,0.0,0.17480494553145556,2.021505376344086,cand_gcngru_physics,GCN+GRU (фикс. граф) + Невязка LWR,fold3,0
0.07083114609122287,validation,5.0,0.05067567567567568,3,0.2857142857142857,7,2,-0.5,-0.5,10.3,0.5,0.22120178426390183,2.5806451612903225,cand_gcngru_physics,GCN+GRU (фикс. граф) + Невязка LWR,fold3,0
0.05417644791305079,validation,10.0,0.10810810810810811,3,0.5714285714285714,7,4,-14.0,-8.0,3.8000000000000043,0.75,0.5145017882915798,5.505376344086022,cand_gcngru_physics,GCN+GRU (фикс. граф) + Невязка LWR,fold3,0
0.03418522886931901,validation,20.0,0.3141891891891892,3,1.0,7,7,-12.0,-5.285714285714286,7.400000000000002,0.5714285714285714,0.8894929914525639,16.0,cand_gcngru_physics,GCN+GRU (фикс. граф) + Невязка LWR,fold3,0
3.016839861869813,validation,0.25,0.018581081081081082,3,0.14285714285714285,7,1,-12.0,-12.0,-12.0,1.0,0.14285714285714285,0.946236559139785,ctrl_random,Случайный score (контроль),fold3,1
2.9948729276657113,validation,0.5,0.019425675675675675,3,0.14285714285714285,7,1,-12.0,-12.0,-12.0,1.0,0.14285714285714285,0.989247311827957,ctrl_random,Случайный score (контроль),fold3,1
2.8881093263626116,validation,1.0,0.032939189189189186,3,0.42857142857142855,7,3,-12.0,-12.0,-11.2,1.0,0.42857142857142855,1.6774193548387097,ctrl_random,Случайный score (контроль),fold3,1
2.8169223070144658,validation,2.0,0.05067567567567568,3,0.42857142857142855,7,3,-13.0,-12.333333333333334,-11.4,1.0,0.42857142857142855,2.5806451612903225,ctrl_random,Случайный score (контроль),fold3,1
2.724655032157898,validation,5.0,0.0929054054054054,3,0.7142857142857143,7,5,-11.0,-6.4,3.2000000000000006,0.8,0.6796940404650285,4.731182795698925,ctrl_random,Случайный score (контроль),fold3,1
2.625312447547914,validation,10.0,0.18074324324324326,3,0.8571428571428571,7,6,-7.0,-3.5,11.5,0.6666666666666666,0.7448170753620439,9.204301075268818,ctrl_random,Случайный score (контроль),fold3,1
2.5174540281295776,validation,20.0,0.33783783783783783,3,1.0,7,7,-13.0,-6.285714285714286,10.000000000000004,0.7142857142857143,0.8907541550300583,17.204301075268816,ctrl_random,Случайный score (контроль),fold3,1
18.943900108337402,validation,0.25,0.02956081081081081,3,0.14285714285714285,7,1,15.0,15.0,15.0,0.0,0.07142857142857142,1.5053763440860215,ctrl_untrained,GCN+GRU (фикс. граф) + Реконструкция [необучен],fold3,1
18.634125709533702,validation,0.5,0.032939189189189186,3,0.14285714285714285,7,1,15.0,15.0,15.0,0.0,0.07142857142857142,1.6774193548387097,ctrl_untrained,GCN+GRU (фикс. граф) + Реконструкция [необучен],fold3,1
17.886120796203627,validation,1.0,0.037162162162162164,3,0.14285714285714285,7,1,14.0,14.0,14.0,0.0,0.0748067230586162,1.89247311827957,ctrl_untrained,GCN+GRU (фикс. граф) + Реконструкция [необучен],fold3,1
16.722409248352058,validation,2.0,0.03969594594594594,3,0.14285714285714285,7,1,13.0,13.0,13.0,0.0,0.078344641406759,2.021505376344086,ctrl_untrained,GCN+GRU (фикс. граф) + Реконструкция [необучен],fold3,1
14.077028751373298,validation,5.0,0.06587837837837837,3,0.42857142857142855,7,3,0.0,-3.0,4.800000000000001,0.3333333333333333,0.3939797547507427,3.3548387096774195,ctrl_untrained,GCN+GRU (фикс. граф) + Реконструкция [необучен],fold3,1
10.816215038299566,validation,10.0,0.13006756756756757,3,0.5714285714285714,7,4,-5.5,-3.0,10.400000000000002,0.5,0.49076707856693286,6.623655913978495,ctrl_untrained,GCN+GRU (фикс. граф) + Реконструкция [необучен],fold3,1
6.172234296798718,validation,20.0,0.31165540540540543,3,0.8571428571428571,7,6,-15.0,-8.166666666666666,5.5,0.6666666666666666,0.7959252062778093,15.870967741935484,ctrl_untrained,GCN+GRU (фикс. граф) + Реконструкция [необучен],fold3,1
6.918563604354864,validation,0.25,0.04814189189189189,3,0.2857142857142857,7,2,-4.5,-4.5,3.9000000000000004,0.5,0.25112261189359986,2.4516129032258065,base_pca,PCA (линейная граница),fold3,1
5.819871187210088,validation,0.5,0.04814189189189189,3,0.2857142857142857,7,2,-5.0,-5.0,3.0000000000000004,0.5,0.2562429322834428,2.4516129032258065,base_pca,PCA (линейная граница),fold3,1
4.6205236911773735,validation,1.0,0.05405405405405406,3,0.2857142857142857,7,2,-5.5,-5.5,2.1000000000000005,0.5,0.261605413734684,2.752688172043011,base_pca,PCA (линейная граница),fold3,1
2.7276762723922774,validation,2.0,0.059966216216216214,3,0.5714285714285714,7,4,1.0,1.25,15.3,0.5,0.4421470338620727,3.053763440860215,base_pca,PCA (линейная граница),fold3,1
2.3862024545669627,validation,5.0,0.07601351351351351,3,0.7142857142857143,7,5,9.0,1.6,15.0,0.4,0.5271377681662962,3.870967741935484,base_pca,PCA (линейная граница),fold3,1
1.939691364765173,validation,10.0,0.09543918918918919,3,0.8571428571428571,7,6,10.5,3.5,15.0,0.3333333333333333,0.6050244280357838,4.860215053763441,base_pca,PCA (линейная граница),fold3,1
0.7856747210025838,validation,20.0,0.2947635135135135,3,0.8571428571428571,7,6,-15.0,-8.166666666666666,5.5,0.6666666666666666,0.7959252062778093,15.010752688172044,base_pca,PCA (линейная граница),fold3,1
0.5206284224987157,validation,0.25,0.0033783783783783786,3,0.0,7,0,,,,0.0,0.0,0.17204301075268819,base_california,California алгоритм (AID),fold3,1
0.23411332815886082,validation,0.5,0.0059121621621621625,3,0.0,7,0,,,,0.0,0.0,0.3010752688172043,base_california,California алгоритм (AID),fold3,1
0.05459028296174054,validation,1.0,0.007601351351351352,3,0.14285714285714285,7,1,13.0,13.0,13.0,0.0,0.078344641406759,0.3870967741935484,base_california,California алгоритм (AID),fold3,1
-0.07297781482337742,validation,2.0,0.016047297297297296,3,0.42857142857142855,7,3,4.0,3.0,14.4,0.3333333333333333,0.3267284486316995,0.8172043010752689,base_california,California алгоритм (AID),fold3,1
-0.18001171201464927,validation,5.0,0.05067567567567568,3,0.5714285714285714,7,4,-10.5,-4.5,9.500000000000004,0.75,0.4936944634684441,2.5806451612903225,base_california,California алгоритм (AID),fold3,1
-0.2897910922765513,validation,10.0,0.13429054054054054,3,0.8571428571428571,7,6,-9.0,-4.666666666666667,9.0,0.6666666666666666,0.7631590022616305,6.838709677419355,base_california,California алгоритм (AID),fold3,1
-0.4638553708791606,validation,20.0,0.3277027027027027,3,1.0,7,7,-12.0,-7.571428571428571,5.200000000000003,0.7142857142857143,0.934526144786522,16.688172043010752,base_california,California алгоритм (AID),fold3,1
3.114544510841379,validation,0.25,0.002533783783783784,3,0.0,7,0,,,,0.0,0.0,0.12903225806451613,base_snd,Standard Normal Deviate (AID),fold3,1
2.5727196931839025,validation,0.5,0.016047297297297296,3,0.42857142857142855,7,3,3.0,2.6666666666666665,5.4,0.3333333333333333,0.37548697807876047,0.8172043010752689,base_snd,Standard Normal Deviate (AID),fold3,1
2.333176016807563,validation,1.0,0.024493243243243243,3,0.42857142857142855,7,3,-2.0,-4.666666666666667,2.0,0.6666666666666666,0.4100786518994463,1.2473118279569892,base_snd,Standard Normal Deviate (AID),fold3,1
2.2077416181564846,validation,2.0,0.028716216216216218,3,0.42857142857142855,7,3,-2.0,-4.666666666666667,2.0,0.6666666666666666,0.4100786518994463,1.4623655913978495,base_snd,Standard Normal Deviate (AID),fold3,1
1.8702011704445063,validation,5.0,0.07094594594594594,3,0.5714285714285714,7,4,-5.0,-5.5,0.6000000000000014,0.75,0.5529357947565892,3.6129032258064515,base_snd,Standard Normal Deviate (AID),fold3,1
1.5179881453514437,validation,10.0,0.16131756756756757,3,0.8571428571428571,7,6,-5.5,-3.5,10.0,0.6666666666666666,0.7516094962039294,8.21505376344086,base_snd,Standard Normal Deviate (AID),fold3,1
1.3275696635246843,validation,20.0,0.3108108108108108,3,1.0,7,7,-8.0,-5.571428571428571,7.800000000000001,0.7142857142857143,0.9119126534438052,15.827956989247312,base_snd,Standard Normal Deviate (AID),fold3,1
0.7163324654102328,validation,0.25,0.015202702702702704,3,0.14285714285714285,7,1,2.0,2.0,2.0,0.0,0.13024606979403097,0.7741935483870968,base_iforest,Isolation Forest,fold3,1
0.7123242914676668,validation,0.5,0.02364864864864865,3,0.14285714285714285,7,1,2.0,2.0,2.0,0.0,0.13024606979403097,1.2043010752688172,base_iforest,Isolation Forest,fold3,1
0.7082339227199554,validation,1.0,0.02787162162162162,3,0.2857142857142857,7,2,2.0,2.0,2.8,0.0,0.26077030960093434,1.4193548387096775,base_iforest,Isolation Forest,fold3,1
0.69992271065712,validation,2.0,0.03885135135135135,3,0.5714285714285714,7,4,6.0,7.0,13.5,0.0,0.42807494534515284,1.978494623655914,base_iforest,Isolation Forest,fold3,1
0.6888232529163363,validation,5.0,0.059966216216216214,3,0.7142857142857143,7,5,2.0,0.4,8.4,0.4,0.6142201852515504,3.053763440860215,base_iforest,Isolation Forest,fold3,1
0.6787251532077792,validation,10.0,0.10050675675675676,3,0.8571428571428571,7,6,-4.0,-1.5,13.0,0.5,0.7170148307801231,5.118279569892473,base_iforest,Isolation Forest,fold3,1
0.652208596467972,validation,20.0,0.22635135135135134,3,0.8571428571428571,7,6,-11.0,-6.833333333333333,5.5,0.6666666666666666,0.7959252062778093,11.526881720430108,base_iforest,Isolation Forest,fold3,1
0.0012706748093478386,validation,0.25,0.04054054054054054,3,0.14285714285714285,7,1,7.0,7.0,7.0,0.0,0.10337637410288415,2.064516129032258,deep_transformer_contrastive,Transformer (без графа) + Контрастив,fold3,1
0.0011535895173437902,validation,0.5,0.04307432432432432,3,0.14285714285714285,7,1,7.0,7.0,7.0,0.0,0.10337637410288415,2.193548387096774,deep_transformer_contrastive,Transformer (без графа) + Контрастив,fold3,1
0.0010661123669706294,validation,1.0,0.04307432432432432,3,0.14285714285714285,7,1,7.0,7.0,7.0,0.0,0.10337637410288415,2.193548387096774,deep_transformer_contrastive,Transformer (без графа) + Контрастив,fold3,1
0.0009447352786082783,validation,2.0,0.052364864864864864,3,0.14285714285714285,7,1,7.0,7.0,7.0,0.0,0.10337637410288415,2.6666666666666665,deep_transformer_contrastive,Transformer (без графа) + Контрастив,fold3,1
0.0005418866348918527,validation,5.0,0.14189189189189189,3,0.2857142857142857,7,2,-10.5,-10.5,-6.8999999999999995,1.0,0.2857142857142857,7.225806451612903,deep_transformer_contrastive,Transformer (без графа) + Контрастив,fold3,1
0.0004408742388477549,validation,10.0,0.23395270270270271,3,0.7142857142857143,7,5,-6.0,-2.8,11.8,0.6,0.603376374102884,11.913978494623656,deep_transformer_contrastive,Transformer (без графа) + Контрастив,fold3,1
0.0002797795314108956,validation,20.0,0.4552364864864865,3,0.8571428571428571,7,6,-6.5,-5.166666666666667,6.0,0.5,0.7774324296058269,23.182795698924732,deep_transformer_contrastive,Transformer (без графа) + Контрастив,fold3,1
1.6528285145759591,validation,0.25,0.05320945945945946,3,0.2857142857142857,7,2,10.5,10.5,16.5,0.0,0.1865465492777409,2.7096774193548385,cand_gcngru_recon,GCN+GRU (фикс. граф) + Реконструкция,fold3,1
1.6479461789131173,validation,0.5,0.05574324324324324,3,0.2857142857142857,7,2,10.5,10.5,16.5,0.0,0.1865465492777409,2.838709677419355,cand_gcngru_recon,GCN+GRU (фикс. граф) + Реконструкция,fold3,1
1.62165004014969,validation,1.0,0.056587837837837836,3,0.2857142857142857,7,2,9.0,9.0,13.8,0.0,0.195792937613732,2.881720430107527,cand_gcngru_recon,GCN+GRU (фикс. граф) + Реконструкция,fold3,1
1.466591298580171,validation,2.0,0.06841216216216216,3,0.2857142857142857,7,2,7.5,7.5,11.1,0.0,0.2064142486849488,3.4838709677419355,cand_gcngru_recon,GCN+GRU (фикс. граф) + Реконструкция,fold3,1
1.265202581882478,validation,5.0,0.09966216216216216,3,0.42857142857142855,7,3,3.0,1.3333333333333333,13.4,0.3333333333333333,0.3354244807501904,5.075268817204301,cand_gcngru_recon,GCN+GRU (фикс. граф) + Реконструкция,fold3,1
1.063879311084749,validation,10.0,0.14527027027027026,3,0.7142857142857143,7,5,2.0,1.0,15.600000000000001,0.4,0.5669038152766734,7.397849462365591,cand_gcngru_recon,GCN+GRU (фикс. граф) + Реконструкция,fold3,1
0.6832492053508759,validation,20.0,0.24493243243243243,3,0.7142857142857143,7,5,-15.0,-6.8,6.200000000000001,0.6,0.6530680634206663,12.473118279569892,cand_gcngru_recon,GCN+GRU (фикс. граф) + Реконструкция,fold3,1
3.427317500114441,validation,0.25,0.033783783783783786,3,0.14285714285714285,7,1,6.0,6.0,6.0,0.0,0.108265469036457,1.7204301075268817,cand_gatlstm_recon,GAT+LSTM (обуч. внимание) + Реконструкция,fold3,1
3.1827067136764553,validation,0.5,0.03547297297297297,3,0.14285714285714285,7,1,5.0,5.0,5.0,0.0,0.11338578942629997,1.8064516129032258,cand_gatlstm_recon,GAT+LSTM (обуч. внимание) + Реконструкция,fold3,1
2.951130747795107,validation,1.0,0.03800675675675676,3,0.14285714285714285,7,1,5.0,5.0,5.0,0.0,0.11338578942629997,1.935483870967742,cand_gatlstm_recon,GAT+LSTM (обуч. внимание) + Реконструкция,fold3,1
2.6603859663009666,validation,2.0,0.052364864864864864,3,0.2857142857142857,7,2,12.5,12.5,18.5,0.0,0.17007868413944996,2.6666666666666665,cand_gatlstm_recon,GAT+LSTM (обуч. внимание) + Реконструкция,fold3,1
2.277311444282535,validation,5.0,0.07094594594594594,3,0.2857142857142857,7,2,9.0,9.0,13.8,0.0,0.195792937613732,3.6129032258064515,cand_gatlstm_recon,GAT+LSTM (обуч. внимание) + Реконструкция,fold3,1
1.7508513331413296,validation,10.0,0.13091216216216217,3,0.42857142857142855,7,3,9.0,1.3333333333333333,9.8,0.3333333333333333,0.3271020686191263,6.666666666666667,cand_gatlstm_recon,GAT+LSTM (обуч. внимание) + Реконструкция,fold3,1
1.0210257172584551,validation,20.0,0.30067567567567566,3,1.0,7,7,-13.0,-5.142857142857143,9.8,0.5714285714285714,0.8818555659979604,15.311827956989248,cand_gatlstm_recon,GAT+LSTM (обуч. внимание) + Реконструкция,fold3,1
0.10801377519965172,validation,0.25,0.0016891891891891893,3,0.2857142857142857,7,2,12.0,12.0,14.4,0.0,0.16567913648377816,0.08602150537634409,cand_gcngru_bigan,GCN+GRU (фикс. граф) + Критик BiGAN,fold3,1
0.10799353197216989,validation,0.5,0.004222972972972973,3,0.2857142857142857,7,2,12.0,12.0,14.4,0.0,0.16567913648377816,0.21505376344086022,cand_gcngru_bigan,GCN+GRU (фикс. граф) + Критик BiGAN,fold3,1
0.10796320810914041,validation,1.0,0.010135135135135136,3,0.42857142857142855,7,3,10.0,11.333333333333334,14.0,0.0,0.2556734971905548,0.5161290322580645,cand_gcngru_bigan,GCN+GRU (фикс. граф) + Критик BiGAN,fold3,1
0.10792249068617821,validation,2.0,0.02027027027027027,3,0.42857142857142855,7,3,10.0,9.0,14.0,0.0,0.29166900192937906,1.032258064516129,cand_gcngru_bigan,GCN+GRU (фикс. граф) + Критик BiGAN,fold3,1
0.10783420130610466,validation,5.0,0.06587837837837837,3,0.42857142857142855,7,3,10.0,9.0,14.0,0.0,0.29166900192937906,3.3548387096774195,cand_gcngru_bigan,GCN+GRU (фикс. граф) + Критик BiGAN,fold3,1
0.10769544914364816,validation,10.0,0.13851351351351351,3,0.42857142857142855,7,3,10.0,8.333333333333334,14.0,0.0,0.30428007499249093,7.053763440860215,cand_gcngru_bigan,GCN+GRU (фикс. граф) + Критик BiGAN,fold3,1
0.10738283023238182,validation,20.0,0.2660472972972973,3,1.0,7,7,2.0,2.0,10.600000000000001,0.42857142857142855,0.8501609757049664,13.548387096774194,cand_gcngru_bigan,GCN+GRU (фикс. граф) + Критик BiGAN,fold3,1
-316.8294525146484,validation,0.25,0.028716216216216218,3,0.14285714285714285,7,1,4.0,4.0,4.0,0.0,0.11874827087754111,1.4623655913978495,cand_hypergraph_flow,Гиперграф+Bi-GLU + Плотность (flow),fold3,1
-316.8422393798828,validation,0.5,0.03462837837837838,3,0.14285714285714285,7,1,4.0,4.0,4.0,0.0,0.11874827087754111,1.7634408602150538,cand_hypergraph_flow,Гиперграф+Bi-GLU + Плотность (flow),fold3,1
-316.8533477783203,validation,1.0,0.03969594594594594,3,0.2857142857142857,7,2,-1.5,-1.5,5.300000000000001,0.5,0.246233516960027,2.021505376344086,cand_hypergraph_flow,Гиперграф+Bi-GLU + Плотность (flow),fold3,1
-316.86158752441406,validation,2.0,0.06165540540540541,3,0.2857142857142857,7,2,-2.0,-2.0,4.4,0.5,0.25112261189359986,3.139784946236559,cand_hypergraph_flow,Гиперграф+Bi-GLU + Плотность (flow),fold3,1
-316.8765411376953,validation,5.0,0.11908783783783784,3,0.42857142857142855,7,3,-6.0,1.0,14.8,0.6666666666666666,0.34240718042743573,6.064516129032258,cand_hypergraph_flow,Гиперграф+Bi-GLU + Плотность (flow),fold3,1
-316.88502502441406,validation,10.0,0.17905405405405406,3,0.5714285714285714,7,4,-3.5,-0.75,15.700000000000003,0.5,0.44379648400789734,9.118279569892474,cand_hypergraph_flow,Гиперграф+Bi-GLU + Плотность (flow),fold3,1
-316.9008331298828,validation,20.0,0.3217905405405405,3,0.8571428571428571,7,6,-0.5,-3.0,6.5,0.5,0.7718163342982074,16.387096774193548,cand_hypergraph_flow,Гиперграф+Bi-GLU + Плотность (flow),fold3,1
0.15479289740324031,validation,0.25,0.019425675675675675,3,0.2857142857142857,7,2,17.0,17.0,18.6,0.0,0.130802706867342,0.989247311827957,cand_gcngru_physics,GCN+GRU (фикс. граф) + Невязка LWR,fold3,1
0.14875315874814996,validation,0.5,0.022804054054054054,3,0.2857142857142857,7,2,17.0,17.0,18.6,0.0,0.130802706867342,1.1612903225806452,cand_gcngru_physics,GCN+GRU (фикс. граф) + Невязка LWR,fold3,1
0.14540367573499693,validation,1.0,0.026182432432432432,3,0.2857142857142857,7,2,17.0,17.0,18.6,0.0,0.130802706867342,1.3333333333333333,cand_gcngru_physics,GCN+GRU (фикс. граф) + Невязка LWR,fold3,1
0.11525475606322301,validation,2.0,0.04222972972972973,3,0.2857142857142857,7,2,-1.5,-1.5,9.3,0.5,0.22490702535693105,2.150537634408602,cand_gcngru_physics,GCN+GRU (фикс. граф) + Невязка LWR,fold3,1
0.07843005284667028,validation,5.0,0.059966216216216214,3,0.2857142857142857,7,2,-1.5,-1.5,9.3,0.5,0.22490702535693105,3.053763440860215,cand_gcngru_physics,GCN+GRU (фикс. граф) + Невязка LWR,fold3,1
0.05289086513221268,validation,10.0,0.10726351351351351,3,0.5714285714285714,7,4,-2.5,-2.0,11.4,0.5,0.4577585289208506,5.462365591397849,cand_gcngru_physics,GCN+GRU (фикс. граф) + Невязка LWR,fold3,1
0.03454902581870557,validation,20.0,0.28885135135135137,3,0.8571428571428571,7,6,-14.0,-7.833333333333333,5.5,0.6666666666666666,0.7959252062778093,14.709677419354838,cand_gcngru_physics,GCN+GRU (фикс. граф) + Невязка LWR,fold3,1
3.1472424268722548,validation,0.25,0.004222972972972973,3,0.2857142857142857,7,2,-4.0,-4.0,-0.7999999999999998,0.5,0.2857142857142857,0.21505376344086022,ctrl_random,Случайный score (контроль),fold3,2
3.0589362382888816,validation,0.5,0.005067567567567568,3,0.2857142857142857,7,2,-4.0,-4.0,-0.7999999999999998,0.5,0.2857142857142857,0.25806451612903225,ctrl_random,Случайный score (контроль),fold3,2
2.9903830289840707,validation,1.0,0.006756756756756757,3,0.42857142857142855,7,3,0.0,1.3333333333333333,9.600000000000001,0.3333333333333333,0.3677641682140739,0.34408602150537637,ctrl_random,Случайный score (контроль),fold3,2
2.821970582008363,validation,2.0,0.05152027027027027,3,0.5714285714285714,7,4,-0.5,1.75,11.200000000000003,0.5,0.49677440027931546,2.6236559139784945,ctrl_random,Случайный score (контроль),fold3,2
2.685602545738221,validation,5.0,0.13260135135135134,3,1.0,7,7,0.0,-1.7142857142857142,7.200000000000001,0.42857142857142855,0.9041906753142662,6.752688172043011,ctrl_random,Случайный score (контроль),fold3,2
2.574077010154724,validation,10.0,0.26013513513513514,3,1.0,7,7,-8.0,-4.714285714285714,7.200000000000001,0.5714285714285714,0.9041906753142662,13.24731182795699,ctrl_random,Случайный score (контроль),fold3,2
2.4610906839370736,validation,20.0,0.43074324324324326,3,1.0,7,7,-15.0,-8.857142857142858,4.8000000000000025,0.7142857142857143,0.9387823491349521,21.93548387096774,ctrl_random,Случайный score (контроль),fold3,2
18.937399864196784,validation,0.25,0.030405405405405407,3,0.14285714285714285,7,1,15.0,15.0,15.0,0.0,0.07142857142857142,1.5483870967741935,ctrl_untrained,GCN+GRU (фикс. граф) + Реконструкция [необучен],fold3,2
18.665019035339363,validation,0.5,0.032939189189189186,3,0.14285714285714285,7,1,15.0,15.0,15.0,0.0,0.07142857142857142,1.6774193548387097,ctrl_untrained,GCN+GRU (фикс. граф) + Реконструкция [необучен],fold3,2
17.87895488739015,validation,1.0,0.037162162162162164,3,0.14285714285714285,7,1,14.0,14.0,14.0,0.0,0.0748067230586162,1.89247311827957,ctrl_untrained,GCN+GRU (фикс. граф) + Реконструкция [необучен],fold3,2
16.712256431579597,validation,2.0,0.03885135135135135,3,0.14285714285714285,7,1,-9.0,-9.0,-9.0,1.0,0.14285714285714285,1.978494623655914,ctrl_untrained,GCN+GRU (фикс. граф) + Реконструкция [необучен],fold3,2
14.019179821014404,validation,5.0,0.0633445945945946,3,0.42857142857142855,7,3,0.0,-3.0,4.800000000000001,0.3333333333333333,0.3939797547507427,3.225806451612903,ctrl_untrained,GCN+GRU (фикс. граф) + Реконструкция [необучен],fold3,2
10.841021060943609,validation,10.0,0.13006756756756757,3,0.5714285714285714,7,4,-5.5,-3.0,10.400000000000002,0.5,0.49076707856693286,6.623655913978495,ctrl_untrained,GCN+GRU (фикс. граф) + Реконструкция [необучен],fold3,2
6.218497037887579,validation,20.0,0.30996621621621623,3,0.8571428571428571,7,6,-15.0,-8.166666666666666,5.5,0.6666666666666666,0.7959252062778093,15.78494623655914,ctrl_untrained,GCN+GRU (фикс. граф) + Реконструкция [необучен],fold3,2
6.918563604354864,validation,0.25,0.04814189189189189,3,0.2857142857142857,7,2,-4.5,-4.5,3.9000000000000004,0.5,0.25112261189359986,2.4516129032258065,base_pca,PCA (линейная граница),fold3,2
5.819871187210088,validation,0.5,0.04814189189189189,3,0.2857142857142857,7,2,-5.0,-5.0,3.0000000000000004,0.5,0.2562429322834428,2.4516129032258065,base_pca,PCA (линейная граница),fold3,2
4.6205236911773735,validation,1.0,0.05405405405405406,3,0.2857142857142857,7,2,-5.5,-5.5,2.1000000000000005,0.5,0.261605413734684,2.752688172043011,base_pca,PCA (линейная граница),fold3,2
2.7276762723922774,validation,2.0,0.059966216216216214,3,0.5714285714285714,7,4,1.0,1.25,15.3,0.5,0.4421470338620727,3.053763440860215,base_pca,PCA (линейная граница),fold3,2
2.3862024545669627,validation,5.0,0.07601351351351351,3,0.7142857142857143,7,5,9.0,1.6,15.0,0.4,0.5271377681662962,3.870967741935484,base_pca,PCA (линейная граница),fold3,2
1.939691364765173,validation,10.0,0.09543918918918919,3,0.8571428571428571,7,6,10.5,3.5,15.0,0.3333333333333333,0.6050244280357838,4.860215053763441,base_pca,PCA (линейная граница),fold3,2
0.7856747210025838,validation,20.0,0.2947635135135135,3,0.8571428571428571,7,6,-15.0,-8.166666666666666,5.5,0.6666666666666666,0.7959252062778093,15.010752688172044,base_pca,PCA (линейная граница),fold3,2
0.5206284224987157,validation,0.25,0.0033783783783783786,3,0.0,7,0,,,,0.0,0.0,0.17204301075268819,base_california,California алгоритм (AID),fold3,2
0.23411332815886082,validation,0.5,0.0059121621621621625,3,0.0,7,0,,,,0.0,0.0,0.3010752688172043,base_california,California алгоритм (AID),fold3,2
0.05459028296174054,validation,1.0,0.007601351351351352,3,0.14285714285714285,7,1,13.0,13.0,13.0,0.0,0.078344641406759,0.3870967741935484,base_california,California алгоритм (AID),fold3,2
-0.07297781482337742,validation,2.0,0.016047297297297296,3,0.42857142857142855,7,3,4.0,3.0,14.4,0.3333333333333333,0.3267284486316995,0.8172043010752689,base_california,California алгоритм (AID),fold3,2
-0.18001171201464927,validation,5.0,0.05067567567567568,3,0.5714285714285714,7,4,-10.5,-4.5,9.500000000000004,0.75,0.4936944634684441,2.5806451612903225,base_california,California алгоритм (AID),fold3,2
-0.2897910922765513,validation,10.0,0.13429054054054054,3,0.8571428571428571,7,6,-9.0,-4.666666666666667,9.0,0.6666666666666666,0.7631590022616305,6.838709677419355,base_california,California алгоритм (AID),fold3,2
-0.4638553708791606,validation,20.0,0.3277027027027027,3,1.0,7,7,-12.0,-7.571428571428571,5.200000000000003,0.7142857142857143,0.934526144786522,16.688172043010752,base_california,California алгоритм (AID),fold3,2
3.114544510841379,validation,0.25,0.002533783783783784,3,0.0,7,0,,,,0.0,0.0,0.12903225806451613,base_snd,Standard Normal Deviate (AID),fold3,2
2.5727196931839025,validation,0.5,0.016047297297297296,3,0.42857142857142855,7,3,3.0,2.6666666666666665,5.4,0.3333333333333333,0.37548697807876047,0.8172043010752689,base_snd,Standard Normal Deviate (AID),fold3,2
2.333176016807563,validation,1.0,0.024493243243243243,3,0.42857142857142855,7,3,-2.0,-4.666666666666667,2.0,0.6666666666666666,0.4100786518994463,1.2473118279569892,base_snd,Standard Normal Deviate (AID),fold3,2
2.2077416181564846,validation,2.0,0.028716216216216218,3,0.42857142857142855,7,3,-2.0,-4.666666666666667,2.0,0.6666666666666666,0.4100786518994463,1.4623655913978495,base_snd,Standard Normal Deviate (AID),fold3,2
1.8702011704445063,validation,5.0,0.07094594594594594,3,0.5714285714285714,7,4,-5.0,-5.5,0.6000000000000014,0.75,0.5529357947565892,3.6129032258064515,base_snd,Standard Normal Deviate (AID),fold3,2
1.5179881453514437,validation,10.0,0.16131756756756757,3,0.8571428571428571,7,6,-5.5,-3.5,10.0,0.6666666666666666,0.7516094962039294,8.21505376344086,base_snd,Standard Normal Deviate (AID),fold3,2
1.3275696635246843,validation,20.0,0.3108108108108108,3,1.0,7,7,-8.0,-5.571428571428571,7.800000000000001,0.7142857142857143,0.9119126534438052,15.827956989247312,base_snd,Standard Normal Deviate (AID),fold3,2
0.7176875174045565,validation,0.25,0.022804054054054054,3,0.2857142857142857,7,2,8.0,8.0,13.6,0.0,0.2078345148443452,1.1612903225806452,base_iforest,Isolation Forest,fold3,2
0.7170318663120272,validation,0.5,0.02364864864864865,3,0.2857142857142857,7,2,8.0,8.0,13.6,0.0,0.2078345148443452,1.2043010752688172,base_iforest,Isolation Forest,fold3,2
0.7157795131206512,validation,1.0,0.026182432432432432,3,0.2857142857142857,7,2,8.0,8.0,13.6,0.0,0.2078345148443452,1.3333333333333333,base_iforest,Isolation Forest,fold3,2
0.7098001539707186,validation,2.0,0.03462837837837838,3,0.42857142857142855,7,3,10.0,8.666666666666666,14.0,0.0,0.29782887555112186,1.7634408602150538,base_iforest,Isolation Forest,fold3,2
0.6958475410938265,validation,5.0,0.06925675675675676,3,0.7142857142857143,7,5,2.0,0.8,7.200000000000001,0.4,0.6303190824002539,3.5268817204301075,base_iforest,Isolation Forest,fold3,2
0.6824062764644623,validation,10.0,0.11317567567567567,3,0.7142857142857143,7,5,-6.0,-3.6,6.800000000000001,0.6,0.6488118590722362,5.763440860215054,base_iforest,Isolation Forest,fold3,2
0.6567542850971224,validation,20.0,0.22550675675675674,3,0.8571428571428571,7,6,-12.5,-7.333333333333333,5.5,0.6666666666666666,0.7959252062778093,11.483870967741936,base_iforest,Isolation Forest,fold3,2
0.0019767828052863496,validation,0.25,0.04560810810810811,3,0.14285714285714285,7,1,7.0,7.0,7.0,0.0,0.10337637410288415,2.3225806451612905,deep_transformer_contrastive,Transformer (без графа) + Контрастив,fold3,2
0.0019767828052863496,validation,0.5,0.04560810810810811,3,0.14285714285714285,7,1,7.0,7.0,7.0,0.0,0.10337637410288415,2.3225806451612905,deep_transformer_contrastive,Transformer (без графа) + Контрастив,fold3,2
0.001735065772663802,validation,1.0,0.04814189189189189,3,0.14285714285714285,7,1,7.0,7.0,7.0,0.0,0.10337637410288415,2.4516129032258065,deep_transformer_contrastive,Transformer (без графа) + Контрастив,fold3,2
0.0010953770834021275,validation,2.0,0.05152027027027027,3,0.14285714285714285,7,1,-2.0,-2.0,-2.0,1.0,0.14285714285714285,2.6236559139784945,deep_transformer_contrastive,Transformer (без графа) + Контрастив,fold3,2
0.0007002337661106155,validation,5.0,0.11570945945945946,3,0.2857142857142857,7,2,4.5,4.5,16.1,0.5,0.20223127829591342,5.89247311827957,deep_transformer_contrastive,Transformer (без графа) + Контрастив,fold3,2
0.0005426142306532724,validation,10.0,0.16638513513513514,3,0.5714285714285714,7,4,3.0,2.5,14.500000000000004,0.25,0.4512256189674854,8.473118279569892,deep_transformer_contrastive,Transformer (без графа) + Контрастив,fold3,2
0.00029672072560061116,validation,20.0,0.47381756756756754,3,0.8571428571428571,7,6,-10.0,-6.5,5.5,0.6666666666666666,0.7959252062778093,24.129032258064516,deep_transformer_contrastive,Transformer (без графа) + Контрастив,fold3,2
1.6837162375450143,validation,0.25,0.05405405405405406,3,0.2857142857142857,7,2,11.5,11.5,18.3,0.0,0.18105726089831056,2.752688172043011,cand_gcngru_recon,GCN+GRU (фикс. граф) + Реконструкция,fold3,2
1.6221025586128248,validation,0.5,0.057432432432432436,3,0.2857142857142857,7,2,9.0,9.0,13.8,0.0,0.195792937613732,2.924731182795699,cand_gcngru_recon,GCN+GRU (фикс. граф) + Реконструкция,fold3,2
1.5745084881782536,validation,1.0,0.05827702702702703,3,0.2857142857142857,7,2,8.5,8.5,12.9,0.0,0.19917108924377677,2.967741935483871,cand_gcngru_recon,GCN+GRU (фикс. граф) + Реконструкция,fold3,2
1.4806799292564405,validation,2.0,0.06672297297297297,3,0.2857142857142857,7,2,7.5,7.5,11.1,0.0,0.2064142486849488,3.3978494623655915,cand_gcngru_recon,GCN+GRU (фикс. граф) + Реконструкция,fold3,2
1.2927541136741643,validation,5.0,0.09712837837837837,3,0.42857142857142855,7,3,9.0,2.6666666666666665,13.0,0.3333333333333333,0.3119144309709658,4.946236559139785,cand_gcngru_recon,GCN+GRU (фикс. граф) + Реконструкция,fold3,2
1.0559061169624333,validation,10.0,0.14527027027027026,3,0.7142857142857143,7,5,-12.0,-5.6,6.200000000000001,0.6,0.6530680634206663,7.397849462365591,cand_gcngru_recon,GCN+GRU (фикс. граф) + Реконструкция,fold3,2
0.713978439569475,validation,20.0,0.23648648648648649,3,0.7142857142857143,7,5,-15.0,-6.8,6.200000000000001,0.6,0.6530680634206663,12.043010752688172,cand_gcngru_recon,GCN+GRU (фикс. граф) + Реконструкция,fold3,2
3.325378298759462,validation,0.25,0.033783783783783786,3,0.14285714285714285,7,1,6.0,6.0,6.0,0.0,0.108265469036457,1.7204301075268817,cand_gatlstm_recon,GAT+LSTM (обуч. внимание) + Реконструкция,fold3,2
3.24156939983368,validation,0.5,0.03462837837837838,3,0.14285714285714285,7,1,5.0,5.0,5.0,0.0,0.11338578942629997,1.7634408602150538,cand_gatlstm_recon,GAT+LSTM (обуч. внимание) + Реконструкция,fold3,2
3.046319365501405,validation,1.0,0.036317567567567564,3,0.14285714285714285,7,1,5.0,5.0,5.0,0.0,0.11338578942629997,1.8494623655913978,cand_gatlstm_recon,GAT+LSTM (обуч. внимание) + Реконструкция,fold3,2
2.658577799797059,validation,2.0,0.0472972972972973,3,0.2857142857142857,7,2,12.5,12.5,18.5,0.0,0.17007868413944996,2.4086021505376345,cand_gatlstm_recon,GAT+LSTM (обуч. внимание) + Реконструкция,fold3,2
2.3298209905624407,validation,5.0,0.07010135135135136,3,0.2857142857142857,7,2,9.5,9.5,14.7,0.0,0.1925673378930475,3.5698924731182795,cand_gatlstm_recon,GAT+LSTM (обуч. внимание) + Реконструкция,fold3,2
1.8336610198020953,validation,10.0,0.1258445945945946,3,0.42857142857142855,7,3,10.0,2.3333333333333335,11.6,0.3333333333333333,0.3149013860637077,6.408602150537634,cand_gatlstm_recon,GAT+LSTM (обуч. внимание) + Реконструкция,fold3,2
1.1337589621543902,validation,20.0,0.28040540540540543,3,0.8571428571428571,7,6,-6.5,-4.833333333333333,7.0,0.5,0.7664538528469663,14.279569892473118,cand_gatlstm_recon,GAT+LSTM (обуч. внимание) + Реконструкция,fold3,2
0.4654586464166642,validation,0.25,0.024493243243243243,3,0.14285714285714285,7,1,5.0,5.0,5.0,0.0,0.11338578942629997,1.2473118279569892,cand_gcngru_bigan,GCN+GRU (фикс. граф) + Критик BiGAN,fold3,2
0.4654586464166642,validation,0.5,0.024493243243243243,3,0.14285714285714285,7,1,5.0,5.0,5.0,0.0,0.11338578942629997,1.2473118279569892,cand_gcngru_bigan,GCN+GRU (фикс. граф) + Критик BiGAN,fold3,2
0.4652746766805649,validation,1.0,0.02702702702702703,3,0.14285714285714285,7,1,4.0,4.0,4.0,0.0,0.11874827087754111,1.3763440860215055,cand_gcngru_bigan,GCN+GRU (фикс. граф) + Критик BiGAN,fold3,2
0.4650206714868546,validation,2.0,0.037162162162162164,3,0.5714285714285714,7,4,3.5,3.25,7.500000000000001,0.25,0.4802203449750513,1.89247311827957,cand_gcngru_bigan,GCN+GRU (фикс. граф) + Критик BiGAN,fold3,2
0.4647736996412277,validation,5.0,0.060810810810810814,3,0.5714285714285714,7,4,3.5,3.25,7.500000000000001,0.25,0.4802203449750513,3.096774193548387,cand_gcngru_bigan,GCN+GRU (фикс. граф) + Критик BiGAN,fold3,2
0.4644543677568436,validation,10.0,0.15202702702702703,3,0.5714285714285714,7,4,3.0,2.75,7.500000000000001,0.25,0.48610204858392164,7.741935483870968,cand_gcngru_bigan,GCN+GRU (фикс. граф) + Критик BiGAN,fold3,2
0.4637917429208756,validation,20.0,0.28800675675675674,3,0.7142857142857143,7,5,3.0,2.6,7.800000000000001,0.2,0.5999836129279982,14.666666666666666,cand_gcngru_bigan,GCN+GRU (фикс. граф) + Критик BiGAN,fold3,2
-316.76091003417963,validation,0.25,0.022804054054054054,3,0.14285714285714285,7,1,7.0,7.0,7.0,0.0,0.10337637410288415,1.1612903225806452,cand_hypergraph_flow,Гиперграф+Bi-GLU + Плотность (flow),fold3,2
-316.7813568115234,validation,0.5,0.02956081081081081,3,0.14285714285714285,7,1,7.0,7.0,7.0,0.0,0.10337637410288415,1.5053763440860215,cand_hypergraph_flow,Гиперграф+Bi-GLU + Плотность (flow),fold3,2
-316.8105010986328,validation,1.0,0.037162162162162164,3,0.2857142857142857,7,2,2.0,2.0,6.800000000000001,0.5,0.24156520571198398,1.89247311827957,cand_hypergraph_flow,Гиперграф+Bi-GLU + Плотность (flow),fold3,2
-316.8333282470703,validation,2.0,0.05152027027027027,3,0.5714285714285714,7,4,6.5,6.75,15.400000000000002,0.25,0.41387312143525457,2.6236559139784945,cand_hypergraph_flow,Гиперграф+Bi-GLU + Плотность (flow),fold3,2
-316.8563995361328,validation,5.0,0.09797297297297297,3,0.8571428571428571,7,6,5.5,4.0,11.0,0.16666666666666666,0.6673496775758965,4.989247311827957,cand_hypergraph_flow,Гиперграф+Bi-GLU + Плотность (flow),fold3,2
-316.87257385253906,validation,10.0,0.1570945945945946,3,0.8571428571428571,7,6,5.0,2.1666666666666665,10.0,0.3333333333333333,0.6929089504036418,8.0,cand_hypergraph_flow,Гиперграф+Bi-GLU + Плотность (flow),fold3,2
-316.89540100097656,validation,20.0,0.2905405405405405,3,0.8571428571428571,7,6,-9.0,-6.166666666666667,5.5,0.6666666666666666,0.7959252062778093,14.795698924731182,cand_hypergraph_flow,Гиперграф+Bi-GLU + Плотность (flow),fold3,2
0.135738603770733,validation,0.25,0.015202702702702704,3,0.14285714285714285,7,1,18.0,18.0,18.0,0.0,0.06218218309258029,0.7741935483870968,cand_gcngru_physics,GCN+GRU (фикс. граф) + Невязка LWR,fold3,2
0.11186986789107323,validation,0.5,0.02195945945945946,3,0.2857142857142857,7,2,14.5,14.5,14.9,0.0,0.1462352944871876,1.118279569892473,cand_gcngru_physics,GCN+GRU (фикс. граф) + Невязка LWR,fold3,2
0.09973150119185455,validation,1.0,0.028716216216216218,3,0.2857142857142857,7,2,14.5,14.5,14.9,0.0,0.1462352944871876,1.4623655913978495,cand_gcngru_physics,GCN+GRU (фикс. граф) + Невязка LWR,fold3,2
0.0789928399026395,validation,2.0,0.03800675675675676,3,0.2857142857142857,7,2,9.5,9.5,12.3,0.0,0.186610110443216,1.935483870967742,cand_gcngru_physics,GCN+GRU (фикс. граф) + Невязка LWR,fold3,2
0.06213491968810572,validation,5.0,0.06503378378378379,3,0.2857142857142857,7,2,-1.0,-1.0,10.200000000000001,0.5,0.22120178426390183,3.3118279569892475,cand_gcngru_physics,GCN+GRU (фикс. граф) + Невязка LWR,fold3,2
0.046876071020960905,validation,10.0,0.14442567567567569,3,0.7142857142857143,7,5,-12.0,-9.0,-0.1999999999999993,0.8,0.6848143608548715,7.354838709677419,cand_gcngru_physics,GCN+GRU (фикс. граф) + Невязка LWR,fold3,2
0.03228571824729454,validation,20.0,0.28547297297297297,3,1.0,7,7,-12.0,-5.571428571428571,7.400000000000002,0.5714285714285714,0.9009907903690537,14.53763440860215,cand_gcngru_physics,GCN+GRU (фикс. граф) + Невязка LWR,fold3,2
3.1859434843063372,validation,0.25,0.002533783783783784,3,0.0,7,0,,,,0.0,0.0,0.12903225806451613,ctrl_random,Случайный score (контроль),fold3,3
3.064158558845521,validation,0.5,0.005067567567567568,3,0.14285714285714285,7,1,4.0,4.0,4.0,0.0,0.11874827087754111,0.25806451612903225,ctrl_random,Случайный score (контроль),fold3,3
2.9885293245315556,validation,1.0,0.009290540540540541,3,0.2857142857142857,7,2,8.0,8.0,11.2,0.0,0.2007981533773293,0.4731182795698925,ctrl_random,Случайный score (контроль),fold3,3
2.8685322999954237,validation,2.0,0.03125,3,0.8571428571428571,7,6,3.5,0.6666666666666666,9.0,0.3333333333333333,0.7191422743132326,1.5913978494623655,ctrl_random,Случайный score (контроль),fold3,3
2.7248133420944214,validation,5.0,0.10219594594594594,3,0.8571428571428571,7,6,-4.5,-4.333333333333333,4.5,0.6666666666666666,0.8040584066501891,5.204301075268817,ctrl_random,Случайный score (контроль),fold3,3
2.618609309196474,validation,10.0,0.1891891891891892,3,0.8571428571428571,7,6,-10.0,-6.5,4.5,0.6666666666666666,0.8040584066501891,9.634408602150538,ctrl_random,Случайный score (контроль),fold3,3
2.482580542564394,validation,20.0,0.3640202702702703,3,0.8571428571428571,7,6,-10.5,-8.0,0.5,0.8333333333333334,0.8445317840797453,18.537634408602152,ctrl_random,Случайный score (контроль),fold3,3
18.76157093048096,validation,0.25,0.03125,3,0.14285714285714285,7,1,15.0,15.0,15.0,0.0,0.07142857142857142,1.5913978494623655,ctrl_untrained,GCN+GRU (фикс. граф) + Реконструкция [необучен],fold3,3
18.48604106903076,validation,0.5,0.03462837837837838,3,0.14285714285714285,7,1,15.0,15.0,15.0,0.0,0.07142857142857142,1.7634408602150538,ctrl_untrained,GCN+GRU (фикс. граф) + Реконструкция [необучен],fold3,3
17.771159172058113,validation,1.0,0.037162162162162164,3,0.14285714285714285,7,1,14.0,14.0,14.0,0.0,0.0748067230586162,1.89247311827957,ctrl_untrained,GCN+GRU (фикс. граф) + Реконструкция [необучен],fold3,3
16.652991294860843,validation,2.0,0.03885135135135135,3,0.14285714285714285,7,1,13.0,13.0,13.0,0.0,0.078344641406759,1.978494623655914,ctrl_untrained,GCN+GRU (фикс. граф) + Реконструкция [необучен],fold3,3
13.936202526092538,validation,5.0,0.0633445945945946,3,0.42857142857142855,7,3,0.0,-3.0,4.800000000000001,0.3333333333333333,0.3939797547507427,3.225806451612903,ctrl_untrained,GCN+GRU (фикс. граф) + Реконструкция [необучен],fold3,3
10.821825504302986,validation,10.0,0.12922297297297297,3,0.5714285714285714,7,4,-5.5,-3.0,10.400000000000002,0.5,0.49076707856693286,6.580645161290323,ctrl_untrained,GCN+GRU (фикс. граф) + Реконструкция [необучен],fold3,3
6.081218481063857,validation,20.0,0.31334459459459457,3,0.8571428571428571,7,6,-15.0,-8.166666666666666,5.5,0.6666666666666666,0.7959252062778093,15.956989247311828,ctrl_untrained,GCN+GRU (фикс. граф) + Реконструкция [необучен],fold3,3
6.918563604354864,validation,0.25,0.04814189189189189,3,0.2857142857142857,7,2,-4.5,-4.5,3.9000000000000004,0.5,0.25112261189359986,2.4516129032258065,base_pca,PCA (линейная граница),fold3,3
5.819871187210088,validation,0.5,0.04814189189189189,3,0.2857142857142857,7,2,-5.0,-5.0,3.0000000000000004,0.5,0.2562429322834428,2.4516129032258065,base_pca,PCA (линейная граница),fold3,3
4.6205236911773735,validation,1.0,0.05405405405405406,3,0.2857142857142857,7,2,-5.5,-5.5,2.1000000000000005,0.5,0.261605413734684,2.752688172043011,base_pca,PCA (линейная граница),fold3,3
2.7276762723922774,validation,2.0,0.059966216216216214,3,0.5714285714285714,7,4,1.0,1.25,15.3,0.5,0.4421470338620727,3.053763440860215,base_pca,PCA (линейная граница),fold3,3
2.3862024545669627,validation,5.0,0.07601351351351351,3,0.7142857142857143,7,5,9.0,1.6,15.0,0.4,0.5271377681662962,3.870967741935484,base_pca,PCA (линейная граница),fold3,3
1.939691364765173,validation,10.0,0.09543918918918919,3,0.8571428571428571,7,6,10.5,3.5,15.0,0.3333333333333333,0.6050244280357838,4.860215053763441,base_pca,PCA (линейная граница),fold3,3
0.7856747210025838,validation,20.0,0.2947635135135135,3,0.8571428571428571,7,6,-15.0,-8.166666666666666,5.5,0.6666666666666666,0.7959252062778093,15.010752688172044,base_pca,PCA (линейная граница),fold3,3
0.5206284224987157,validation,0.25,0.0033783783783783786,3,0.0,7,0,,,,0.0,0.0,0.17204301075268819,base_california,California алгоритм (AID),fold3,3
0.23411332815886082,validation,0.5,0.0059121621621621625,3,0.0,7,0,,,,0.0,0.0,0.3010752688172043,base_california,California алгоритм (AID),fold3,3
0.05459028296174054,validation,1.0,0.007601351351351352,3,0.14285714285714285,7,1,13.0,13.0,13.0,0.0,0.078344641406759,0.3870967741935484,base_california,California алгоритм (AID),fold3,3
-0.07297781482337742,validation,2.0,0.016047297297297296,3,0.42857142857142855,7,3,4.0,3.0,14.4,0.3333333333333333,0.3267284486316995,0.8172043010752689,base_california,California алгоритм (AID),fold3,3
-0.18001171201464927,validation,5.0,0.05067567567567568,3,0.5714285714285714,7,4,-10.5,-4.5,9.500000000000004,0.75,0.4936944634684441,2.5806451612903225,base_california,California алгоритм (AID),fold3,3
-0.2897910922765513,validation,10.0,0.13429054054054054,3,0.8571428571428571,7,6,-9.0,-4.666666666666667,9.0,0.6666666666666666,0.7631590022616305,6.838709677419355,base_california,California алгоритм (AID),fold3,3
-0.4638553708791606,validation,20.0,0.3277027027027027,3,1.0,7,7,-12.0,-7.571428571428571,5.200000000000003,0.7142857142857143,0.934526144786522,16.688172043010752,base_california,California алгоритм (AID),fold3,3
3.114544510841379,validation,0.25,0.002533783783783784,3,0.0,7,0,,,,0.0,0.0,0.12903225806451613,base_snd,Standard Normal Deviate (AID),fold3,3
2.5727196931839025,validation,0.5,0.016047297297297296,3,0.42857142857142855,7,3,3.0,2.6666666666666665,5.4,0.3333333333333333,0.37548697807876047,0.8172043010752689,base_snd,Standard Normal Deviate (AID),fold3,3
2.333176016807563,validation,1.0,0.024493243243243243,3,0.42857142857142855,7,3,-2.0,-4.666666666666667,2.0,0.6666666666666666,0.4100786518994463,1.2473118279569892,base_snd,Standard Normal Deviate (AID),fold3,3
2.2077416181564846,validation,2.0,0.028716216216216218,3,0.42857142857142855,7,3,-2.0,-4.666666666666667,2.0,0.6666666666666666,0.4100786518994463,1.4623655913978495,base_snd,Standard Normal Deviate (AID),fold3,3
1.8702011704445063,validation,5.0,0.07094594594594594,3,0.5714285714285714,7,4,-5.0,-5.5,0.6000000000000014,0.75,0.5529357947565892,3.6129032258064515,base_snd,Standard Normal Deviate (AID),fold3,3
1.5179881453514437,validation,10.0,0.16131756756756757,3,0.8571428571428571,7,6,-5.5,-3.5,10.0,0.6666666666666666,0.7516094962039294,8.21505376344086,base_snd,Standard Normal Deviate (AID),fold3,3
1.3275696635246843,validation,20.0,0.3108108108108108,3,1.0,7,7,-8.0,-5.571428571428571,7.800000000000001,0.7142857142857143,0.9119126534438052,15.827956989247312,base_snd,Standard Normal Deviate (AID),fold3,3
0.717053681612015,validation,0.25,0.02364864864864865,3,0.2857142857142857,7,2,-1.0,-1.0,1.4000000000000001,0.5,0.2731032126511738,1.2043010752688172,base_iforest,Isolation Forest,fold3,3
0.7142622172832489,validation,0.5,0.026182432432432432,3,0.2857142857142857,7,2,-1.0,-1.0,1.4000000000000001,0.5,0.2731032126511738,1.3333333333333333,base_iforest,Isolation Forest,fold3,3
0.7104481756687167,validation,1.0,0.02956081081081081,3,0.5714285714285714,7,4,1.5,2.25,8.3,0.25,0.4954395157870987,1.5053763440860215,base_iforest,Isolation Forest,fold3,3
0.7015288174152376,validation,2.0,0.0472972972972973,3,0.5714285714285714,7,4,1.5,2.0,7.600000000000001,0.25,0.49950351677372423,2.4086021505376345,base_iforest,Isolation Forest,fold3,3
0.6941725313663484,validation,5.0,0.059966216216216214,3,0.7142857142857143,7,5,-5.0,-3.8,6.800000000000001,0.6,0.6488118590722362,3.053763440860215,base_iforest,Isolation Forest,fold3,3
0.6826100647449496,validation,10.0,0.09037162162162163,3,0.8571428571428571,7,6,-2.0,-1.3333333333333333,12.0,0.5,0.7244966348492378,4.602150537634409,base_iforest,Isolation Forest,fold3,3
0.6507897078990936,validation,20.0,0.23902027027027026,3,0.8571428571428571,7,6,-14.5,-8.0,5.5,0.6666666666666666,0.7959252062778093,12.172043010752688,base_iforest,Isolation Forest,fold3,3
0.0010088969138450934,validation,0.25,0.057432432432432436,3,0.14285714285714285,7,1,7.0,7.0,7.0,0.0,0.10337637410288415,2.924731182795699,deep_transformer_contrastive,Transformer (без графа) + Контрастив,fold3,3
0.0009913636022247378,validation,0.5,0.05827702702702703,3,0.14285714285714285,7,1,7.0,7.0,7.0,0.0,0.10337637410288415,2.967741935483871,deep_transformer_contrastive,Transformer (без графа) + Контрастив,fold3,3
0.0008979722915682946,validation,1.0,0.07010135135135136,3,0.14285714285714285,7,1,7.0,7.0,7.0,0.0,0.10337637410288415,3.5698924731182795,deep_transformer_contrastive,Transformer (без графа) + Контрастив,fold3,3
0.0008130632049869749,validation,2.0,0.08192567567567567,3,0.14285714285714285,7,1,7.0,7.0,7.0,0.0,0.10337637410288415,4.172043010752688,deep_transformer_contrastive,Transformer (без графа) + Контрастив,fold3,3
0.0005575967079494154,validation,5.0,0.12162162162162163,3,0.42857142857142855,7,3,2.0,2.3333333333333335,7.6000000000000005,0.3333333333333333,0.36735377770638056,6.193548387096774,deep_transformer_contrastive,Transformer (без графа) + Контрастив,fold3,3
0.0004053858428960682,validation,10.0,0.23902027027027026,3,0.8571428571428571,7,6,-1.0,-0.5,14.5,0.5,0.7097609581338163,12.172043010752688,deep_transformer_contrastive,Transformer (без графа) + Контрастив,fold3,3
0.0002498414687579502,validation,20.0,0.44256756756756754,3,0.8571428571428571,7,6,-12.0,-7.166666666666667,5.5,0.6666666666666666,0.7959252062778093,22.537634408602152,deep_transformer_contrastive,Transformer (без графа) + Контрастив,fold3,3
1.7479413151741048,validation,0.25,0.05320945945945946,3,0.2857142857142857,7,2,11.5,11.5,18.3,0.0,0.18105726089831056,2.7096774193548385,cand_gcngru_recon,GCN+GRU (фикс. граф) + Реконструкция,fold3,3
1.7163607478141802,validation,0.5,0.05574324324324324,3,0.2857142857142857,7,2,11.5,11.5,18.3,0.0,0.18105726089831056,2.838709677419355,cand_gcngru_recon,GCN+GRU (фикс. граф) + Реконструкция,fold3,3
1.6181265711784372,validation,1.0,0.059966216216216214,3,0.2857142857142857,7,2,8.0,8.0,12.8,0.0,0.20505279285264716,3.053763440860215,cand_gcngru_recon,GCN+GRU (фикс. граф) + Реконструкция,fold3,3
1.5364653468132028,validation,2.0,0.06841216216216216,3,0.2857142857142857,7,2,8.0,8.0,12.8,0.0,0.20505279285264716,3.4838709677419355,cand_gcngru_recon,GCN+GRU (фикс. граф) + Реконструкция,fold3,3
1.3317181468009958,validation,5.0,0.09543918918918919,3,0.2857142857142857,7,2,-5.0,-5.0,3.0000000000000004,0.5,0.2562429322834428,4.860215053763441,cand_gcngru_recon,GCN+GRU (фикс. граф) + Реконструкция,fold3,3
1.0737556815147415,validation,10.0,0.15878378378378377,3,0.7142857142857143,7,5,-12.0,-6.0,6.200000000000001,0.6,0.6530680634206663,8.086021505376344,cand_gcngru_recon,GCN+GRU (фикс. граф) + Реконструкция,fold3,3
0.7124229967594159,validation,20.0,0.24070945945945946,3,0.7142857142857143,7,5,-15.0,-6.8,6.200000000000001,0.6,0.6530680634206663,12.258064516129032,cand_gcngru_recon,GCN+GRU (фикс. граф) + Реконструкция,fold3,3
2.886614441871645,validation,0.25,0.04054054054054054,3,0.14285714285714285,7,1,5.0,5.0,5.0,0.0,0.11338578942629997,2.064516129032258,cand_gatlstm_recon,GAT+LSTM (обуч. внимание) + Реконструкция,fold3,3
2.7425895929336557,validation,0.5,0.04983108108108108,3,0.14285714285714285,7,1,4.0,4.0,4.0,0.0,0.11874827087754111,2.5376344086021505,cand_gatlstm_recon,GAT+LSTM (обуч. внимание) + Реконструкция,fold3,3
2.570105671882632,validation,1.0,0.056587837837837836,3,0.2857142857142857,7,2,12.0,12.0,18.4,0.0,0.1754411655906911,2.881720430107527,cand_gatlstm_recon,GAT+LSTM (обуч. внимание) + Реконструкция,fold3,3
2.3842712640762356,validation,2.0,0.07179054054054054,3,0.2857142857142857,7,2,9.0,9.0,14.6,0.0,0.19844904150191786,3.6559139784946235,cand_gatlstm_recon,GAT+LSTM (обуч. внимание) + Реконструкция,fold3,3
2.094191193580629,validation,5.0,0.08783783783783784,3,0.2857142857142857,7,2,8.0,8.0,13.6,0.0,0.2078345148443452,4.473118279569892,cand_gatlstm_recon,GAT+LSTM (обуч. внимание) + Реконструкция,fold3,3
1.8045523762702955,validation,10.0,0.11908783783783784,3,0.7142857142857143,7,5,9.0,2.8,13.8,0.4,0.5334433046978521,6.064516129032258,cand_gatlstm_recon,GAT+LSTM (обуч. внимание) + Реконструкция,fold3,3
1.1027271151542672,validation,20.0,0.27702702702702703,3,0.8571428571428571,7,6,-6.5,-3.3333333333333335,11.5,0.5,0.7278747864792825,14.10752688172043,cand_gatlstm_recon,GAT+LSTM (обуч. внимание) + Реконструкция,fold3,3
0.23240629583597186,validation,0.25,0.022804054054054054,3,0.14285714285714285,7,1,4.0,4.0,4.0,0.0,0.11874827087754111,1.1612903225806452,cand_gcngru_bigan,GCN+GRU (фикс. граф) + Критик BiGAN,fold3,3
0.23236437886953354,validation,0.5,0.026182432432432432,3,0.14285714285714285,7,1,3.0,3.0,3.0,0.0,0.12436436618516059,1.3333333333333333,cand_gcngru_bigan,GCN+GRU (фикс. граф) + Критик BiGAN,fold3,3
0.2323392853140831,validation,1.0,0.02956081081081081,3,0.14285714285714285,7,1,3.0,3.0,3.0,0.0,0.12436436618516059,1.5053763440860215,cand_gcngru_bigan,GCN+GRU (фикс. граф) + Критик BiGAN,fold3,3
0.2321881577372551,validation,2.0,0.03885135135135135,3,0.14285714285714285,7,1,3.0,3.0,3.0,0.0,0.12436436618516059,1.978494623655914,cand_gcngru_bigan,GCN+GRU (фикс. граф) + Критик BiGAN,fold3,3
0.23194139450788498,validation,5.0,0.08530405405405406,3,0.2857142857142857,7,2,6.5,6.5,10.1,0.0,0.21617642951418217,4.344086021505376,cand_gcngru_bigan,GCN+GRU (фикс. граф) + Критик BiGAN,fold3,3
0.23160599917173386,validation,10.0,0.13513513513513514,3,0.42857142857142855,7,3,11.0,2.6666666666666665,11.8,0.3333333333333333,0.3108373850770822,6.881720430107527,cand_gcngru_bigan,GCN+GRU (фикс. граф) + Критик BiGAN,fold3,3
0.2311885580420494,validation,20.0,0.25675675675675674,3,0.7142857142857143,7,5,-13.0,-6.4,6.200000000000001,0.6,0.6530680634206663,13.075268817204302,cand_gcngru_bigan,GCN+GRU (фикс. граф) + Критик BiGAN,fold3,3
-316.17655944824213,validation,0.25,0.028716216216216218,3,0.14285714285714285,7,1,7.0,7.0,7.0,0.0,0.10337637410288415,1.4623655913978495,cand_hypergraph_flow,Гиперграф+Bi-GLU + Плотность (flow),fold3,3
-316.1823272705078,validation,0.5,0.03462837837837838,3,0.14285714285714285,7,1,4.0,4.0,4.0,0.0,0.11874827087754111,1.7634408602150538,cand_hypergraph_flow,Гиперграф+Bi-GLU + Плотность (flow),fold3,3
-316.1891937255859,validation,1.0,0.04054054054054054,3,0.14285714285714285,7,1,-10.0,-10.0,-10.0,1.0,0.14285714285714285,2.064516129032258,cand_hypergraph_flow,Гиперграф+Bi-GLU + Плотность (flow),fold3,3
-316.1967315673828,validation,2.0,0.0472972972972973,3,0.14285714285714285,7,1,-11.0,-11.0,-11.0,1.0,0.14285714285714285,2.4086021505376345,cand_hypergraph_flow,Гиперграф+Bi-GLU + Плотность (flow),fold3,3
-316.21147155761713,validation,5.0,0.07601351351351351,3,0.42857142857142855,7,3,-4.0,-3.0,4.800000000000001,0.6666666666666666,0.38909065981716984,3.870967741935484,cand_hypergraph_flow,Гиперграф+Bi-GLU + Плотность (flow),fold3,3
-316.2192230224609,validation,10.0,0.13344594594594594,3,0.8571428571428571,7,6,2.5,-0.16666666666666666,7.5,0.3333333333333333,0.7428407557851411,6.795698924731183,cand_hypergraph_flow,Гиперграф+Bi-GLU + Плотность (flow),fold3,3
-316.2256622314453,validation,20.0,0.2677364864864865,3,0.8571428571428571,7,6,-6.5,-5.166666666666667,6.0,0.5,0.7774324296058269,13.634408602150538,cand_hypergraph_flow,Гиперграф+Bi-GLU + Плотность (flow),fold3,3
0.12914036959409725,validation,0.25,0.018581081081081082,3,0.2857142857142857,7,2,15.0,15.0,17.4,0.0,0.1442320655923685,0.946236559139785,cand_gcngru_physics,GCN+GRU (фикс. граф) + Невязка LWR,fold3,3
0.12196504697203639,validation,0.5,0.019425675675675675,3,0.2857142857142857,7,2,15.0,15.0,17.4,0.0,0.1442320655923685,0.989247311827957,cand_gcngru_physics,GCN+GRU (фикс. граф) + Невязка LWR,fold3,3
0.11705314740538608,validation,1.0,0.02027027027027027,3,0.2857142857142857,7,2,15.0,15.0,17.4,0.0,0.1442320655923685,1.032258064516129,cand_gcngru_physics,GCN+GRU (фикс. граф) + Невязка LWR,fold3,3
0.10422581061720859,validation,2.0,0.02787162162162162,3,0.2857142857142857,7,2,15.0,15.0,17.4,0.0,0.1442320655923685,1.4193548387096775,cand_gcngru_physics,GCN+GRU (фикс. граф) + Невязка LWR,fold3,3
0.07179557904601098,validation,5.0,0.05574324324324324,3,0.2857142857142857,7,2,-1.5,-1.5,9.3,0.5,0.22490702535693105,2.838709677419355,cand_gcngru_physics,GCN+GRU (фикс. граф) + Невязка LWR,fold3,3
0.054769245907664355,validation,10.0,0.10219594594594594,3,0.42857142857142855,7,3,-14.0,-6.0,6.000000000000001,0.6666666666666666,0.3716446454344369,5.204301075268817,cand_gcngru_physics,GCN+GRU (фикс. граф) + Невязка LWR,fold3,3
0.035096822306513856,validation,20.0,0.27280405405405406,3,1.0,7,7,-15.0,-5.0,10.000000000000005,0.5714285714285714,0.8797970475389142,13.89247311827957,cand_gcngru_physics,GCN+GRU (фикс. граф) + Невязка LWR,fold3,3
3.132897257804871,validation,0.25,0.0016891891891891893,3,0.0,7,0,,,,0.0,0.0,0.08602150537634409,ctrl_random,Случайный score (контроль),fold3,4
3.064744830131531,validation,0.5,0.004222972972972973,3,0.2857142857142857,7,2,3.5,3.5,15.100000000000001,0.5,0.20503932594972316,0.21505376344086022,ctrl_random,Случайный score (контроль),fold3,4
2.964217782020571,validation,1.0,0.011824324324324325,3,0.7142857142857143,7,5,-4.0,2.2,16.8,0.6,0.5621821830925803,0.6021505376344086,ctrl_random,Случайный score (контроль),fold3,4
2.846242547035219,validation,2.0,0.04391891891891892,3,0.7142857142857143,7,5,-7.0,-3.2,6.0,0.6,0.6451023666443426,2.236559139784946,ctrl_random,Случайный score (контроль),fold3,4
2.7161487340927133,validation,5.0,0.11570945945945946,3,0.8571428571428571,7,6,-5.0,-2.3333333333333335,8.5,0.6666666666666666,0.7656244001851797,5.89247311827957,ctrl_random,Случайный score (контроль),fold3,4
2.622311711311341,validation,10.0,0.1858108108108108,3,1.0,7,7,-6.0,-4.285714285714286,8.000000000000002,0.7142857142857143,0.9084815430423225,9.46236559139785,ctrl_random,Случайный score (контроль),fold3,4
2.526788830757142,validation,20.0,0.30574324324324326,3,1.0,7,7,-6.0,-4.285714285714286,8.000000000000002,0.7142857142857143,0.9084815430423225,15.56989247311828,ctrl_random,Случайный score (контроль),fold3,4
18.79093074798584,validation,0.25,0.030405405405405407,3,0.14285714285714285,7,1,15.0,15.0,15.0,0.0,0.07142857142857142,1.5483870967741935,ctrl_untrained,GCN+GRU (фикс. граф) + Реконструкция [необучен],fold3,4
18.54016780853272,validation,0.5,0.032939189189189186,3,0.14285714285714285,7,1,15.0,15.0,15.0,0.0,0.07142857142857142,1.6774193548387097,ctrl_untrained,GCN+GRU (фикс. граф) + Реконструкция [необучен],fold3,4
17.747572898864753,validation,1.0,0.037162162162162164,3,0.14285714285714285,7,1,14.0,14.0,14.0,0.0,0.0748067230586162,1.89247311827957,ctrl_untrained,GCN+GRU (фикс. граф) + Реконструкция [необучен],fold3,4
16.535521507263184,validation,2.0,0.03969594594594594,3,0.14285714285714285,7,1,-9.0,-9.0,-9.0,1.0,0.14285714285714285,2.021505376344086,ctrl_untrained,GCN+GRU (фикс. граф) + Реконструкция [необучен],fold3,4
13.883203983306897,validation,5.0,0.06672297297297297,3,0.42857142857142855,7,3,0.0,-3.0,4.800000000000001,0.3333333333333333,0.3939797547507427,3.3978494623655915,ctrl_untrained,GCN+GRU (фикс. граф) + Реконструкция [необучен],fold3,4
10.798837184906018,validation,10.0,0.13006756756756757,3,0.5714285714285714,7,4,-5.5,-3.0,10.400000000000002,0.5,0.49076707856693286,6.623655913978495,ctrl_untrained,GCN+GRU (фикс. граф) + Реконструкция [необучен],fold3,4
6.120212316513066,validation,20.0,0.3091216216216216,3,0.8571428571428571,7,6,-15.0,-8.166666666666666,5.5,0.6666666666666666,0.7959252062778093,15.741935483870968,ctrl_untrained,GCN+GRU (фикс. граф) + Реконструкция [необучен],fold3,4
6.918563604354864,validation,0.25,0.04814189189189189,3,0.2857142857142857,7,2,-4.5,-4.5,3.9000000000000004,0.5,0.25112261189359986,2.4516129032258065,base_pca,PCA (линейная граница),fold3,4
5.819871187210088,validation,0.5,0.04814189189189189,3,0.2857142857142857,7,2,-5.0,-5.0,3.0000000000000004,0.5,0.2562429322834428,2.4516129032258065,base_pca,PCA (линейная граница),fold3,4
4.6205236911773735,validation,1.0,0.05405405405405406,3,0.2857142857142857,7,2,-5.5,-5.5,2.1000000000000005,0.5,0.261605413734684,2.752688172043011,base_pca,PCA (линейная граница),fold3,4
2.7276762723922774,validation,2.0,0.059966216216216214,3,0.5714285714285714,7,4,1.0,1.25,15.3,0.5,0.4421470338620727,3.053763440860215,base_pca,PCA (линейная граница),fold3,4
2.3862024545669627,validation,5.0,0.07601351351351351,3,0.7142857142857143,7,5,9.0,1.6,15.0,0.4,0.5271377681662962,3.870967741935484,base_pca,PCA (линейная граница),fold3,4
1.939691364765173,validation,10.0,0.09543918918918919,3,0.8571428571428571,7,6,10.5,3.5,15.0,0.3333333333333333,0.6050244280357838,4.860215053763441,base_pca,PCA (линейная граница),fold3,4
0.7856747210025838,validation,20.0,0.2947635135135135,3,0.8571428571428571,7,6,-15.0,-8.166666666666666,5.5,0.6666666666666666,0.7959252062778093,15.010752688172044,base_pca,PCA (линейная граница),fold3,4
0.5206284224987157,validation,0.25,0.0033783783783783786,3,0.0,7,0,,,,0.0,0.0,0.17204301075268819,base_california,California алгоритм (AID),fold3,4
0.23411332815886082,validation,0.5,0.0059121621621621625,3,0.0,7,0,,,,0.0,0.0,0.3010752688172043,base_california,California алгоритм (AID),fold3,4
0.05459028296174054,validation,1.0,0.007601351351351352,3,0.14285714285714285,7,1,13.0,13.0,13.0,0.0,0.078344641406759,0.3870967741935484,base_california,California алгоритм (AID),fold3,4
-0.07297781482337742,validation,2.0,0.016047297297297296,3,0.42857142857142855,7,3,4.0,3.0,14.4,0.3333333333333333,0.3267284486316995,0.8172043010752689,base_california,California алгоритм (AID),fold3,4
-0.18001171201464927,validation,5.0,0.05067567567567568,3,0.5714285714285714,7,4,-10.5,-4.5,9.500000000000004,0.75,0.4936944634684441,2.5806451612903225,base_california,California алгоритм (AID),fold3,4
-0.2897910922765513,validation,10.0,0.13429054054054054,3,0.8571428571428571,7,6,-9.0,-4.666666666666667,9.0,0.6666666666666666,0.7631590022616305,6.838709677419355,base_california,California алгоритм (AID),fold3,4
-0.4638553708791606,validation,20.0,0.3277027027027027,3,1.0,7,7,-12.0,-7.571428571428571,5.200000000000003,0.7142857142857143,0.934526144786522,16.688172043010752,base_california,California алгоритм (AID),fold3,4
3.114544510841379,validation,0.25,0.002533783783783784,3,0.0,7,0,,,,0.0,0.0,0.12903225806451613,base_snd,Standard Normal Deviate (AID),fold3,4
2.5727196931839025,validation,0.5,0.016047297297297296,3,0.42857142857142855,7,3,3.0,2.6666666666666665,5.4,0.3333333333333333,0.37548697807876047,0.8172043010752689,base_snd,Standard Normal Deviate (AID),fold3,4
2.333176016807563,validation,1.0,0.024493243243243243,3,0.42857142857142855,7,3,-2.0,-4.666666666666667,2.0,0.6666666666666666,0.4100786518994463,1.2473118279569892,base_snd,Standard Normal Deviate (AID),fold3,4
2.2077416181564846,validation,2.0,0.028716216216216218,3,0.42857142857142855,7,3,-2.0,-4.666666666666667,2.0,0.6666666666666666,0.4100786518994463,1.4623655913978495,base_snd,Standard Normal Deviate (AID),fold3,4
1.8702011704445063,validation,5.0,0.07094594594594594,3,0.5714285714285714,7,4,-5.0,-5.5,0.6000000000000014,0.75,0.5529357947565892,3.6129032258064515,base_snd,Standard Normal Deviate (AID),fold3,4
1.5179881453514437,validation,10.0,0.16131756756756757,3,0.8571428571428571,7,6,-5.5,-3.5,10.0,0.6666666666666666,0.7516094962039294,8.21505376344086,base_snd,Standard Normal Deviate (AID),fold3,4
1.3275696635246843,validation,20.0,0.3108108108108108,3,1.0,7,7,-8.0,-5.571428571428571,7.800000000000001,0.7142857142857143,0.9119126534438052,15.827956989247312,base_snd,Standard Normal Deviate (AID),fold3,4
0.7151829302310946,validation,0.25,0.028716216216216218,3,0.14285714285714285,7,1,2.0,2.0,2.0,0.0,0.13024606979403097,1.4623655913978495,base_iforest,Isolation Forest,fold3,4
0.711903363466263,validation,0.5,0.030405405405405407,3,0.14285714285714285,7,1,1.0,1.0,1.0,0.0,0.13640594341577378,1.5483870967741935,base_iforest,Isolation Forest,fold3,4
0.7076462209224701,validation,1.0,0.036317567567567564,3,0.2857142857142857,7,2,8.0,8.0,13.6,0.0,0.2078345148443452,1.8494623655913978,base_iforest,Isolation Forest,fold3,4
0.7005671560764315,validation,2.0,0.04560810810810811,3,0.5714285714285714,7,4,1.5,2.0,7.600000000000001,0.25,0.49950351677372423,2.3225806451612905,base_iforest,Isolation Forest,fold3,4
0.6915367543697357,validation,5.0,0.06672297297297297,3,0.7142857142857143,7,5,2.0,1.2,8.0,0.4,0.6193405056413933,3.3978494623655915,base_iforest,Isolation Forest,fold3,4
0.6792430579662323,validation,10.0,0.08783783783783784,3,0.8571428571428571,7,6,-1.5,-1.1666666666666667,11.0,0.5,0.7308617415720244,4.473118279569892,base_iforest,Isolation Forest,fold3,4
0.6522160470485687,validation,20.0,0.21875,3,0.8571428571428571,7,6,-12.5,-7.333333333333333,5.5,0.6666666666666666,0.7959252062778093,11.13978494623656,base_iforest,Isolation Forest,fold3,4
0.0007625135185662658,validation,0.25,0.032939189189189186,3,0.14285714285714285,7,1,10.0,10.0,10.0,0.0,0.08999436070677666,1.6774193548387097,deep_transformer_contrastive,Transformer (без графа) + Контрастив,fold3,4
0.0006689835863653579,validation,0.5,0.04814189189189189,3,0.14285714285714285,7,1,10.0,10.0,10.0,0.0,0.08999436070677666,2.4516129032258065,deep_transformer_contrastive,Transformer (без графа) + Контрастив,fold3,4
0.0005405718984548011,validation,1.0,0.08023648648648649,3,0.14285714285714285,7,1,6.0,6.0,6.0,0.0,0.108265469036457,4.086021505376344,deep_transformer_contrastive,Transformer (без графа) + Контрастив,fold3,4
0.0004614078061422339,validation,2.0,0.11317567567567567,3,0.2857142857142857,7,2,13.0,13.0,18.6,0.0,0.16495836374960698,5.763440860215054,deep_transformer_contrastive,Transformer (без графа) + Контрастив,fold3,4
0.0004034354788018398,validation,5.0,0.15625,3,0.42857142857142855,7,3,8.0,8.0,16.8,0.3333333333333333,0.3009393411507545,7.956989247311828,deep_transformer_contrastive,Transformer (без графа) + Контрастив,fold3,4
0.0003367788594914607,validation,10.0,0.2677364864864865,3,0.8571428571428571,7,6,-5.0,-3.8333333333333335,5.5,0.6666666666666666,0.7959252062778093,13.634408602150538,deep_transformer_contrastive,Transformer (без графа) + Контрастив,fold3,4
0.00025155475304927677,validation,20.0,0.4358108108108108,3,0.8571428571428571,7,6,-10.5,-6.666666666666667,5.5,0.6666666666666666,0.7959252062778093,22.193548387096776,deep_transformer_contrastive,Transformer (без графа) + Контрастив,fold3,4
2.002748370170594,validation,0.25,0.04222972972972973,3,0.2857142857142857,7,2,15.0,15.0,19.0,0.0,0.14668725541992664,2.150537634408602,cand_gcngru_recon,GCN+GRU (фикс. граф) + Реконструкция,fold3,4
1.8949645161628734,validation,0.5,0.048986486486486486,3,0.2857142857142857,7,2,13.0,13.0,18.6,0.0,0.16495836374960698,2.4946236559139785,cand_gcngru_recon,GCN+GRU (фикс. граф) + Реконструкция,fold3,4
1.7339152693748479,validation,1.0,0.060810810810810814,3,0.2857142857142857,7,2,11.0,11.0,18.2,0.0,0.18693896450718098,3.096774193548387,cand_gcngru_recon,GCN+GRU (фикс. граф) + Реконструкция,fold3,4
1.6572622656822222,validation,2.0,0.07010135135135136,3,0.2857142857142857,7,2,7.0,7.0,11.0,0.0,0.21229595229381917,3.5698924731182795,cand_gcngru_recon,GCN+GRU (фикс. граф) + Реконструкция,fold3,4
1.454276978969574,validation,5.0,0.10135135135135136,3,0.2857142857142857,7,2,-0.5,-0.5,-0.09999999999999998,0.5,0.2857142857142857,5.161290322580645,cand_gcngru_recon,GCN+GRU (фикс. граф) + Реконструкция,fold3,4
1.1996886134147655,validation,10.0,0.14527027027027026,3,0.5714285714285714,7,4,-9.0,-6.0,3.600000000000003,0.75,0.5228219936266353,7.397849462365591,cand_gcngru_recon,GCN+GRU (фикс. граф) + Реконструкция,fold3,4
0.7660311162471788,validation,20.0,0.24493243243243243,3,0.8571428571428571,7,6,-6.5,-3.5,11.0,0.5,0.7314127048274253,12.473118279569892,cand_gcngru_recon,GCN+GRU (фикс. граф) + Реконструкция,fold3,4
3.013294100761415,validation,0.25,0.03969594594594594,3,0.14285714285714285,7,1,5.0,5.0,5.0,0.0,0.11338578942629997,2.021505376344086,cand_gatlstm_recon,GAT+LSTM (обуч. внимание) + Реконструкция,fold3,4
2.989320635795595,validation,0.5,0.03969594594594594,3,0.14285714285714285,7,1,5.0,5.0,5.0,0.0,0.11338578942629997,2.021505376344086,cand_gatlstm_recon,GAT+LSTM (обуч. внимание) + Реконструкция,fold3,4
2.8686712980270395,validation,1.0,0.044763513513513514,3,0.14285714285714285,7,1,5.0,5.0,5.0,0.0,0.11338578942629997,2.2795698924731185,cand_gatlstm_recon,GAT+LSTM (обуч. внимание) + Реконструкция,fold3,4
2.580831170082094,validation,2.0,0.0472972972972973,3,0.2857142857142857,7,2,12.5,12.5,18.5,0.0,0.17007868413944996,2.4086021505376345,cand_gatlstm_recon,GAT+LSTM (обуч. внимание) + Реконструкция,fold3,4
2.2429314851760886,validation,5.0,0.06756756756756757,3,0.2857142857142857,7,2,1.5,1.5,12.3,0.5,0.21428571428571427,3.4408602150537635,cand_gatlstm_recon,GAT+LSTM (обуч. внимание) + Реконструкция,fold3,4
1.739555656909944,validation,10.0,0.13091216216216217,3,0.42857142857142855,7,3,10.0,2.3333333333333335,11.6,0.3333333333333333,0.3149013860637077,6.666666666666667,cand_gatlstm_recon,GAT+LSTM (обуч. внимание) + Реконструкция,fold3,4
1.1185151934623732,validation,20.0,0.27111486486486486,3,1.0,7,7,-10.0,-5.571428571428571,6.600000000000001,0.5714285714285714,0.9093109957041092,13.806451612903226,cand_gatlstm_recon,GAT+LSTM (обуч. внимание) + Реконструкция,fold3,4
0.16021765023469928,validation,0.25,0.002533783783783784,3,0.42857142857142855,7,3,4.0,6.0,10.4,0.0,0.3310442231713603,0.12903225806451613,cand_gcngru_bigan,GCN+GRU (фикс. граф) + Критик BiGAN,fold3,4
0.16021602600812912,validation,0.5,0.002533783783783784,3,0.42857142857142855,7,3,4.0,6.0,10.4,0.0,0.3310442231713603,0.12903225806451613,cand_gcngru_bigan,GCN+GRU (фикс. граф) + Критик BiGAN,fold3,4
0.160149447619915,validation,1.0,0.002533783783783784,3,0.42857142857142855,7,3,4.0,5.333333333333333,8.8,0.0,0.33898870137834874,0.12903225806451613,cand_gcngru_bigan,GCN+GRU (фикс. граф) + Критик BiGAN,fold3,4
0.15996994823217392,validation,2.0,0.006756756756756757,3,0.5714285714285714,7,4,6.5,6.5,10.7,0.0,0.4305351564061194,0.34408602150537637,cand_gcngru_bigan,GCN+GRU (фикс. граф) + Критик BiGAN,fold3,4
0.15979119390249252,validation,5.0,0.030405405405405407,3,0.7142857142857143,7,5,3.0,5.2,10.2,0.0,0.5711973041703232,1.5483870967741935,cand_gcngru_bigan,GCN+GRU (фикс. граф) + Критик BiGAN,fold3,4
0.15940143913030624,validation,10.0,0.0945945945945946,3,0.8571428571428571,7,6,-1.0,-1.3333333333333333,7.0,0.5,0.7664538528469663,4.817204301075269,cand_gcngru_bigan,GCN+GRU (фикс. граф) + Критик BiGAN,fold3,4
0.15876107662916183,validation,20.0,0.28716216216216217,3,1.0,7,7,-8.0,-6.0,4.8000000000000025,0.7142857142857143,0.9387823491349521,14.623655913978494,cand_gcngru_bigan,GCN+GRU (фикс. граф) + Критик BiGAN,fold3,4
-316.2661895751953,validation,0.25,0.02787162162162162,3,0.14285714285714285,7,1,9.0,9.0,9.0,0.0,0.09425056505520672,1.4193548387096775,cand_hypergraph_flow,Гиперграф+Bi-GLU + Плотность (flow),fold3,4
-316.27064514160156,validation,0.5,0.02956081081081081,3,0.14285714285714285,7,1,8.0,8.0,8.0,0.0,0.09870806285484114,1.5053763440860215,cand_hypergraph_flow,Гиперграф+Bi-GLU + Плотность (flow),fold3,4
-316.27674865722656,validation,1.0,0.036317567567567564,3,0.14285714285714285,7,1,5.0,5.0,5.0,0.0,0.11338578942629997,1.8494623655913978,cand_hypergraph_flow,Гиперграф+Bi-GLU + Плотность (flow),fold3,4
-316.2830657958984,validation,2.0,0.04560810810810811,3,0.14285714285714285,7,1,4.0,4.0,4.0,0.0,0.11874827087754111,2.3225806451612905,cand_hypergraph_flow,Гиперграф+Bi-GLU + Плотность (flow),fold3,4
-316.29212951660156,validation,5.0,0.09881756756756757,3,0.7142857142857143,7,5,2.0,5.0,18.6,0.4,0.5375166740396675,5.032258064516129,cand_hypergraph_flow,Гиперграф+Bi-GLU + Плотность (flow),fold3,4
-316.29545593261713,validation,10.0,0.13682432432432431,3,0.7142857142857143,7,5,2.0,-0.2,8.6,0.4,0.6089189834183646,6.967741935483871,cand_hypergraph_flow,Гиперграф+Bi-GLU + Плотность (flow),fold3,4
-316.2993011474609,validation,20.0,0.30405405405405406,3,0.8571428571428571,7,6,-11.5,-7.0,5.5,0.6666666666666666,0.7959252062778093,15.483870967741936,cand_hypergraph_flow,Гиперграф+Bi-GLU + Плотность (flow),fold3,4
0.13456010073423402,validation,0.25,0.021114864864864864,3,0.2857142857142857,7,2,16.0,16.0,17.6,0.0,0.1369889061511965,1.075268817204301,cand_gcngru_physics,GCN+GRU (фикс. граф) + Невязка LWR,fold3,4
0.1330329105257989,validation,0.5,0.021114864864864864,3,0.2857142857142857,7,2,16.0,16.0,17.6,0.0,0.1369889061511965,1.075268817204301,cand_gcngru_physics,GCN+GRU (фикс. граф) + Невязка LWR,fold3,4
0.11735283955931675,validation,1.0,0.02533783783783784,3,0.2857142857142857,7,2,9.0,9.0,11.4,0.0,0.1903153515362452,1.2903225806451613,cand_gcngru_physics,GCN+GRU (фикс. граф) + Невязка LWR,fold3,4
0.09080504998564734,validation,2.0,0.04307432432432432,3,0.2857142857142857,7,2,8.0,8.0,11.2,0.0,0.2007981533773293,2.193548387096774,cand_gcngru_physics,GCN+GRU (фикс. граф) + Невязка LWR,fold3,4
0.06167834810912623,validation,5.0,0.06587837837837837,3,0.2857142857142857,7,2,-2.0,-2.0,8.4,0.5,0.22878750257729405,3.3548387096774195,cand_gcngru_physics,GCN+GRU (фикс. граф) + Невязка LWR,fold3,4
0.0489293318241835,validation,10.0,0.09966216216216216,3,0.8571428571428571,7,6,0.5,-2.3333333333333335,7.5,0.3333333333333333,0.767493406078866,5.075268817204301,cand_gcngru_physics,GCN+GRU (фикс. граф) + Невязка LWR,fold3,4
0.03045549895614403,validation,20.0,0.29138513513513514,3,1.0,7,7,-15.0,-6.285714285714286,6.600000000000001,0.5714285714285714,0.9093109957041092,14.838709677419354,cand_gcngru_physics,GCN+GRU (фикс. граф) + Невязка LWR,fold3,4
