config,label,group,group_label,encoder,head,encoder_label,head_label,mechanism,baseline,dataset,seed,block,rationale,n_params,hidden,budget_within_tolerance,epochs_run,train_seconds,inference_ms_per_window,best_val_loss,uses_graph,resumed,threshold,threshold_source,alarm_budget_per_hour,fpr_observed,persistence,event_recall,n_events,n_detected,median_delay_min,mean_delay_min,p90_delay_min,earlier_than_report_share,padf,alarms_per_hour,average_precision,prevalence,roc_auc_reference_only,pa_f1_INVALID_for_ranking,f1_oracle_threshold_upper_bound,oracle_threshold,f1_at_fpr_threshold,pa_inflation_ratio,ap_lift_over_random,physics_correction_share
ctrl_random,Случайный score (контроль),control,Протокольный контроль,,,,,none,random,fold0,0,fold0|s0,"Случайный score. Kim et al. (2021): при point-adjustment он выходит на уровень SOTA. Если здесь он попадает в верхнюю половину по основной метрике — метрика выбрана неверно и остальная таблица недействительна. Ожидается AP≈prevalence, padf≈0.",0,,True,0,5.999972927384079e-07,0.0024222222181440973,,False,False,3.1312254667282122,validation,0.25,0.0031120331950207467,3,0.07142857142857142,14,1,1.0,1.0,1.0,0.0,0.06820297170788689,0.12903225806451613,0.30134210612950313,0.3089605734767025,0.48509449220667944,0.8845315904139434,0.3776595744680851,2.6953251361846924,0.21036585365853658,4.2047298790691805,0.9753416196070924,
ctrl_untrained,GCN+GRU (фикс. граф) + Реконструкция [необучен],control,Протокольный контроль,gcn_gru,recon,GCN+GRU (фикс. граф),Реконструкция,reconstruction,,fold0,0,fold0|s0,Та же архитектура со случайными весами. У Kim et al. необученная модель оказалась сравнима с опубликованными методами даже без PA. Разность «обученная − эта» — измеренный вклад обучения.,144516,144.0,True,0,3.9999576983973384e-07,0.36767519713487096,,True,False,14.71313047409058,validation,0.25,0.024896265560165973,3,0.14285714285714285,14,2,-8.5,-8.5,-3.3,1.0,0.14285714285714285,1.032258064516129,0.48420736155947486,0.3089605734767025,0.6792054567684916,0.7211740041928721,0.5140073081607796,7.605327606201172,0.17857142857142858,4.0385744234800836,1.5672140820776506,
base_pca,PCA (линейная граница),control,Протокольный контроль,,,,,none,pca,fold0,0,fold0|s0,Линейная нижняя граница. Sehili et al. (2023): PCA превосходит многие DL-подходы; Alves et al. (2026) подтвердили на SMD без point-adjustment. Если ST-GNN не отрывается от PCA значимо — это и есть результат.,1204224,,True,0,1.067584500000521,0.0897784229396345,,False,False,4.5738465785980225,validation,0.25,0.007261410788381743,3,0.14285714285714285,14,2,-8.5,-8.5,-3.3,1.0,0.14285714285714285,0.3010752688172043,0.48787466361029014,0.3089605734767025,0.7002291303636241,0.7234490010515248,0.5540417801998183,0.8308631777763367,0.13953488372093023,5.1847178408692605,1.5790838880193845,
base_california,California алгоритм (AID),baseline,Бейзлайн,,,,,none,california,fold0,0,fold0|s0,"Канонический AID-алгоритм по пространственным разностям занятости. Обязателен для транспортного журнала: без него работа читается как ML-статья про трафик, а не как вклад в автоматическое обнаружение инцидентов.",3,,True,0,0.015743900003144518,0.009843082437174909,,True,False,-0.16460906714200896,validation,0.25,0.014522821576763486,3,0.35714285714285715,14,5,6.0,2.8,10.2,0.4,0.28708033976305025,0.6021505376344086,0.3626089181152243,0.3089605734767025,0.6157589702611893,0.8632768361581921,0.46536412078152756,-0.39287540316581726,0.30997304582210244,2.7850061409972975,1.1736413938996237,
base_snd,Standard Normal Deviate (AID),baseline,Бейзлайн,,,,,none,snd,fold0,0,fold0|s0,"Standard Normal Deviate — классический статистический контроль на детекторе. Вторая доменная точка отсчёта, не использующая пространственную структуру вообще.",3,,True,0,0.0426551999989897,0.03433297491005679,,False,False,2.6486703157424962,validation,0.25,0.005186721991701245,3,0.2857142857142857,14,4,9.5,4.5,13.100000000000001,0.25,0.2011511442453757,0.21505376344086022,0.3663734088804532,0.3089605734767025,0.5648003292545561,0.880184331797235,0.4237588652482269,1.378502368927002,0.1814814814814815,4.849995297658233,1.1858257665620238,
base_iforest,Isolation Forest,baseline,Бейзлайн,,,,,none,iforest,fold0,0,fold0|s0,"Adaptive Isolation Forest даёт 71–100% detection rate на реальных городских событиях (J. Intelligent Transportation Systems, 2025). Включён как сильный неглубокий конкурент, а не для контраста.",150,,True,0,1.1239991999973427,1.6281919713268944,,False,False,0.6834249794483187,validation,0.25,0.046680497925311204,3,0.5,14,7,11.0,5.571428571428571,16.6,0.2857142857142857,0.35859896856215584,1.935483870967742,0.460988278627104,0.3089605734767025,0.6869097245621973,0.7586206896551724,0.5141843971631206,0.6151914596557617,0.3275039745627981,2.3163709407432203,1.492061829895151,
deep_transformer_contrastive,Transformer (без графа) + Контрастив,non_graph,Без графа,transformer,contrastive,Transformer (без графа),Контрастив,representation-discrepancy,,fold0,0,fold0|s0,"TransDe-подобная связка: мультимасштабный контрастив поверх внимания, без графа. Лидирует на четырёх MTSAD-бенчмарках из пяти. Если обходит графовые модели — физический prior коридора не нужен.",159840,96.0,True,40,,,0.00010193232301389799,False,True,0.002098988159559669,validation,0.25,0.20643153526970953,3,0.21428571428571427,14,3,-1.0,1.3333333333333333,5.4,0.6666666666666666,0.19454532990858492,8.559139784946236,0.32064107139479414,0.3089605734767025,0.5325235147442501,0.6746370623398804,0.425531914893617,0.0010814301203936338,0.16833095577746077,4.007801531358103,1.0378057879251457,
cand_gcngru_recon,GCN+GRU (фикс. граф) + Реконструкция,candidate,Кандидат,gcn_gru,recon,GCN+GRU (фикс. граф),Реконструкция,reconstruction,,fold0,0,fold0|s0,"РЕФЕРЕНС. Бенчмарк FT-AED (Coursey et al., 2024): unsupervised графовые автоэнкодеры — лучшее семейство на этих данных, а игнорирование пространственных связей ухудшает качество. Все остальные кандидаты сравниваются с этой точкой.",144516,144.0,True,40,,,0.11063964664936066,True,True,1.8895902037620558,validation,0.25,0.00933609958506224,3,0.07142857142857142,14,1,-2.0,-2.0,-2.0,1.0,0.07142857142857142,0.3870967741935484,0.48285448535217046,0.3089605734767025,0.7078611932108096,0.6798418972332015,0.5798394290811775,0.5355299115180969,0.09663865546218488,7.034885719195738,1.5628352832164216,
cand_gatlstm_recon,GAT+LSTM (обуч. внимание) + Реконструкция,candidate,Кандидат,gat_lstm,recon,GAT+LSTM (обуч. внимание),Реконструкция,reconstruction,,fold0,0,fold0|s0,"Обучаемое внимание вместо фиксированного графа при той же голове. В работе «Toward explainable automatic incident detection» (2025) GAT+LSTM — лучшая пара пространственного и временного модуля. Проверяет, размывает ли фиксированное сглаживание сам сигнал аномалии.",152728,160.0,True,40,,,0.1405927285552025,True,True,3.328066706657411,validation,0.25,0.0,3,0.0,14,0,,,,0.0,0.0,0.0,0.48194082767804874,0.3089605734767025,0.6921205148694054,0.7562189054726368,0.526595744680851,1.2262266874313354,0.004629629629629629,163.34328358208955,1.5598780849440324,
cand_gcngru_bigan,GCN+GRU (фикс. граф) + Критик BiGAN,candidate,Кандидат,gcn_gru,bigan,GCN+GRU (фикс. граф),Критик BiGAN,discriminator,,fold0,0,fold0|s0,"Тот же энкодер, механизм score — критик. CCB-GraphGAN (Nouri et al., 2026) на FT-AED: −5 мин к задержке при FPR 1%. Одновременно проверяет открытый пробел: при D*=1/2 выход критика не несёт информации об аномалии (см. абляцию cycle vs critic).",150391,120.0,True,17,,,1.2215620398521423,True,True,0.2607196122407914,validation,0.25,0.0,3,0.07142857142857142,14,1,8.0,8.0,8.0,0.0,0.04935403142742057,0.0,0.37430833137799263,0.3089605734767025,0.5269204108942823,0.7800904977375566,0.3723404255319149,0.2585779130458832,0.01839080459770115,42.41742081447964,1.211508404344083,
cand_hypergraph_flow,Гиперграф+Bi-GLU + Плотность (flow),candidate,Кандидат,hypergraph,flow,Гиперграф+Bi-GLU,Плотность (flow),density,,fold0,0,fold0|s0,"DHMPN-подобная связка: направленный гиперграф + нормализующий поток. Явная плотность вместо эвристики, дешевле трансформеров, заявлено превосходство над SOTA-графами. Единственный кандидат с калиброванным вероятностным score — нужен для safety-валидатора в контуре устранения.",154440,104.0,True,40,,,-313.05340576171875,True,True,-312.75785827636713,validation,0.25,0.061203319502074686,3,0.35714285714285715,14,5,-2.0,-1.2,10.2,0.6,0.3043761766733933,2.5376344086021505,0.4506771647592324,0.3089605734767025,0.6487193249318866,0.7602209944751381,0.4756554307116105,-312.9363708496094,0.32300163132137033,2.3536134828952506,1.4586882710884668,
cand_gcngru_physics,GCN+GRU (фикс. граф) + Невязка LWR,candidate,Кандидат,gcn_gru,physics,GCN+GRU (фикс. граф),Невязка LWR,physical-residual,,fold0,0,fold0|s0,"Невязка закона сохранения LWR как score. НЕЗАНЯТАЯ НИША: physics-informed подход применён к обнаружению заторов и к генерации, но не как голова детектора. Единственный механизм, чей score не зависит от обученного генератора, то есть структурно невосприимчив к циркулярности оценки.",153068,152.0,True,40,,,0.05810357853770256,True,True,1.0898551344871525,validation,0.25,0.00933609958506224,3,0.07142857142857142,14,1,-15.0,-15.0,-15.0,1.0,0.07142857142857142,0.3870967741935484,0.2782696097160236,0.3089605734767025,0.441068729481761,0.6224869694713329,0.3262411347517731,0.4390796422958374,0.04856512141280353,12.817572598659718,0.900663817990378,0.4947045154203288
ctrl_random,Случайный score (контроль),control,Протокольный контроль,,,,,none,random,fold0,1,fold0|s1,"Случайный score. Kim et al. (2021): при point-adjustment он выходит на уровень SOTA. Если здесь он попадает в верхнюю половину по основной метрике — метрика выбрана неверно и остальная таблица недействительна. Ожидается AP≈prevalence, padf≈0.",0,,True,0,5.999972927384079e-07,0.0024541218626967175,,False,False,3.016839861869813,validation,0.25,0.013485477178423237,3,0.5,14,7,8.0,4.714285714285714,10.8,0.2857142857142857,0.37949131293367777,0.5591397849462365,0.31645996611790983,0.3089605734767025,0.5201259254267312,0.9121693121693122,0.40602836879432624,2.6836020946502686,0.26613965744400525,3.4274084551312276,1.024272976182098,
ctrl_untrained,GCN+GRU (фикс. граф) + Реконструкция [необучен],control,Протокольный контроль,gcn_gru,recon,GCN+GRU (фикс. граф),Реконструкция,reconstruction,,fold0,1,fold0|s1,Та же архитектура со случайными весами. У Kim et al. необученная модель оказалась сравнима с опубликованными методами даже без PA. Разность «обученная − эта» — измеренный вклад обучения.,144516,144.0,True,0,2.00001522898674e-07,0.1777705376311439,,True,False,14.698508739471439,validation,0.25,0.024896265560165973,3,0.14285714285714285,14,2,-8.5,-8.5,-3.3,1.0,0.14285714285714285,1.032258064516129,0.48417613133748816,0.3089605734767025,0.6796290591214101,0.728042328042328,0.5178791615289766,7.708002090454102,0.17857142857142858,4.077037037037037,1.5671130005006866,
base_pca,PCA (линейная граница),control,Протокольный контроль,,,,,none,pca,fold0,1,fold0|s1,Линейная нижняя граница. Sehili et al. (2023): PCA превосходит многие DL-подходы; Alves et al. (2026) подтвердили на SMD без point-adjustment. Если ST-GNN не отрывается от PCA значимо — это и есть результат.,1204224,,True,0,1.042320300002757,0.09188853046422037,,False,False,4.5738465785980225,validation,0.25,0.007261410788381743,3,0.14285714285714285,14,2,-8.5,-8.5,-3.3,1.0,0.14285714285714285,0.3010752688172043,0.48787466361029014,0.3089605734767025,0.7002291303636241,0.7234490010515248,0.5540417801998183,0.8308631777763367,0.13953488372093023,5.1847178408692605,1.5790838880193845,
base_california,California алгоритм (AID),baseline,Бейзлайн,,,,,none,california,fold0,1,fold0|s1,"Канонический AID-алгоритм по пространственным разностям занятости. Обязателен для транспортного журнала: без него работа читается как ML-статья про трафик, а не как вклад в автоматическое обнаружение инцидентов.",3,,True,0,0.015791300000273623,0.010032759861282898,,True,False,-0.16460906714200896,validation,0.25,0.014522821576763486,3,0.35714285714285715,14,5,6.0,2.8,10.2,0.4,0.28708033976305025,0.6021505376344086,0.3626089181152243,0.3089605734767025,0.6157589702611893,0.8632768361581921,0.46536412078152756,-0.39287540316581726,0.30997304582210244,2.7850061409972975,1.1736413938996237,
base_snd,Standard Normal Deviate (AID),baseline,Бейзлайн,,,,,none,snd,fold0,1,fold0|s1,"Standard Normal Deviate — классический статистический контроль на детекторе. Вторая доменная точка отсчёта, не использующая пространственную структуру вообще.",3,,True,0,0.04304079999565147,0.033956989247475394,,False,False,2.6486703157424962,validation,0.25,0.005186721991701245,3,0.2857142857142857,14,4,9.5,4.5,13.100000000000001,0.25,0.2011511442453757,0.21505376344086022,0.3663734088804532,0.3089605734767025,0.5648003292545561,0.880184331797235,0.4237588652482269,1.378502368927002,0.1814814814814815,4.849995297658233,1.1858257665620238,
base_iforest,Isolation Forest,baseline,Бейзлайн,,,,,none,iforest,fold0,1,fold0|s1,"Adaptive Isolation Forest даёт 71–100% detection rate на реальных городских событиях (J. Intelligent Transportation Systems, 2025). Включён как сильный неглубокий конкурент, а не для контраста.",150,,True,0,0.5040022000030149,1.6512875985642095,,False,False,0.6958242952823641,validation,0.25,0.006224066390041493,3,0.14285714285714285,14,2,-0.5,-0.5,0.7000000000000001,0.5,0.1396315431364583,0.25806451612903225,0.45502329502077876,0.3089605734767025,0.6863080166745289,0.7687366167023555,0.5141843971631206,0.6183874011039734,0.15873015873015872,4.84304068522484,1.472755212422242,
deep_transformer_contrastive,Transformer (без графа) + Контрастив,non_graph,Без графа,transformer,contrastive,Transformer (без графа),Контрастив,representation-discrepancy,,fold0,1,fold0|s1,"TransDe-подобная связка: мультимасштабный контрастив поверх внимания, без графа. Лидирует на четырёх MTSAD-бенчмарках из пяти. Если обходит графовые модели — физический prior коридора не нужен.",159840,96.0,True,40,,,9.332732588518411e-05,False,True,0.0016263597062788919,validation,0.25,0.20228215767634855,3,0.42857142857142855,14,6,-5.0,-2.1666666666666665,13.5,0.6666666666666666,0.3627809514283048,8.387096774193548,0.3477610448326186,0.3089605734767025,0.565954404983104,0.661641541038526,0.42021276595744683,0.001015701680444181,0.23056300268096513,2.869677846597328,1.1255838922076633,
cand_gcngru_recon,GCN+GRU (фикс. граф) + Реконструкция,candidate,Кандидат,gcn_gru,recon,GCN+GRU (фикс. граф),Реконструкция,reconstruction,,fold0,1,fold0|s1,"РЕФЕРЕНС. Бенчмарк FT-AED (Coursey et al., 2024): unsupervised графовые автоэнкодеры — лучшее семейство на этих данных, а игнорирование пространственных связей ухудшает качество. Все остальные кандидаты сравниваются с этой точкой.",144516,144.0,True,40,,,0.10743245221674443,True,True,1.836561501026154,validation,0.25,0.008298755186721992,3,0.07142857142857142,14,1,0.0,0.0,0.0,0.0,0.07142857142857142,0.34408602150537637,0.4808075631677132,0.3089605734767025,0.7033820796950063,0.6605335786568537,0.58195211786372,0.5530447363853455,0.09745762711864407,6.777648894044238,1.5562100942435264,
cand_gatlstm_recon,GAT+LSTM (обуч. внимание) + Реконструкция,candidate,Кандидат,gat_lstm,recon,GAT+LSTM (обуч. внимание),Реконструкция,reconstruction,,fold0,1,fold0|s1,"Обучаемое внимание вместо фиксированного графа при той же голове. В работе «Toward explainable automatic incident detection» (2025) GAT+LSTM — лучшая пара пространственного и временного модуля. Проверяет, размывает ли фиксированное сглаживание сам сигнал аномалии.",152728,160.0,True,40,,,0.13669440001249314,True,True,3.2301596403121966,validation,0.25,0.0,3,0.0,14,0,,,,0.0,0.0,0.0,0.47896734126180285,0.3089605734767025,0.6859951285729415,0.7109448082319925,0.5319148936170213,1.0198217630386353,0.009237875288683603,76.95977549111319,1.5502539235735846,
cand_gcngru_bigan,GCN+GRU (фикс. граф) + Критик BiGAN,candidate,Кандидат,gcn_gru,bigan,GCN+GRU (фикс. граф),Критик BiGAN,discriminator,,fold0,1,fold0|s1,"Тот же энкодер, механизм score — критик. CCB-GraphGAN (Nouri et al., 2026) на FT-AED: −5 мин к задержке при FPR 1%. Одновременно проверяет открытый пробел: при D*=1/2 выход критика не несёт информации об аномалии (см. абляцию cycle vs critic).",150391,120.0,True,17,,,1.151871883869171,True,True,0.23560240119695663,validation,0.25,0.01970954356846473,3,0.5,14,7,-2.0,-1.1428571428571428,8.000000000000004,0.5714285714285714,0.4476148175793798,0.8172043010752689,0.35837263439071737,0.3089605734767025,0.5437297224441855,0.8264669163545568,0.38652482269503546,0.23459172248840332,0.14342629482071714,5.762311000138715,1.1599299883411849,
cand_hypergraph_flow,Гиперграф+Bi-GLU + Плотность (flow),candidate,Кандидат,hypergraph,flow,Гиперграф+Bi-GLU,Плотность (flow),density,,fold0,1,fold0|s1,"DHMPN-подобная связка: направленный гиперграф + нормализующий поток. Явная плотность вместо эвристики, дешевле трансформеров, заявлено превосходство над SOTA-графами. Единственный кандидат с калиброванным вероятностным score — нужен для safety-валидатора в контуре устранения.",154440,104.0,True,40,,,-309.9724578857422,True,True,-309.70973205566406,validation,0.25,0.058091286307053944,3,0.42857142857142855,14,6,2.5,2.3333333333333335,13.0,0.3333333333333333,0.3506074838204493,2.4086021505376345,0.4391228080300395,0.3089605734767025,0.6234259321658595,0.7020408163265306,0.4397163120567376,-309.8551025390625,0.30132450331125826,2.3298497420946402,1.4212907591691533,
cand_gcngru_physics,GCN+GRU (фикс. граф) + Невязка LWR,candidate,Кандидат,gcn_gru,physics,GCN+GRU (фикс. граф),Невязка LWR,physical-residual,,fold0,1,fold0|s1,"Невязка закона сохранения LWR как score. НЕЗАНЯТАЯ НИША: physics-informed подход применён к обнаружению заторов и к генерации, но не как голова детектора. Единственный механизм, чей score не зависит от обученного генератора, то есть структурно невосприимчив к циркулярности оценки.",153068,152.0,True,40,,,0.05978773832321167,True,True,1.0461693406105048,validation,0.25,0.012448132780082987,3,0.07142857142857142,14,1,-15.0,-15.0,-15.0,1.0,0.07142857142857142,0.5161290322580645,0.283606178295704,0.3089605734767025,0.4444551414735586,0.6310240963855421,0.3173758865248227,0.45333558320999146,0.06073752711496746,10.389361015490534,0.9179364703538447,0.4954198797315594
ctrl_random,Случайный score (контроль),control,Протокольный контроль,,,,,none,random,fold0,2,fold0|s2,"Случайный score. Kim et al. (2021): при point-adjustment он выходит на уровень SOTA. Если здесь он попадает в верхнюю половину по основной метрике — метрика выбрана неверно и остальная таблица недействительна. Ожидается AP≈prevalence, padf≈0.",0,,True,0,5.00003807246685e-07,0.002504802866226336,,False,False,3.142265200614929,validation,0.25,0.005186721991701245,3,0.14285714285714285,14,2,4.5,4.5,16.1,0.5,0.10111563914795671,0.21505376344086022,0.30542968236600054,0.3089605734767025,0.48472143331632506,0.9030172413793104,0.3599290780141844,2.7077298164367676,0.20722135007849293,4.357742293625915,0.9885717097461038,
ctrl_untrained,GCN+GRU (фикс. граф) + Реконструкция [необучен],control,Протокольный контроль,gcn_gru,recon,GCN+GRU (фикс. граф),Реконструкция,reconstruction,,fold0,2,fold0|s2,Та же архитектура со случайными весами. У Kim et al. необученная модель оказалась сравнима с опубликованными методами даже без PA. Разность «обученная − эта» — измеренный вклад обучения.,144516,144.0,True,0,3.00002284348011e-07,0.19147189964200653,,True,False,14.738269329071045,validation,0.25,0.023858921161825725,3,0.14285714285714285,14,2,-8.5,-8.5,-3.3,1.0,0.14285714285714285,0.989247311827957,0.4842921551357812,0.3089605734767025,0.6788396183727894,0.7234490010515248,0.5158924205378973,7.587752342224121,0.17892644135188868,4.043276083654633,1.5674885299638395,
base_pca,PCA (линейная граница),control,Протокольный контроль,,,,,none,pca,fold0,2,fold0|s2,Линейная нижняя граница. Sehili et al. (2023): PCA превосходит многие DL-подходы; Alves et al. (2026) подтвердили на SMD без point-adjustment. Если ST-GNN не отрывается от PCA значимо — это и есть результат.,1204224,,True,0,0.6054733000055421,0.09005863799385586,,False,False,4.5738465785980225,validation,0.25,0.007261410788381743,3,0.14285714285714285,14,2,-8.5,-8.5,-3.3,1.0,0.14285714285714285,0.3010752688172043,0.48787466361029014,0.3089605734767025,0.7002291303636241,0.7234490010515248,0.5540417801998183,0.8308631777763367,0.13953488372093023,5.1847178408692605,1.5790838880193845,
base_california,California алгоритм (AID),baseline,Бейзлайн,,,,,none,california,fold0,2,fold0|s2,"Канонический AID-алгоритм по пространственным разностям занятости. Обязателен для транспортного журнала: без него работа читается как ML-статья про трафик, а не как вклад в автоматическое обнаружение инцидентов.",3,,True,0,0.015720099996542558,0.009634838709490888,,True,False,-0.16460906714200896,validation,0.25,0.014522821576763486,3,0.35714285714285715,14,5,6.0,2.8,10.2,0.4,0.28708033976305025,0.6021505376344086,0.3626089181152243,0.3089605734767025,0.6157589702611893,0.8632768361581921,0.46536412078152756,-0.39287540316581726,0.30997304582210244,2.7850061409972975,1.1736413938996237,
base_snd,Standard Normal Deviate (AID),baseline,Бейзлайн,,,,,none,snd,fold0,2,fold0|s2,"Standard Normal Deviate — классический статистический контроль на детекторе. Вторая доменная точка отсчёта, не использующая пространственную структуру вообще.",3,,True,0,0.042883900001470465,0.0339825089568586,,False,False,2.6486703157424962,validation,0.25,0.005186721991701245,3,0.2857142857142857,14,4,9.5,4.5,13.100000000000001,0.25,0.2011511442453757,0.21505376344086022,0.3663734088804532,0.3089605734767025,0.5648003292545561,0.880184331797235,0.4237588652482269,1.378502368927002,0.1814814814814815,4.849995297658233,1.1858257665620238,
base_iforest,Isolation Forest,baseline,Бейзлайн,,,,,none,iforest,fold0,2,fold0|s2,"Adaptive Isolation Forest даёт 71–100% detection rate на реальных городских событиях (J. Intelligent Transportation Systems, 2025). Включён как сильный неглубокий конкурент, а не для контраста.",150,,True,0,0.5062573000031989,1.6737717562690995,,False,False,0.6846084296703339,validation,0.25,0.026970954356846474,3,0.2857142857142857,14,4,5.5,4.5,12.100000000000001,0.25,0.22380104419322613,1.118279569892473,0.44339324137112346,0.3089605734767025,0.6799299130652443,0.7807351077313055,0.5181818181818182,0.621790885925293,0.24168126094570927,3.2304329457577934,1.435112695389135,
deep_transformer_contrastive,Transformer (без графа) + Контрастив,non_graph,Без графа,transformer,contrastive,Transformer (без графа),Контрастив,representation-discrepancy,,fold0,2,fold0|s2,"TransDe-подобная связка: мультимасштабный контрастив поверх внимания, без графа. Лидирует на четырёх MTSAD-бенчмарках из пяти. Если обходит графовые модели — физический prior коридора не нужен.",159840,96.0,True,40,,,0.00010052811412606389,False,True,0.0025665321154519937,validation,0.25,0.10477178423236515,3,0.14285714285714285,14,2,-8.5,-8.5,-3.3,1.0,0.14285714285714285,4.344086021505376,0.35448949960359377,0.3089605734767025,0.5575353082188483,0.6422182468694096,0.4308510638297872,0.0010716882534325123,0.16610169491525423,3.866415976050528,1.1473616054455065,
cand_gcngru_recon,GCN+GRU (фикс. граф) + Реконструкция,candidate,Кандидат,gcn_gru,recon,GCN+GRU (фикс. граф),Реконструкция,reconstruction,,fold0,2,fold0|s2,"РЕФЕРЕНС. Бенчмарк FT-AED (Coursey et al., 2024): unsupervised графовые автоэнкодеры — лучшее семейство на этих данных, а игнорирование пространственных связей ухудшает качество. Все остальные кандидаты сравниваются с этой точкой.",144516,144.0,True,40,,,0.10778554007411004,True,True,1.8338732123374943,validation,0.25,0.006224066390041493,3,0.07142857142857142,14,1,-1.0,-1.0,-1.0,1.0,0.07142857142857142,0.25806451612903225,0.48428730957483357,0.3089605734767025,0.703148617034591,0.6615384615384615,0.5846153846153846,0.5301883816719055,0.08583690987124463,7.7069230769230765,1.5674728465357142,
cand_gatlstm_recon,GAT+LSTM (обуч. внимание) + Реконструкция,candidate,Кандидат,gat_lstm,recon,GAT+LSTM (обуч. внимание),Реконструкция,reconstruction,,fold0,2,fold0|s2,"Обучаемое внимание вместо фиксированного графа при той же голове. В работе «Toward explainable automatic incident detection» (2025) GAT+LSTM — лучшая пара пространственного и временного модуля. Проверяет, размывает ли фиксированное сглаживание сам сигнал аномалии.",152728,160.0,True,40,,,0.1383449949324131,True,True,3.7092150449752825,validation,0.25,0.0,3,0.0,14,0,,,,0.0,0.0,0.0,0.48639763242910244,0.3089605734767025,0.6985587892674567,0.7630522088353414,0.524822695035461,1.2290722131729126,0.0,inf,1.5743032418528953,
cand_gcngru_bigan,GCN+GRU (фикс. граф) + Критик BiGAN,candidate,Кандидат,gcn_gru,bigan,GCN+GRU (фикс. граф),Критик BiGAN,discriminator,,fold0,2,fold0|s2,"Тот же энкодер, механизм score — критик. CCB-GraphGAN (Nouri et al., 2026) на FT-AED: −5 мин к задержке при FPR 1%. Одновременно проверяет открытый пробел: при D*=1/2 выход критика не несёт информации об аномалии (см. абляцию cycle vs critic).",150391,120.0,True,21,,,0.813541179895401,True,True,0.2728592902421952,validation,0.25,0.0031120331950207467,3,0.07142857142857142,14,1,4.0,4.0,4.0,0.0,0.059374135438770556,0.12903225806451613,0.49529238010484494,0.3089605734767025,0.7100357655168429,0.7401360544217687,0.5372340425531915,0.25943493843078613,0.10256410256410256,7.216326530612244,1.6030925063718298,
cand_hypergraph_flow,Гиперграф+Bi-GLU + Плотность (flow),candidate,Кандидат,hypergraph,flow,Гиперграф+Bi-GLU,Плотность (flow),density,,fold0,2,fold0|s2,"DHMPN-подобная связка: направленный гиперграф + нормализующий поток. Явная плотность вместо эвристики, дешевле трансформеров, заявлено превосходство над SOTA-графами. Единственный кандидат с калиброванным вероятностным score — нужен для safety-валидатора в контуре устранения.",154440,104.0,True,40,,,-310.91176147460936,True,True,-310.77235412597656,validation,0.25,0.06327800829875518,3,0.42857142857142855,14,6,-5.5,-3.1666666666666665,9.0,0.6666666666666666,0.3800654974950946,2.6236559139784945,0.4599103102163691,0.3089605734767025,0.6590025127321388,0.7876370887337986,0.484472049689441,-310.837890625,0.345565749235474,2.2792683895217003,1.4885728138093615,
cand_gcngru_physics,GCN+GRU (фикс. граф) + Невязка LWR,candidate,Кандидат,gcn_gru,physics,GCN+GRU (фикс. граф),Невязка LWR,physical-residual,,fold0,2,fold0|s2,"Невязка закона сохранения LWR как score. НЕЗАНЯТАЯ НИША: physics-informed подход применён к обнаружению заторов и к генерации, но не как голова детектора. Единственный механизм, чей score не зависит от обученного генератора, то есть структурно невосприимчив к циркулярности оценки.",153068,152.0,True,40,,,0.057303103432059285,True,True,0.9632591307163244,validation,0.25,0.012448132780082987,3,0.07142857142857142,14,1,-15.0,-15.0,-15.0,1.0,0.07142857142857142,0.5161290322580645,0.29242799909744555,0.3089605734767025,0.45860971782306903,0.6340248962655601,0.33156028368794327,0.4369955062866211,0.048034934497816595,13.199245567710298,0.946489695454609,0.4946374039341276
ctrl_random,Случайный score (контроль),control,Протокольный контроль,,,,,none,random,fold0,3,fold0|s3,"Случайный score. Kim et al. (2021): при point-adjustment он выходит на уровень SOTA. Если здесь он попадает в верхнюю половину по основной метрике — метрика выбрана неверно и остальная таблица недействительна. Ожидается AP≈prevalence, padf≈0.",0,,True,0,3.00002284348011e-07,0.0025639426529384135,,False,False,3.136123061180115,validation,0.25,0.002074688796680498,3,0.21428571428571427,14,3,2.0,-2.3333333333333335,4.4,0.3333333333333333,0.1932445010387369,0.08602150537634409,0.3350208434011791,0.3089605734767025,0.5308928863686688,0.9632183908045977,0.39282511210762333,2.688718318939209,0.20733652312599682,4.645676392572944,1.084348205440011,
ctrl_untrained,GCN+GRU (фикс. граф) + Реконструкция [необучен],control,Протокольный контроль,gcn_gru,recon,GCN+GRU (фикс. граф),Реконструкция,reconstruction,,fold0,3,fold0|s3,Та же архитектура со случайными весами. У Kim et al. необученная модель оказалась сравнима с опубликованными методами даже без PA. Разность «обученная − эта» — измеренный вклад обучения.,144516,144.0,True,0,2.00001522898674e-07,0.2856167025073835,,True,False,14.50525903701783,validation,0.25,0.024896265560165973,3,0.14285714285714285,14,2,-8.5,-8.5,-3.3,1.0,0.14285714285714285,1.032258064516129,0.4836203691367873,0.3089605734767025,0.6775760318086859,0.7226890756302521,0.5148514851485149,7.574408531188965,0.17857142857142858,4.047058823529412,1.565314187809323,
base_pca,PCA (линейная граница),control,Протокольный контроль,,,,,none,pca,fold0,3,fold0|s3,Линейная нижняя граница. Sehili et al. (2023): PCA превосходит многие DL-подходы; Alves et al. (2026) подтвердили на SMD без point-adjustment. Если ST-GNN не отрывается от PCA значимо — это и есть результат.,1204224,,True,0,0.6431809000059729,0.08856258064564351,,False,False,4.5738465785980225,validation,0.25,0.007261410788381743,3,0.14285714285714285,14,2,-8.5,-8.5,-3.3,1.0,0.14285714285714285,0.3010752688172043,0.48787466361029014,0.3089605734767025,0.7002291303636241,0.7234490010515248,0.5540417801998183,0.8308631777763367,0.13953488372093023,5.1847178408692605,1.5790838880193845,
base_california,California алгоритм (AID),baseline,Бейзлайн,,,,,none,california,fold0,3,fold0|s3,"Канонический AID-алгоритм по пространственным разностям занятости. Обязателен для транспортного журнала: без него работа читается как ML-статья про трафик, а не как вклад в автоматическое обнаружение инцидентов.",3,,True,0,0.015403400000650436,0.009268387096665305,,True,False,-0.16460906714200896,validation,0.25,0.014522821576763486,3,0.35714285714285715,14,5,6.0,2.8,10.2,0.4,0.28708033976305025,0.6021505376344086,0.3626089181152243,0.3089605734767025,0.6157589702611893,0.8632768361581921,0.46536412078152756,-0.39287540316581726,0.30997304582210244,2.7850061409972975,1.1736413938996237,
base_snd,Standard Normal Deviate (AID),baseline,Бейзлайн,,,,,none,snd,fold0,3,fold0|s3,"Standard Normal Deviate — классический статистический контроль на детекторе. Вторая доменная точка отсчёта, не использующая пространственную структуру вообще.",3,,True,0,0.04271909999806667,0.033686164872742536,,False,False,2.6486703157424962,validation,0.25,0.005186721991701245,3,0.2857142857142857,14,4,9.5,4.5,13.100000000000001,0.25,0.2011511442453757,0.21505376344086022,0.3663734088804532,0.3089605734767025,0.5648003292545561,0.880184331797235,0.4237588652482269,1.378502368927002,0.1814814814814815,4.849995297658233,1.1858257665620238,
base_iforest,Isolation Forest,baseline,Бейзлайн,,,,,none,iforest,fold0,3,fold0|s3,"Adaptive Isolation Forest даёт 71–100% detection rate на реальных городских событиях (J. Intelligent Transportation Systems, 2025). Включён как сильный неглубокий конкурент, а не для контраста.",150,,True,0,0.5044964000044274,1.638346881717093,,False,False,0.6931409537792206,validation,0.25,0.03112033195020747,3,0.35714285714285715,14,5,13.0,8.6,16.8,0.2,0.24560924110041366,1.2903225806451613,0.45658575602706875,0.3089605734767025,0.6900710978040068,0.7748427672955975,0.5298372513562387,0.6187964677810669,0.28865979381443296,2.6842767295597487,1.4778123657952689,
deep_transformer_contrastive,Transformer (без графа) + Контрастив,non_graph,Без графа,transformer,contrastive,Transformer (без графа),Контрастив,representation-discrepancy,,fold0,3,fold0|s3,"TransDe-подобная связка: мультимасштабный контрастив поверх внимания, без графа. Лидирует на четырёх MTSAD-бенчмарках из пяти. Если обходит графовые модели — физический prior коридора не нужен.",159840,96.0,True,40,,,7.886153653089423e-05,False,True,0.0029925036942586303,validation,0.25,0.005186721991701245,3,0.14285714285714285,14,2,2.0,2.0,5.2,0.5,0.12556130594679993,0.21505376344086022,0.35090950139578553,0.3089605734767025,0.5146239085018918,0.5924092409240924,0.3971631205673759,0.0007751508383080363,0.1308016877637131,4.5290641967422545,1.1357743722671017,
cand_gcngru_recon,GCN+GRU (фикс. граф) + Реконструкция,candidate,Кандидат,gcn_gru,recon,GCN+GRU (фикс. граф),Реконструкция,reconstruction,,fold0,3,fold0|s3,"РЕФЕРЕНС. Бенчмарк FT-AED (Coursey et al., 2024): unsupervised графовые автоэнкодеры — лучшее семейство на этих данных, а игнорирование пространственных связей ухудшает качество. Все остальные кандидаты сравниваются с этой точкой.",144516,144.0,True,40,,,0.10829186476767064,True,True,1.8113266825675969,validation,0.25,0.00933609958506224,3,0.07142857142857142,14,1,-1.0,-1.0,-1.0,1.0,0.07142857142857142,0.3870967741935484,0.48532609529028714,0.3089605734767025,0.7048983835719306,0.6647342995169082,0.5828779599271403,0.534170925617218,0.08936170212765958,7.43869335173683,1.5708350416008132,
cand_gatlstm_recon,GAT+LSTM (обуч. внимание) + Реконструкция,candidate,Кандидат,gat_lstm,recon,GAT+LSTM (обуч. внимание),Реконструкция,reconstruction,,fold0,3,fold0|s3,"Обучаемое внимание вместо фиксированного графа при той же голове. В работе «Toward explainable automatic incident detection» (2025) GAT+LSTM — лучшая пара пространственного и временного модуля. Проверяет, размывает ли фиксированное сглаживание сам сигнал аномалии.",152728,160.0,True,40,,,0.14228606447577477,True,True,3.025047183036805,validation,0.25,0.0,3,0.0,14,0,,,,0.0,0.0,0.0,0.4761871549426295,0.3089605734767025,0.6951627499494566,0.7577268195413759,0.526595744680851,1.2420413494110107,0.004629629629629629,163.6689930209372,1.5412554086890211,
cand_gcngru_bigan,GCN+GRU (фикс. граф) + Критик BiGAN,candidate,Кандидат,gcn_gru,bigan,GCN+GRU (фикс. граф),Критик BiGAN,discriminator,,fold0,3,fold0|s3,"Тот же энкодер, механизм score — критик. CCB-GraphGAN (Nouri et al., 2026) на FT-AED: −5 мин к задержке при FPR 1%. Одновременно проверяет открытый пробел: при D*=1/2 выход критика не несёт информации об аномалии (см. абляцию cycle vs critic).",150391,120.0,True,26,,,0.4570930600166321,True,True,0.32353086769580847,validation,0.25,0.008298755186721992,3,0.14285714285714285,14,2,17.5,17.5,18.7,0.0,0.06378855357332873,0.34408602150537637,0.39828516556053783,0.3089605734767025,0.6377189013295337,0.7023945267958951,0.4627659574468085,0.3119681179523468,0.05183585313174946,13.550361079437476,1.289113238879235,
cand_hypergraph_flow,Гиперграф+Bi-GLU + Плотность (flow),candidate,Кандидат,hypergraph,flow,Гиперграф+Bi-GLU,Плотность (flow),density,,fold0,3,fold0|s3,"DHMPN-подобная связка: направленный гиперграф + нормализующий поток. Явная плотность вместо эвристики, дешевле трансформеров, заявлено превосходство над SOTA-графами. Единственный кандидат с калиброванным вероятностным score — нужен для safety-валидатора в контуре устранения.",154440,104.0,True,40,,,-312.5073638916016,True,True,-312.2369232177734,validation,0.25,0.054979253112033194,3,0.35714285714285715,14,5,-7.0,-4.0,5.200000000000001,0.8,0.3307114660676741,2.2795698924731185,0.4532903084591857,0.3089605734767025,0.6486146277594323,0.7288135593220338,0.47609756097560973,-312.3607482910156,0.31746031746031744,2.295762711864407,1.4671461259873875,
cand_gcngru_physics,GCN+GRU (фикс. граф) + Невязка LWR,candidate,Кандидат,gcn_gru,physics,GCN+GRU (фикс. граф),Невязка LWR,physical-residual,,fold0,3,fold0|s3,"Невязка закона сохранения LWR как score. НЕЗАНЯТАЯ НИША: physics-informed подход применён к обнаружению заторов и к генерации, но не как голова детектора. Единственный механизм, чей score не зависит от обученного генератора, то есть структурно невосприимчив к циркулярности оценки.",153068,152.0,True,40,,,0.05774341933429241,True,True,0.9892228543758392,validation,0.25,0.015560165975103735,3,0.07142857142857142,14,1,-15.0,-15.0,-15.0,1.0,0.07142857142857142,0.6451612903225806,0.284120866193475,0.3089605734767025,0.44399543664737995,0.627822286962855,0.32978723404255317,0.41472816467285156,0.04338394793926247,14.471303714493809,0.9196023395357252,0.49579595917662267
ctrl_random,Случайный score (контроль),control,Протокольный контроль,,,,,none,random,fold0,4,fold0|s4,"Случайный score. Kim et al. (2021): при point-adjustment он выходит на уровень SOTA. Если здесь он попадает в верхнюю половину по основной метрике — метрика выбрана неверно и остальная таблица недействительна. Ожидается AP≈prevalence, padf≈0.",0,,True,0,8.999995770864189e-07,0.002528100357329186,,False,False,3.132897257804871,validation,0.25,0.002074688796680498,3,0.0,14,0,,,,0.0,0.0,0.08602150537634409,0.30806240737197355,0.3089605734767025,0.500457297994628,0.905742145178765,0.39285714285714285,2.6995584964752197,0.22256568778979907,4.069549777296256,0.9970929426540674,
ctrl_untrained,GCN+GRU (фикс. граф) + Реконструкция [необучен],control,Протокольный контроль,gcn_gru,recon,GCN+GRU (фикс. граф),Реконструкция,reconstruction,,fold0,4,fold0|s4,Та же архитектура со случайными весами. У Kim et al. необученная модель оказалась сравнима с опубликованными методами даже без PA. Разность «обученная − эта» — измеренный вклад обучения.,144516,144.0,True,0,4.00003045797348e-07,0.3177518996420086,,True,False,14.944020748138435,validation,0.25,0.024896265560165973,3,0.14285714285714285,14,2,-8.5,-8.5,-3.3,1.0,0.14285714285714285,1.032258064516129,0.4855161329690552,0.3089605734767025,0.6835979243484707,0.7242105263157895,0.5183374083129584,7.763902187347412,0.17857142857142858,4.055578947368422,1.5714501287513503,
base_pca,PCA (линейная граница),control,Протокольный контроль,,,,,none,pca,fold0,4,fold0|s4,Линейная нижняя граница. Sehili et al. (2023): PCA превосходит многие DL-подходы; Alves et al. (2026) подтвердили на SMD без point-adjustment. Если ST-GNN не отрывается от PCA значимо — это и есть результат.,1204224,,True,0,0.7362749999956577,0.0907047311850493,,False,False,4.5738465785980225,validation,0.25,0.007261410788381743,3,0.14285714285714285,14,2,-8.5,-8.5,-3.3,1.0,0.14285714285714285,0.3010752688172043,0.48787466361029014,0.3089605734767025,0.7002291303636241,0.7234490010515248,0.5540417801998183,0.8308631777763367,0.13953488372093023,5.1847178408692605,1.5790838880193845,
base_california,California алгоритм (AID),baseline,Бейзлайн,,,,,none,california,fold0,4,fold0|s4,"Канонический AID-алгоритм по пространственным разностям занятости. Обязателен для транспортного журнала: без него работа читается как ML-статья про трафик, а не как вклад в автоматическое обнаружение инцидентов.",3,,True,0,0.0159228999982588,0.009492974909645001,,True,False,-0.16460906714200896,validation,0.25,0.014522821576763486,3,0.35714285714285715,14,5,6.0,2.8,10.2,0.4,0.28708033976305025,0.6021505376344086,0.3626089181152243,0.3089605734767025,0.6157589702611893,0.8632768361581921,0.46536412078152756,-0.39287540316581726,0.30997304582210244,2.7850061409972975,1.1736413938996237,
base_snd,Standard Normal Deviate (AID),baseline,Бейзлайн,,,,,none,snd,fold0,4,fold0|s4,"Standard Normal Deviate — классический статистический контроль на детекторе. Вторая доменная точка отсчёта, не использующая пространственную структуру вообще.",3,,True,0,0.04310580000310438,0.034032329749215835,,False,False,2.6486703157424962,validation,0.25,0.005186721991701245,3,0.2857142857142857,14,4,9.5,4.5,13.100000000000001,0.25,0.2011511442453757,0.21505376344086022,0.3663734088804532,0.3089605734767025,0.5648003292545561,0.880184331797235,0.4237588652482269,1.378502368927002,0.1814814814814815,4.849995297658233,1.1858257665620238,
base_iforest,Isolation Forest,baseline,Бейзлайн,,,,,none,iforest,fold0,4,fold0|s4,"Adaptive Isolation Forest даёт 71–100% detection rate на реальных городских событиях (J. Intelligent Transportation Systems, 2025). Включён как сильный неглубокий конкурент, а не для контраста.",150,,True,0,0.5063054000056582,1.6401678136239866,,False,False,0.6849800646305086,validation,0.25,0.025933609958506226,3,0.35714285714285715,14,5,1.0,1.8,14.2,0.4,0.2859467209826949,1.075268817204301,0.4734328612286731,0.3089605734767025,0.6937764149762686,0.7543859649122807,0.5249110320284698,0.6181559562683105,0.3125,2.414035087719298,1.5323406993364246,
deep_transformer_contrastive,Transformer (без графа) + Контрастив,non_graph,Без графа,transformer,contrastive,Transformer (без графа),Контрастив,representation-discrepancy,,fold0,4,fold0|s4,"TransDe-подобная связка: мультимасштабный контрастив поверх внимания, без графа. Лидирует на четырёх MTSAD-бенчмарках из пяти. Если обходит графовые модели — физический prior коридора не нужен.",159840,96.0,True,40,,,8.5193320774124e-05,False,True,0.0023929959861561678,validation,0.25,0.12344398340248963,3,0.14285714285714285,14,2,-8.5,-8.5,-3.3,1.0,0.14285714285714285,5.118279569892473,0.3582409394687336,0.3089605734767025,0.560021565210694,0.6043771043771043,0.42907801418439717,0.000875749159604311,0.16965742251223492,3.5623381248381243,1.159503736795553,
cand_gcngru_recon,GCN+GRU (фикс. граф) + Реконструкция,candidate,Кандидат,gcn_gru,recon,GCN+GRU (фикс. граф),Реконструкция,reconstruction,,fold0,4,fold0|s4,"РЕФЕРЕНС. Бенчмарк FT-AED (Coursey et al., 2024): unsupervised графовые автоэнкодеры — лучшее семейство на этих данных, а игнорирование пространственных связей ухудшает качество. Все остальные кандидаты сравниваются с этой точкой.",144516,144.0,True,40,,,0.10831115990877152,True,True,1.8512786030769353,validation,0.25,0.006224066390041493,3,0.07142857142857142,14,1,-1.0,-1.0,-1.0,1.0,0.07142857142857142,0.25806451612903225,0.48491962687042245,0.3089605734767025,0.702544502315372,0.677832512315271,0.5831842576028623,0.5207659006118774,0.09401709401709402,7.209673085535155,1.569519441958792,
cand_gatlstm_recon,GAT+LSTM (обуч. внимание) + Реконструкция,candidate,Кандидат,gat_lstm,recon,GAT+LSTM (обуч. внимание),Реконструкция,reconstruction,,fold0,4,fold0|s4,"Обучаемое внимание вместо фиксированного графа при той же голове. В работе «Toward explainable automatic incident detection» (2025) GAT+LSTM — лучшая пара пространственного и временного модуля. Проверяет, размывает ли фиксированное сглаживание сам сигнал аномалии.",152728,160.0,True,40,,,0.13658683523535728,True,True,3.5000838041305564,validation,0.25,0.0,3,0.0,14,0,,,,0.0,0.0,0.0,0.4790309049284567,0.3089605734767025,0.6828903158725727,0.7190160832544938,0.5195035460992907,1.0614726543426514,0.0,inf,1.5504596574830558,
cand_gcngru_bigan,GCN+GRU (фикс. граф) + Критик BiGAN,candidate,Кандидат,gcn_gru,bigan,GCN+GRU (фикс. граф),Критик BiGAN,discriminator,,fold0,4,fold0|s4,"Тот же энкодер, механизм score — критик. CCB-GraphGAN (Nouri et al., 2026) на FT-AED: −5 мин к задержке при FPR 1%. Одновременно проверяет открытый пробел: при D*=1/2 выход критика не несёт информации об аномалии (см. абляцию cycle vs critic).",150391,120.0,True,19,,,1.1517184138298036,True,True,0.20811685174703598,validation,0.25,0.007261410788381743,3,0.42857142857142855,14,6,-6.5,-3.8333333333333335,6.0,0.8333333333333334,0.39631517784623665,0.3010752688172043,0.5219520664642694,0.3089605734767025,0.7184909647543587,0.8249400479616307,0.5478723404255319,0.20358550548553467,0.3146853146853147,2.6214761524114043,1.689380818370431,
cand_hypergraph_flow,Гиперграф+Bi-GLU + Плотность (flow),candidate,Кандидат,hypergraph,flow,Гиперграф+Bi-GLU,Плотность (flow),density,,fold0,4,fold0|s4,"DHMPN-подобная связка: направленный гиперграф + нормализующий поток. Явная плотность вместо эвристики, дешевле трансформеров, заявлено превосходство над SOTA-графами. Единственный кандидат с калиброванным вероятностным score — нужен для safety-валидатора в контуре устранения.",154440,104.0,True,40,,,-312.18170776367185,True,True,-311.9998321533203,validation,0.25,0.05912863070539419,3,0.42857142857142855,14,6,0.0,0.0,12.0,0.5,0.3628642664640938,2.4516129032258065,0.4507876606823636,0.3089605734767025,0.6446626103532266,0.7786811201445348,0.4734042553191489,-312.0938720703125,0.33700787401574805,2.3105724826718674,1.4590459087050978,
cand_gcngru_physics,GCN+GRU (фикс. граф) + Невязка LWR,candidate,Кандидат,gcn_gru,physics,GCN+GRU (фикс. граф),Невязка LWR,physical-residual,,fold0,4,fold0|s4,"Невязка закона сохранения LWR как score. НЕЗАНЯТАЯ НИША: physics-informed подход применён к обнаружению заторов и к генерации, но не как голова детектора. Единственный механизм, чей score не зависит от обученного генератора, то есть структурно невосприимчив к циркулярности оценки.",153068,152.0,True,40,,,0.05883437395095825,True,True,1.0096933245658875,validation,0.25,0.012448132780082987,3,0.07142857142857142,14,1,-15.0,-15.0,-15.0,1.0,0.07142857142857142,0.5161290322580645,0.27788822971099747,0.3089605734767025,0.43040646571227775,0.6212700841622035,0.3102836879432624,0.4321920871734619,0.05652173913043478,10.991701489023601,0.8994294209903514,0.49339553518059126
ctrl_random,Случайный score (контроль),control,Протокольный контроль,,,,,none,random,fold1,0,fold1|s0,"Случайный score. Kim et al. (2021): при point-adjustment он выходит на уровень SOTA. Если здесь он попадает в верхнюю половину по основной метрике — метрика выбрана неверно и остальная таблица недействительна. Ожидается AP≈prevalence, padf≈0.",0,,True,0,4.00003045797348e-07,0.002251039422909966,,False,False,3.1409658193588257,validation,0.25,0.0027726432532347504,3,0.1111111111111111,9,1,-2.0,-2.0,-2.0,1.0,0.1111111111111111,0.12903225806451613,0.22777686264633926,0.22437275985663083,0.5008208677576137,0.8892045454545454,0.30495049504950494,2.6953251361846924,0.19172932330827067,4.637811942959002,1.0151716402288922,
ctrl_untrained,GCN+GRU (фикс. граф) + Реконструкция [необучен],control,Протокольный контроль,gcn_gru,recon,GCN+GRU (фикс. граф),Реконструкция,reconstruction,,fold1,0,fold1|s0,Та же архитектура со случайными весами. У Kim et al. необученная модель оказалась сравнима с опубликованными методами даже без PA. Разность «обученная − эта» — измеренный вклад обучения.,144516,144.0,True,0,2.00001522898674e-07,0.38357146953668203,,True,False,19.244734764099125,validation,0.25,0.02033271719038817,3,0.0,9,0,,,,0.0,0.0,0.946236559139785,0.22237719894373506,0.22437275985663083,0.5337412081519846,0.5206611570247934,0.3801980198019802,6.659121513366699,0.0,inf,0.9911060464105764,
base_pca,PCA (линейная граница),control,Протокольный контроль,,,,,none,pca,fold1,0,fold1|s0,Линейная нижняя граница. Sehili et al. (2023): PCA превосходит многие DL-подходы; Alves et al. (2026) подтвердили на SMD без point-adjustment. Если ST-GNN не отрывается от PCA значимо — это и есть результат.,1204224,,True,0,0.9775430000008782,0.08860057347961518,,False,False,4.357173681259155,validation,0.25,0.029574861367837338,3,0.1111111111111111,9,1,13.0,13.0,13.0,0.0,0.06093472109414588,1.3763440860215055,0.23986361678215762,0.22437275985663083,0.5807993716523064,0.49122807017543857,0.38415841584158417,1.1085690259933472,0.055710306406685235,8.817543859649122,1.0690407201632903,
base_california,California алгоритм (AID),baseline,Бейзлайн,,,,,none,california,fold1,0,fold1|s0,"Канонический AID-алгоритм по пространственным разностям занятости. Обязателен для транспортного журнала: без него работа читается как ML-статья про трафик, а не как вклад в автоматическое обнаружение инцидентов.",3,,True,0,0.022819999998318963,0.01113921147061839,,True,False,1.247842133045212,validation,0.25,0.0027726432532347504,3,0.0,9,0,,,,0.0,0.0,0.12903225806451613,0.2598504240584637,0.22437275985663083,0.6009874035185108,0.8330827067669173,0.3801980198019802,-0.3506225645542145,0.0,inf,1.1581193021136003,
base_snd,Standard Normal Deviate (AID),baseline,Бейзлайн,,,,,none,snd,fold1,0,fold1|s0,"Standard Normal Deviate — классический статистический контроль на детекторе. Вторая доменная точка отсчёта, не использующая пространственную структуру вообще.",3,,True,0,0.06449089999659918,0.032307885302018745,,False,False,2.735160470008875,validation,0.25,0.009242144177449169,3,0.2222222222222222,9,2,-7.5,-7.5,-5.5,1.0,0.2222222222222222,0.43010752688172044,0.2927093773454512,0.22437275985663083,0.5774494634831959,0.8102893890675241,0.36435643564356435,1.417343258857727,0.21052631578947367,3.84887459807074,1.304567352705765,
base_iforest,Isolation Forest,baseline,Бейзлайн,,,,,none,iforest,fold1,0,fold1|s0,"Adaptive Isolation Forest даёт 71–100% detection rate на реальных городских событиях (J. Intelligent Transportation Systems, 2025). Включён как сильный неглубокий конкурент, а не для контраста.",150,,True,0,0.6698926000026404,1.4877248745483402,,False,False,0.7185776531696322,validation,0.25,0.025878003696857672,3,0.2222222222222222,9,2,4.0,4.0,9.6,0.5,0.17794583533789537,1.2043010752688172,0.3325592358323762,0.22437275985663083,0.6132443174100737,0.6818181818181818,0.4079207920792079,0.6403601765632629,0.21103117505995203,3.230888429752066,1.4821729520324753,
deep_transformer_contrastive,Transformer (без графа) + Контрастив,non_graph,Без графа,transformer,contrastive,Transformer (без графа),Контрастив,representation-discrepancy,,fold1,0,fold1|s0,"TransDe-подобная связка: мультимасштабный контрастив поверх внимания, без графа. Лидирует на четырёх MTSAD-бенчмарках из пяти. Если обходит графовые модели — физический prior коридора не нужен.",159840,96.0,True,40,,,6.388805871081007e-05,False,True,0.0031076379818841815,validation,0.25,0.09242144177449169,3,0.2222222222222222,9,2,1.0,1.0,13.8,0.5,0.16176236047545647,4.301075268817204,0.22732171350963984,0.22437275985663083,0.5384095244281977,0.46971109040074555,0.32475247524752476,0.0008533003274351358,0.17768595041322313,2.643490322720475,1.0131431001467974,
cand_gcngru_recon,GCN+GRU (фикс. граф) + Реконструкция,candidate,Кандидат,gcn_gru,recon,GCN+GRU (фикс. граф),Реконструкция,reconstruction,,fold1,0,fold1|s0,"РЕФЕРЕНС. Бенчмарк FT-AED (Coursey et al., 2024): unsupervised графовые автоэнкодеры — лучшее семейство на этих данных, а игнорирование пространственных связей ухудшает качество. Все остальные кандидаты сравниваются с этой точкой.",144516,144.0,True,40,,,0.08920590153762273,True,True,1.9359263777732854,validation,0.25,0.06469500924214418,3,0.3333333333333333,9,3,10.0,2.0,10.8,0.3333333333333333,0.24794144922094385,3.010752688172043,0.3008319619097385,0.22437275985663083,0.6344599103541543,0.536741214057508,0.43,0.8242469429969788,0.18421052631578946,2.913738019169329,1.3407686481280676,
cand_gatlstm_recon,GAT+LSTM (обуч. внимание) + Реконструкция,candidate,Кандидат,gat_lstm,recon,GAT+LSTM (обуч. внимание),Реконструкция,reconstruction,,fold1,0,fold1|s0,"Обучаемое внимание вместо фиксированного графа при той же голове. В работе «Toward explainable automatic incident detection» (2025) GAT+LSTM — лучшая пара пространственного и временного модуля. Проверяет, размывает ли фиксированное сглаживание сам сигнал аномалии.",152728,160.0,True,40,,,0.12005699532372612,True,True,2.199662089347841,validation,0.25,0.12384473197781885,3,0.4444444444444444,9,4,0.5,0.75,15.200000000000001,0.5,0.3397081958133519,5.763440860215054,0.2624407108925596,0.22437275985663083,0.5818564603473629,0.5633802816901409,0.36237623762376237,1.2129921913146973,0.2116788321167883,2.661486158329286,1.1696638712304175,
cand_gcngru_bigan,GCN+GRU (фикс. граф) + Критик BiGAN,candidate,Кандидат,gcn_gru,bigan,GCN+GRU (фикс. граф),Критик BiGAN,discriminator,,fold1,0,fold1|s0,"Тот же энкодер, механизм score — критик. CCB-GraphGAN (Nouri et al., 2026) на FT-AED: −5 мин к задержке при FPR 1%. Одновременно проверяет открытый пробел: при D*=1/2 выход критика не несёт информации об аномалии (см. абляцию cycle vs critic).",150391,120.0,True,10,,,1.3831482785088676,True,True,0.3035915940999985,validation,0.25,0.015711645101663587,3,0.3333333333333333,9,3,4.0,2.0,9.6,0.3333333333333333,0.2703056015759829,0.7311827956989247,0.31642100400675033,0.22437275985663083,0.6683221817365783,0.7513043478260869,0.448,0.2736751437187195,0.0881542699724518,8.522608695652172,1.4102469667393505,
cand_hypergraph_flow,Гиперграф+Bi-GLU + Плотность (flow),candidate,Кандидат,hypergraph,flow,Гиперграф+Bi-GLU,Плотность (flow),density,,fold1,0,fold1|s0,"DHMPN-подобная связка: направленный гиперграф + нормализующий поток. Явная плотность вместо эвристики, дешевле трансформеров, заявлено превосходство над SOTA-графами. Единственный кандидат с калиброванным вероятностным score — нужен для safety-валидатора в контуре устранения.",154440,104.0,True,40,,,-315.8457510811942,True,True,-315.69828796386713,validation,0.25,0.0711645101663586,3,0.0,9,0,,,,0.0,0.0,3.3118279569892475,0.23118384658881902,0.22437275985663083,0.553669396987002,0.5550660792951542,0.3455621301775148,-315.7737731933594,0.028368794326241134,19.566079295154186,1.0303561213782828,
cand_gcngru_physics,GCN+GRU (фикс. граф) + Невязка LWR,candidate,Кандидат,gcn_gru,physics,GCN+GRU (фикс. граф),Невязка LWR,physical-residual,,fold1,0,fold1|s0,"Невязка закона сохранения LWR как score. НЕЗАНЯТАЯ НИША: physics-informed подход применён к обнаружению заторов и к генерации, но не как голова детектора. Единственный механизм, чей score не зависит от обученного генератора, то есть структурно невосприимчив к циркулярности оценки.",153068,152.0,True,40,,,0.030570826892341887,True,True,0.5683958232402802,validation,0.25,0.019408502772643253,3,0.1111111111111111,9,1,16.0,16.0,16.0,0.0,0.05304675577280092,0.9032258064516129,0.25056162043120245,0.22437275985663083,0.5471496991135809,0.7365728900255755,0.3326732673267327,0.17557954788208008,0.040229885057471264,18.309097552064305,1.1167203210911418,0.50002615079387
ctrl_random,Случайный score (контроль),control,Протокольный контроль,,,,,none,random,fold1,1,fold1|s1,"Случайный score. Kim et al. (2021): при point-adjustment он выходит на уровень SOTA. Если здесь он попадает в верхнюю половину по основной метрике — метрика выбрана неверно и остальная таблица недействительна. Ожидается AP≈prevalence, padf≈0.",0,,True,0,7.999988156370819e-07,0.0026936200739461997,,False,False,3.016839861869813,validation,0.25,0.019408502772643253,3,0.2222222222222222,9,2,-3.5,-3.5,-3.1,1.0,0.2222222222222222,0.9032258064516129,0.20844376495352895,0.22437275985663083,0.46891332463252877,0.7936962750716332,0.2813765182186235,2.700916290283203,0.187207488299532,4.239660936007641,0.9290065562625331,
ctrl_untrained,GCN+GRU (фикс. граф) + Реконструкция [необучен],control,Протокольный контроль,gcn_gru,recon,GCN+GRU (фикс. граф),Реконструкция,reconstruction,,fold1,1,fold1|s1,Та же архитектура со случайными весами. У Kim et al. необученная модель оказалась сравнима с опубликованными методами даже без PA. Разность «обученная − эта» — измеренный вклад обучения.,144516,144.0,True,0,3.00002284348011e-07,0.36157820788737866,,True,False,19.027991294860847,validation,0.25,0.02033271719038817,3,0.0,9,0,,,,0.0,0.0,0.946236559139785,0.22190456414385576,0.22437275985663083,0.5317067553282585,0.5195876288659794,0.3782178217821782,6.566988945007324,0.0,inf,0.9889995750181431,
base_pca,PCA (линейная граница),control,Протокольный контроль,,,,,none,pca,fold1,1,fold1|s1,Линейная нижняя граница. Sehili et al. (2023): PCA превосходит многие DL-подходы; Alves et al. (2026) подтвердили на SMD без point-adjustment. Если ST-GNN не отрывается от PCA значимо — это и есть результат.,1204224,,True,0,0.7871118999973987,0.08674129032351303,,False,False,4.357173681259155,validation,0.25,0.029574861367837338,3,0.1111111111111111,9,1,13.0,13.0,13.0,0.0,0.06093472109414588,1.3763440860215055,0.23986361678215762,0.22437275985663083,0.5807993716523064,0.49122807017543857,0.38415841584158417,1.1085690259933472,0.055710306406685235,8.817543859649122,1.0690407201632903,
base_california,California алгоритм (AID),baseline,Бейзлайн,,,,,none,california,fold1,1,fold1|s1,"Канонический AID-алгоритм по пространственным разностям занятости. Обязателен для транспортного журнала: без него работа читается как ML-статья про трафик, а не как вклад в автоматическое обнаружение инцидентов.",3,,True,0,0.021658899997419212,0.008806881721600502,,True,False,1.247842133045212,validation,0.25,0.0027726432532347504,3,0.0,9,0,,,,0.0,0.0,0.12903225806451613,0.2598504240584637,0.22437275985663083,0.6009874035185108,0.8330827067669173,0.3801980198019802,-0.3506225645542145,0.0,inf,1.1581193021136003,
base_snd,Standard Normal Deviate (AID),baseline,Бейзлайн,,,,,none,snd,fold1,1,fold1|s1,"Standard Normal Deviate — классический статистический контроль на детекторе. Вторая доменная точка отсчёта, не использующая пространственную структуру вообще.",3,,True,0,0.06643340000300668,0.03177483871121854,,False,False,2.735160470008875,validation,0.25,0.009242144177449169,3,0.2222222222222222,9,2,-7.5,-7.5,-5.5,1.0,0.2222222222222222,0.43010752688172044,0.2927093773454512,0.22437275985663083,0.5774494634831959,0.8102893890675241,0.36435643564356435,1.417343258857727,0.21052631578947367,3.84887459807074,1.304567352705765,
base_iforest,Isolation Forest,baseline,Бейзлайн,,,,,none,iforest,fold1,1,fold1|s1,"Adaptive Isolation Forest даёт 71–100% detection rate на реальных городских событиях (J. Intelligent Transportation Systems, 2025). Включён как сильный неглубокий конкурент, а не для контраста.",150,,True,0,0.6564593999937642,1.5310888172074733,,False,False,0.7039056718349457,validation,0.25,0.029574861367837338,3,0.4444444444444444,9,4,4.0,4.75,13.100000000000001,0.5,0.3472399532723746,1.3763440860215055,0.3212180809322912,0.22437275985663083,0.6108688206079146,0.7140495867768595,0.4011916583912612,0.6438972353935242,0.21729490022172948,3.2860853432282005,1.4316269102253874,
deep_transformer_contrastive,Transformer (без графа) + Контрастив,non_graph,Без графа,transformer,contrastive,Transformer (без графа),Контрастив,representation-discrepancy,,fold1,1,fold1|s1,"TransDe-подобная связка: мультимасштабный контрастив поверх внимания, без графа. Лидирует на четырёх MTSAD-бенчмарках из пяти. Если обходит графовые модели — физический prior коридора не нужен.",159840,96.0,True,40,,,5.9516603089702714e-05,False,True,0.0035623767180368304,validation,0.25,0.09057301293900184,3,0.1111111111111111,9,1,13.0,13.0,13.0,0.0,0.06093472109414588,4.21505376344086,0.22517825494203003,0.22437275985663083,0.546984344457371,0.5060240963855421,0.3722772277227723,0.0009359668474644423,0.031746031746031744,15.939759036144578,1.0035899860834885,
cand_gcngru_recon,GCN+GRU (фикс. граф) + Реконструкция,candidate,Кандидат,gcn_gru,recon,GCN+GRU (фикс. граф),Реконструкция,reconstruction,,fold1,1,fold1|s1,"РЕФЕРЕНС. Бенчмарк FT-AED (Coursey et al., 2024): unsupervised графовые автоэнкодеры — лучшее семейство на этих данных, а игнорирование пространственных связей ухудшает качество. Все остальные кандидаты сравниваются с этой точкой.",144516,144.0,True,40,,,0.08974866781915937,True,True,1.9038804173469548,validation,0.25,0.0711645101663586,3,0.4444444444444444,9,4,11.5,6.75,16.900000000000002,0.25,0.28794229373455216,3.3118279569892475,0.2967239512437332,0.22437275985663083,0.6358447555999126,0.5260960334029228,0.4329692154915591,0.8124784231185913,0.2029598308668076,2.5921189979123174,1.3224597826997053,
cand_gatlstm_recon,GAT+LSTM (обуч. внимание) + Реконструкция,candidate,Кандидат,gat_lstm,recon,GAT+LSTM (обуч. внимание),Реконструкция,reconstruction,,fold1,1,fold1|s1,"Обучаемое внимание вместо фиксированного графа при той же голове. В работе «Toward explainable automatic incident detection» (2025) GAT+LSTM — лучшая пара пространственного и временного модуля. Проверяет, размывает ли фиксированное сглаживание сам сигнал аномалии.",152728,160.0,True,40,,,0.1175449767283031,True,True,2.966169238090517,validation,0.25,0.03512014787430684,3,0.2222222222222222,9,2,14.0,14.0,15.6,0.0,0.11686333105041398,1.6344086021505377,0.26575875959789663,0.22437275985663083,0.6102886029303207,0.5633802816901409,0.3782178217821782,1.1936038732528687,0.08121827411167512,6.93661971830986,1.1844519796775266,
cand_gcngru_bigan,GCN+GRU (фикс. граф) + Критик BiGAN,candidate,Кандидат,gcn_gru,bigan,GCN+GRU (фикс. граф),Критик BiGAN,discriminator,,fold1,1,fold1|s1,"Тот же энкодер, механизм score — критик. CCB-GraphGAN (Nouri et al., 2026) на FT-AED: −5 мин к задержке при FPR 1%. Одновременно проверяет открытый пробел: при D*=1/2 выход критика не несёт информации об аномалии (см. абляцию cycle vs critic).",150391,120.0,True,21,,,1.0499251740319389,True,True,0.2530461400747299,validation,0.25,0.006469500924214418,3,0.1111111111111111,9,1,-15.0,-15.0,-15.0,1.0,0.1111111111111111,0.3010752688172043,0.17063667395140336,0.22437275985663083,0.37238754406996866,0.6617336152219874,0.22153209109730848,0.24302101135253906,0.016853932584269662,39.26286116983792,0.7605053040326124,
cand_hypergraph_flow,Гиперграф+Bi-GLU + Плотность (flow),candidate,Кандидат,hypergraph,flow,Гиперграф+Bi-GLU,Плотность (flow),density,,fold1,1,fold1|s1,"DHMPN-подобная связка: направленный гиперграф + нормализующий поток. Явная плотность вместо эвристики, дешевле трансформеров, заявлено превосходство над SOTA-графами. Единственный кандидат с калиброванным вероятностным score — нужен для safety-валидатора в контуре устранения.",154440,104.0,True,40,,,-314.2036786760603,True,True,-313.9851837158203,validation,0.25,0.0166358595194085,3,0.0,9,0,,,,0.0,0.0,0.7741935483870968,0.23765358607458453,0.22437275985663083,0.5696630308327378,0.5869565217391305,0.3920792079207921,-314.16259765625,0.0,inf,1.0591909027924773,
cand_gcngru_physics,GCN+GRU (фикс. граф) + Невязка LWR,candidate,Кандидат,gcn_gru,physics,GCN+GRU (фикс. граф),Невязка LWR,physical-residual,,fold1,1,fold1|s1,"Невязка закона сохранения LWR как score. НЕЗАНЯТАЯ НИША: physics-informed подход применён к обнаружению заторов и к генерации, но не как голова детектора. Единственный механизм, чей score не зависит от обученного генератора, то есть структурно невосприимчив к циркулярности оценки.",153068,152.0,True,40,,,0.03089338674076966,True,True,0.37734012305736564,validation,0.25,0.03512014787430684,3,0.2222222222222222,9,2,-0.5,-0.5,11.100000000000001,0.5,0.16929411793447924,1.6344086021505377,0.24881617838707104,0.22437275985663083,0.5427264620599647,0.7148936170212766,0.33663366336633666,0.1626637876033783,0.09207161125319693,7.764539007092199,1.1089411145366266,0.5000343929045823
ctrl_random,Случайный score (контроль),control,Протокольный контроль,,,,,none,random,fold1,2,fold1|s2,"Случайный score. Kim et al. (2021): при point-adjustment он выходит на уровень SOTA. Если здесь он попадает в верхнюю половину по основной метрике — метрика выбрана неверно и остальная таблица недействительна. Ожидается AP≈prevalence, padf≈0.",0,,True,0,3.9999576983973384e-07,0.0022652329750589384,,False,False,3.1472424268722548,validation,0.25,0.0046210720887245845,3,0.2222222222222222,9,2,0.0,0.0,12.0,0.5,0.16666666666666666,0.21505376344086022,0.22299551662577516,0.22437275985663083,0.4963917251805614,0.8587105624142661,0.31287128712871287,2.7077298164367676,0.1895551257253385,4.530136334369138,0.9938618073257391,
ctrl_untrained,GCN+GRU (фикс. граф) + Реконструкция [необучен],control,Протокольный контроль,gcn_gru,recon,GCN+GRU (фикс. граф),Реконструкция,reconstruction,,fold1,2,fold1|s2,Та же архитектура со случайными весами. У Kim et al. необученная модель оказалась сравнима с опубликованными методами даже без PA. Разность «обученная − эта» — измеренный вклад обучения.,144516,144.0,True,0,2.00001522898674e-07,0.2664954121832529,,True,False,19.03975582122803,validation,0.25,0.02033271719038817,3,0.0,9,0,,,,0.0,0.0,0.946236559139785,0.22163997681368386,0.22437275985663083,0.5305108868324544,0.5233644859813084,0.3782178217821782,6.4824957847595215,0.0,inf,0.9878203439459712,
base_pca,PCA (линейная граница),control,Протокольный контроль,,,,,none,pca,fold1,2,fold1|s2,Линейная нижняя граница. Sehili et al. (2023): PCA превосходит многие DL-подходы; Alves et al. (2026) подтвердили на SMD без point-adjustment. Если ST-GNN не отрывается от PCA значимо — это и есть результат.,1204224,,True,0,0.7618483999976888,0.08811082437051974,,False,False,4.357173681259155,validation,0.25,0.029574861367837338,3,0.1111111111111111,9,1,13.0,13.0,13.0,0.0,0.06093472109414588,1.3763440860215055,0.23986361678215762,0.22437275985663083,0.5807993716523064,0.49122807017543857,0.38415841584158417,1.1085690259933472,0.055710306406685235,8.817543859649122,1.0690407201632903,
base_california,California алгоритм (AID),baseline,Бейзлайн,,,,,none,california,fold1,2,fold1|s2,"Канонический AID-алгоритм по пространственным разностям занятости. Обязателен для транспортного журнала: без него работа читается как ML-статья про трафик, а не как вклад в автоматическое обнаружение инцидентов.",3,,True,0,0.021394600000348873,0.008639856627608206,,True,False,1.247842133045212,validation,0.25,0.0027726432532347504,3,0.0,9,0,,,,0.0,0.0,0.12903225806451613,0.2598504240584637,0.22437275985663083,0.6009874035185108,0.8330827067669173,0.3801980198019802,-0.3506225645542145,0.0,inf,1.1581193021136003,
base_snd,Standard Normal Deviate (AID),baseline,Бейзлайн,,,,,none,snd,fold1,2,fold1|s2,"Standard Normal Deviate — классический статистический контроль на детекторе. Вторая доменная точка отсчёта, не использующая пространственную структуру вообще.",3,,True,0,0.06311160000041127,0.03263225806476448,,False,False,2.735160470008875,validation,0.25,0.009242144177449169,3,0.2222222222222222,9,2,-7.5,-7.5,-5.5,1.0,0.2222222222222222,0.43010752688172044,0.2927093773454512,0.22437275985663083,0.5774494634831959,0.8102893890675241,0.36435643564356435,1.417343258857727,0.21052631578947367,3.84887459807074,1.304567352705765,
base_iforest,Isolation Forest,baseline,Бейзлайн,,,,,none,iforest,fold1,2,fold1|s2,"Adaptive Isolation Forest даёт 71–100% detection rate на реальных городских событиях (J. Intelligent Transportation Systems, 2025). Включён как сильный неглубокий конкурент, а не для контраста.",150,,True,0,0.6600972000014735,1.519781075270703,,False,False,0.7112163603305819,validation,0.25,0.025878003696857672,3,0.4444444444444444,9,4,4.5,5.0,13.100000000000001,0.5,0.3472399532723746,1.2043010752688172,0.32743349518925124,0.22437275985663083,0.6111951007777575,0.7128712871287128,0.40079760717846463,0.6380805969238281,0.2028301886792453,3.5146212295648165,1.4593281974089631,
deep_transformer_contrastive,Transformer (без графа) + Контрастив,non_graph,Без графа,transformer,contrastive,Transformer (без графа),Контрастив,representation-discrepancy,,fold1,2,fold1|s2,"TransDe-подобная связка: мультимасштабный контрастив поверх внимания, без графа. Лидирует на четырёх MTSAD-бенчмарках из пяти. Если обходит графовые модели — физический prior коридора не нужен.",159840,96.0,True,40,,,6.157570325220669e-05,False,True,0.0049586577806621825,validation,0.25,0.09519408502772643,3,0.0,9,0,,,,0.0,0.0,4.43010752688172,0.20829357849731556,0.22437275985663083,0.5105915562825911,0.47954329210275926,0.3287128712871287,0.0009030619403347373,0.01805869074492099,26.554709800190295,0.9283371949001763,
cand_gcngru_recon,GCN+GRU (фикс. граф) + Реконструкция,candidate,Кандидат,gcn_gru,recon,GCN+GRU (фикс. граф),Реконструкция,reconstruction,,fold1,2,fold1|s2,"РЕФЕРЕНС. Бенчмарк FT-AED (Coursey et al., 2024): unsupervised графовые автоэнкодеры — лучшее семейство на этих данных, а игнорирование пространственных связей ухудшает качество. Все остальные кандидаты сравниваются с этой точкой.",144516,144.0,True,40,,,0.08585279594574656,True,True,1.9109551310539254,validation,0.25,0.04990757855822551,3,0.2222222222222222,9,2,-2.0,-2.0,8.4,0.5,0.17794583533789537,2.3225806451612905,0.3075803981150738,0.22437275985663083,0.6313240774096012,0.532347504621072,0.42574257425742573,0.769044816493988,0.16129032258064516,3.300554528650647,1.3708455443147858,
cand_gatlstm_recon,GAT+LSTM (обуч. внимание) + Реконструкция,candidate,Кандидат,gat_lstm,recon,GAT+LSTM (обуч. внимание),Реконструкция,reconstruction,,fold1,2,fold1|s2,"Обучаемое внимание вместо фиксированного графа при той же голове. В работе «Toward explainable automatic incident detection» (2025) GAT+LSTM — лучшая пара пространственного и временного модуля. Проверяет, размывает ли фиксированное сглаживание сам сигнал аномалии.",152728,160.0,True,40,,,0.11809931961553437,True,True,2.397872805595398,validation,0.25,0.1044362292051756,3,0.5555555555555556,9,5,3.0,3.0,12.8,0.2,0.43415918125619024,4.860215053763441,0.2741595943767045,0.22437275985663083,0.6139145943200675,0.6164383561643836,0.3702970297029703,1.1730793714523315,0.17829457364341086,3.457415128052412,1.2218933998578363,
cand_gcngru_bigan,GCN+GRU (фикс. граф) + Критик BiGAN,candidate,Кандидат,gcn_gru,bigan,GCN+GRU (фикс. граф),Критик BiGAN,discriminator,,fold1,2,fold1|s2,"Тот же энкодер, механизм score — критик. CCB-GraphGAN (Nouri et al., 2026) на FT-AED: −5 мин к задержке при FPR 1%. Одновременно проверяет открытый пробел: при D*=1/2 выход критика не несёт информации об аномалии (см. абляцию cycle vs critic).",150391,120.0,True,15,,,0.8370675870350429,True,True,0.22376982122659686,validation,0.25,0.015711645101663587,3,0.2222222222222222,9,2,4.5,4.5,12.9,0.5,0.16666666666666666,0.7311827956989247,0.25040252853139106,0.22437275985663083,0.5480532441992996,0.7386666666666667,0.36435643564356435,0.21690523624420166,0.0797872340425532,9.257955555555556,1.1160112693331965,
cand_hypergraph_flow,Гиперграф+Bi-GLU + Плотность (flow),candidate,Кандидат,hypergraph,flow,Гиперграф+Bi-GLU,Плотность (flow),density,,fold1,2,fold1|s2,"DHMPN-подобная связка: направленный гиперграф + нормализующий поток. Явная плотность вместо эвристики, дешевле трансформеров, заявлено превосходство над SOTA-графами. Единственный кандидат с калиброванным вероятностным score — нужен для safety-валидатора в контуре устранения.",154440,104.0,True,40,,,-315.07469395228793,True,True,-314.57875061035156,validation,0.25,0.018484288354898338,3,0.1111111111111111,9,1,16.0,16.0,16.0,0.0,0.05304675577280092,0.8602150537634409,0.22554411512150319,0.22437275985663083,0.5436137669562341,0.5922444183313749,0.33663366336633666,-314.9830627441406,0.021917808219178082,27.02115158636898,1.0052205769792235,
cand_gcngru_physics,GCN+GRU (фикс. граф) + Невязка LWR,candidate,Кандидат,gcn_gru,physics,GCN+GRU (фикс. граф),Невязка LWR,physical-residual,,fold1,2,fold1|s2,"Невязка закона сохранения LWR как score. НЕЗАНЯТАЯ НИША: physics-informed подход применён к обнаружению заторов и к генерации, но не как голова детектора. Единственный механизм, чей score не зависит от обученного генератора, то есть структурно невосприимчив к циркулярности оценки.",153068,152.0,True,40,,,0.030399000272154808,True,True,0.5055725276470184,validation,0.25,0.019408502772643253,3,0.1111111111111111,9,1,15.0,15.0,15.0,0.0,0.05555555555555555,0.9032258064516129,0.2363608103611223,0.22437275985663083,0.5305374616879167,0.6904109589041096,0.3165322580645161,0.17889007925987244,0.04597701149425287,15.016438356164384,1.053429170778804,0.4985348076002366
ctrl_random,Случайный score (контроль),control,Протокольный контроль,,,,,none,random,fold1,3,fold1|s3,"Случайный score. Kim et al. (2021): при point-adjustment он выходит на уровень SOTA. Если здесь он попадает в верхнюю половину по основной метрике — метрика выбрана неверно и остальная таблица недействительна. Ожидается AP≈prevalence, padf≈0.",0,,True,0,6.00004568696022e-07,0.00228100358450111,,False,False,3.1859434843063372,validation,0.25,0.0018484288354898336,3,0.1111111111111111,9,1,-8.0,-8.0,-8.0,1.0,0.1111111111111111,0.08602150537634409,0.22608649078834628,0.22437275985663083,0.49125096702946264,0.945619335347432,0.30297029702970296,2.680229663848877,0.16736401673640167,5.650075528700906,1.0076378742803291,
ctrl_untrained,GCN+GRU (фикс. граф) + Реконструкция [необучен],control,Протокольный контроль,gcn_gru,recon,GCN+GRU (фикс. граф),Реконструкция,reconstruction,,fold1,3,fold1|s3,Та же архитектура со случайными весами. У Kim et al. необученная модель оказалась сравнима с опубликованными методами даже без PA. Разность «обученная − эта» — измеренный вклад обучения.,144516,144.0,True,0,2.9999500839039683e-07,0.3608084587794628,,True,False,18.854968070983887,validation,0.25,0.02033271719038817,3,0.0,9,0,,,,0.0,0.0,0.946236559139785,0.22151907369031318,0.22437275985663083,0.5304134456957593,0.5201238390092879,0.37623762376237624,6.453588008880615,0.0,inf,0.9872814945622584,
base_pca,PCA (линейная граница),control,Протокольный контроль,,,,,none,pca,fold1,3,fold1|s3,Линейная нижняя граница. Sehili et al. (2023): PCA превосходит многие DL-подходы; Alves et al. (2026) подтвердили на SMD без point-adjustment. Если ST-GNN не отрывается от PCA значимо — это и есть результат.,1204224,,True,0,0.751079399997252,0.09141189964070055,,False,False,4.357173681259155,validation,0.25,0.029574861367837338,3,0.1111111111111111,9,1,13.0,13.0,13.0,0.0,0.06093472109414588,1.3763440860215055,0.23986361678215762,0.22437275985663083,0.5807993716523064,0.49122807017543857,0.38415841584158417,1.1085690259933472,0.055710306406685235,8.817543859649122,1.0690407201632903,
base_california,California алгоритм (AID),baseline,Бейзлайн,,,,,none,california,fold1,3,fold1|s3,"Канонический AID-алгоритм по пространственным разностям занятости. Обязателен для транспортного журнала: без него работа читается как ML-статья про трафик, а не как вклад в автоматическое обнаружение инцидентов.",3,,True,0,0.022081700000853743,0.009133476702626594,,True,False,1.247842133045212,validation,0.25,0.0027726432532347504,3,0.0,9,0,,,,0.0,0.0,0.12903225806451613,0.2598504240584637,0.22437275985663083,0.6009874035185108,0.8330827067669173,0.3801980198019802,-0.3506225645542145,0.0,inf,1.1581193021136003,
base_snd,Standard Normal Deviate (AID),baseline,Бейзлайн,,,,,none,snd,fold1,3,fold1|s3,"Standard Normal Deviate — классический статистический контроль на детекторе. Вторая доменная точка отсчёта, не использующая пространственную структуру вообще.",3,,True,0,0.06530860000202665,0.032500501795743646,,False,False,2.735160470008875,validation,0.25,0.009242144177449169,3,0.2222222222222222,9,2,-7.5,-7.5,-5.5,1.0,0.2222222222222222,0.43010752688172044,0.2927093773454512,0.22437275985663083,0.5774494634831959,0.8102893890675241,0.36435643564356435,1.417343258857727,0.21052631578947367,3.84887459807074,1.304567352705765,
base_iforest,Isolation Forest,baseline,Бейзлайн,,,,,none,iforest,fold1,3,fold1|s3,"Adaptive Isolation Forest даёт 71–100% detection rate на реальных городских событиях (J. Intelligent Transportation Systems, 2025). Включён как сильный неглубокий конкурент, а не для контраста.",150,,True,0,0.668609699998342,1.516032974912925,,False,False,0.7116939723491669,validation,0.25,0.024029574861367836,3,0.2222222222222222,9,2,3.5,3.5,9.5,0.5,0.17794583533789537,1.118279569892473,0.3164093100902561,0.22437275985663083,0.6006005917334483,0.7248322147651006,0.39603960396039606,0.6419558525085449,0.1686746987951807,4.2972195589645255,1.4101948484853266,
deep_transformer_contrastive,Transformer (без графа) + Контрастив,non_graph,Без графа,transformer,contrastive,Transformer (без графа),Контрастив,representation-discrepancy,,fold1,3,fold1|s3,"TransDe-подобная связка: мультимасштабный контрастив поверх внимания, без графа. Лидирует на четырёх MTSAD-бенчмарках из пяти. Если обходит графовые модели — физический prior коридора не нужен.",159840,96.0,True,40,,,5.068480978869567e-05,False,True,0.002437783288769425,validation,0.25,0.05268022181146026,3,0.1111111111111111,9,1,17.0,17.0,17.0,0.0,0.050651249364345376,2.4516129032258065,0.2109028928111215,0.22437275985663083,0.512950812895301,0.5142857142857142,0.299009900990099,0.0008267381926998496,0.03902439024390244,13.178571428571427,0.9399665670016438,
cand_gcngru_recon,GCN+GRU (фикс. граф) + Реконструкция,candidate,Кандидат,gcn_gru,recon,GCN+GRU (фикс. граф),Реконструкция,reconstruction,,fold1,3,fold1|s3,"РЕФЕРЕНС. Бенчмарк FT-AED (Coursey et al., 2024): unsupervised графовые автоэнкодеры — лучшее семейство на этих данных, а игнорирование пространственных связей ухудшает качество. Все остальные кандидаты сравниваются с этой точкой.",144516,144.0,True,40,,,0.09159383656723159,True,True,1.9108846783638018,validation,0.25,0.06561922365988909,3,0.3333333333333333,9,3,11.0,2.6666666666666665,11.8,0.3333333333333333,0.2417624106155084,3.053763440860215,0.30324218935386743,0.22437275985663083,0.6368634583926346,0.5294117647058824,0.4277227722772277,0.8034766912460327,0.19438444924406048,2.723529411764706,1.3515107161298565,
cand_gatlstm_recon,GAT+LSTM (обуч. внимание) + Реконструкция,candidate,Кандидат,gat_lstm,recon,GAT+LSTM (обуч. внимание),Реконструкция,reconstruction,,fold1,3,fold1|s3,"Обучаемое внимание вместо фиксированного графа при той же голове. В работе «Toward explainable automatic incident detection» (2025) GAT+LSTM — лучшая пара пространственного и временного модуля. Проверяет, размывает ли фиксированное сглаживание сам сигнал аномалии.",152728,160.0,True,40,,,0.11987566681844848,True,True,2.3220933675766005,validation,0.25,0.09149722735674677,3,0.3333333333333333,9,3,2.0,-0.6666666666666666,9.200000000000001,0.3333333333333333,0.2792483340665861,4.258064516129032,0.26376812988178555,0.22437275985663083,0.581192088960805,0.6030150753768844,0.35445544554455444,1.247807502746582,0.17142857142857143,3.517587939698492,1.1755800037862327,
cand_gcngru_bigan,GCN+GRU (фикс. граф) + Критик BiGAN,candidate,Кандидат,gcn_gru,bigan,GCN+GRU (фикс. граф),Критик BiGAN,discriminator,,fold1,3,fold1|s3,"Тот же энкодер, механизм score — критик. CCB-GraphGAN (Nouri et al., 2026) на FT-AED: −5 мин к задержке при FPR 1%. Одновременно проверяет открытый пробел: при D*=1/2 выход критика не несёт информации об аномалии (см. абляцию cycle vs critic).",150391,120.0,True,25,,,1.0283292872565133,True,True,0.14424338191747665,validation,0.25,0.014787430683918669,3,0.3333333333333333,9,3,-6.0,-3.3333333333333335,6.000000000000001,0.6666666666666666,0.29552821726516076,0.6881720430107527,0.21039290141382744,0.22437275985663083,0.45923712448252857,0.8706536856745479,0.27524752475247527,0.14266690611839294,0.13615023474178403,6.394801208575128,0.9376936021478891,
cand_hypergraph_flow,Гиперграф+Bi-GLU + Плотность (flow),candidate,Кандидат,hypergraph,flow,Гиперграф+Bi-GLU,Плотность (flow),density,,fold1,3,fold1|s3,"DHMPN-подобная связка: направленный гиперграф + нормализующий поток. Явная плотность вместо эвристики, дешевле трансформеров, заявлено превосходство над SOTA-графами. Единственный кандидат с калиброванным вероятностным score — нужен для safety-валидатора в контуре устранения.",154440,104.0,True,40,,,-314.8922860281808,True,True,-314.37623596191406,validation,0.25,0.021256931608133085,3,0.0,9,0,,,,0.0,0.0,0.989247311827957,0.23658062249230827,0.22437275985663083,0.5636467788322418,0.5752330226364847,0.37209302325581395,-314.8215637207031,0.011049723756906077,52.05858854860187,1.0544088446542172,
cand_gcngru_physics,GCN+GRU (фикс. граф) + Невязка LWR,candidate,Кандидат,gcn_gru,physics,GCN+GRU (фикс. граф),Невязка LWR,physical-residual,,fold1,3,fold1|s3,"Невязка закона сохранения LWR как score. НЕЗАНЯТАЯ НИША: physics-informed подход применён к обнаружению заторов и к генерации, но не как голова детектора. Единственный механизм, чей score не зависит от обученного генератора, то есть структурно невосприимчив к циркулярности оценки.",153068,152.0,True,40,,,0.030170743486710956,True,True,0.443223223090172,validation,0.25,0.02033271719038817,3,0.1111111111111111,9,1,14.0,14.0,14.0,0.0,0.058183006823368154,0.946236559139785,0.24100264577743055,0.22437275985663083,0.5228661867444622,0.6914765906362546,0.3089108910891089,0.16558107733726501,0.06162464985994398,11.220779220779221,1.0741172231933407,0.4986609086138823
ctrl_random,Случайный score (контроль),control,Протокольный контроль,,,,,none,random,fold1,4,fold1|s4,"Случайный score. Kim et al. (2021): при point-adjustment он выходит на уровень SOTA. Если здесь он попадает в верхнюю половину по основной метрике — метрика выбрана неверно и остальная таблица недействительна. Ожидается AP≈prevalence, padf≈0.",0,,True,0,7.999988156370819e-07,0.0026482437233654216,,False,False,3.132897257804871,validation,0.25,0.0018484288354898336,3,0.0,9,0,,,,0.0,0.0,0.08602150537634409,0.22316544166135494,0.22437275985663083,0.49085824972096403,0.8207407407407408,0.31485148514851485,2.690539598464966,0.18525519848771266,4.430325018896448,0.9946191409507672,
ctrl_untrained,GCN+GRU (фикс. граф) + Реконструкция [необучен],control,Протокольный контроль,gcn_gru,recon,GCN+GRU (фикс. граф),Реконструкция,reconstruction,,fold1,4,fold1|s4,Та же архитектура со случайными весами. У Kim et al. необученная модель оказалась сравнима с опубликованными методами даже без PA. Разность «обученная − эта» — измеренный вклад обучения.,144516,144.0,True,0,3.00002284348011e-07,0.20138853046822772,,True,False,19.19118213653565,validation,0.25,0.02033271719038817,3,0.0,9,0,,,,0.0,0.0,0.946236559139785,0.22242923791433078,0.22437275985663083,0.5344173905854145,0.5206611570247934,0.3782178217821782,6.6455397605896,0.0,inf,0.9913379772859151,
base_pca,PCA (линейная граница),control,Протокольный контроль,,,,,none,pca,fold1,4,fold1|s4,Линейная нижняя граница. Sehili et al. (2023): PCA превосходит многие DL-подходы; Alves et al. (2026) подтвердили на SMD без point-adjustment. Если ST-GNN не отрывается от PCA значимо — это и есть результат.,1204224,,True,0,0.7799629000001005,0.08689225806752854,,False,False,4.357173681259155,validation,0.25,0.029574861367837338,3,0.1111111111111111,9,1,13.0,13.0,13.0,0.0,0.06093472109414588,1.3763440860215055,0.23986361678215762,0.22437275985663083,0.5807993716523064,0.49122807017543857,0.38415841584158417,1.1085690259933472,0.055710306406685235,8.817543859649122,1.0690407201632903,
base_california,California алгоритм (AID),baseline,Бейзлайн,,,,,none,california,fold1,4,fold1|s4,"Канонический AID-алгоритм по пространственным разностям занятости. Обязателен для транспортного журнала: без него работа читается как ML-статья про трафик, а не как вклад в автоматическое обнаружение инцидентов.",3,,True,0,0.021826800002600066,0.00877017920960315,,True,False,1.247842133045212,validation,0.25,0.0027726432532347504,3,0.0,9,0,,,,0.0,0.0,0.12903225806451613,0.2598504240584637,0.22437275985663083,0.6009874035185108,0.8330827067669173,0.3801980198019802,-0.3506225645542145,0.0,inf,1.1581193021136003,
base_snd,Standard Normal Deviate (AID),baseline,Бейзлайн,,,,,none,snd,fold1,4,fold1|s4,"Standard Normal Deviate — классический статистический контроль на детекторе. Вторая доменная точка отсчёта, не использующая пространственную структуру вообще.",3,,True,0,0.063643299996329,0.03295741935354894,,False,False,2.735160470008875,validation,0.25,0.009242144177449169,3,0.2222222222222222,9,2,-7.5,-7.5,-5.5,1.0,0.2222222222222222,0.43010752688172044,0.2927093773454512,0.22437275985663083,0.5774494634831959,0.8102893890675241,0.36435643564356435,1.417343258857727,0.21052631578947367,3.84887459807074,1.304567352705765,
base_iforest,Isolation Forest,baseline,Бейзлайн,,,,,none,iforest,fold1,4,fold1|s4,"Adaptive Isolation Forest даёт 71–100% detection rate на реальных городских событиях (J. Intelligent Transportation Systems, 2025). Включён как сильный неглубокий конкурент, а не для контраста.",150,,True,0,0.6573051999948802,1.4607451612926354,,False,False,0.718550115823746,validation,0.25,0.02033271719038817,3,0.3333333333333333,9,3,-2.0,2.0,8.4,0.6666666666666666,0.2890569464490065,0.946236559139785,0.3174810672570616,0.22437275985663083,0.6070464705639185,0.7236180904522613,0.39801980198019804,0.6444769501686096,0.16751269035532995,4.319780721790772,1.4149715297878624,
deep_transformer_contrastive,Transformer (без графа) + Контрастив,non_graph,Без графа,transformer,contrastive,Transformer (без графа),Контрастив,representation-discrepancy,,fold1,4,fold1|s4,"TransDe-подобная связка: мультимасштабный контрастив поверх внимания, без графа. Лидирует на четырёх MTSAD-бенчмарках из пяти. Если обходит графовые модели — физический prior коридора не нужен.",159840,96.0,True,40,,,4.8769015328226874e-05,False,True,0.003331079962663356,validation,0.25,0.03789279112754159,3,0.1111111111111111,9,1,17.0,17.0,17.0,0.0,0.050651249364345376,1.7634408602150538,0.2108852978037243,0.22437275985663083,0.5184724773080263,0.4846153846153846,0.29504950495049503,0.0006811921484768391,0.04221635883905013,11.479326923076924,0.9398881483584518,
cand_gcngru_recon,GCN+GRU (фикс. граф) + Реконструкция,candidate,Кандидат,gcn_gru,recon,GCN+GRU (фикс. граф),Реконструкция,reconstruction,,fold1,4,fold1|s4,"РЕФЕРЕНС. Бенчмарк FT-AED (Coursey et al., 2024): unsupervised графовые автоэнкодеры — лучшее семейство на этих данных, а игнорирование пространственных связей ухудшает качество. Все остальные кандидаты сравниваются с этой точкой.",144516,144.0,True,40,,,0.0900273849921567,True,True,1.9459242224693298,validation,0.25,0.04251386321626617,3,0.3333333333333333,9,3,11.0,5.0,17.4,0.3333333333333333,0.22412571845693913,1.978494623655914,0.31137526713836905,0.22437275985663083,0.6385229104781702,0.5549132947976878,0.43366336633663366,0.7709892988204956,0.17411764705882352,3.1870020309326668,1.3877587784601433,
cand_gatlstm_recon,GAT+LSTM (обуч. внимание) + Реконструкция,candidate,Кандидат,gat_lstm,recon,GAT+LSTM (обуч. внимание),Реконструкция,reconstruction,,fold1,4,fold1|s4,"Обучаемое внимание вместо фиксированного графа при той же голове. В работе «Toward explainable automatic incident detection» (2025) GAT+LSTM — лучшая пара пространственного и временного модуля. Проверяет, размывает ли фиксированное сглаживание сам сигнал аномалии.",152728,160.0,True,40,,,0.11795345374516078,True,True,2.3075574636459364,validation,0.25,0.1423290203327172,3,0.5555555555555556,9,5,4.0,3.0,13.4,0.2,0.43697226824264956,6.623655913978495,0.2638331445235419,0.22437275985663083,0.6043151659747362,0.5714285714285714,0.36633663366336633,1.182695984840393,0.1872791519434629,3.0512129380053907,1.1758697655282457,
cand_gcngru_bigan,GCN+GRU (фикс. граф) + Критик BiGAN,candidate,Кандидат,gcn_gru,bigan,GCN+GRU (фикс. граф),Критик BiGAN,discriminator,,fold1,4,fold1|s4,"Тот же энкодер, механизм score — критик. CCB-GraphGAN (Nouri et al., 2026) на FT-AED: −5 мин к задержке при FPR 1%. Одновременно проверяет открытый пробел: при D*=1/2 выход критика не несёт информации об аномалии (см. абляцию cycle vs critic).",150391,120.0,True,13,,,1.0628729718072074,True,True,0.1993483677506447,validation,0.25,0.036044362292051754,3,0.2222222222222222,9,2,8.5,8.5,10.5,0.0,0.15104120014402858,1.6774193548387097,0.2707516528969923,0.22437275985663083,0.6097364364890482,0.721030042918455,0.43451776649746193,0.1965145617723465,0.11600928074245939,6.215278969957082,1.2067046510904291,
cand_hypergraph_flow,Гиперграф+Bi-GLU + Плотность (flow),candidate,Кандидат,hypergraph,flow,Гиперграф+Bi-GLU,Плотность (flow),density,,fold1,4,fold1|s4,"DHMPN-подобная связка: направленный гиперграф + нормализующий поток. Явная плотность вместо эвристики, дешевле трансформеров, заявлено превосходство над SOTA-графами. Единственный кандидат с калиброванным вероятностным score — нужен для safety-валидатора в контуре устранения.",154440,104.0,True,40,,,-315.31424822126115,True,True,-314.7914886474609,validation,0.25,0.012014787430683918,3,0.1111111111111111,9,1,16.0,16.0,16.0,0.0,0.05304675577280092,0.5591397849462365,0.23816578694192153,0.22437275985663083,0.559945492018685,0.5669291338582677,0.37992831541218636,-315.25103759765625,0.016901408450704224,33.54330708661418,1.061473714964794,
cand_gcngru_physics,GCN+GRU (фикс. граф) + Невязка LWR,candidate,Кандидат,gcn_gru,physics,GCN+GRU (фикс. граф),Невязка LWR,physical-residual,,fold1,4,fold1|s4,"Невязка закона сохранения LWR как score. НЕЗАНЯТАЯ НИША: physics-informed подход применён к обнаружению заторов и к генерации, но не как голова детектора. Единственный механизм, чей score не зависит от обученного генератора, то есть структурно невосприимчив к циркулярности оценки.",153068,152.0,True,40,,,0.029767520991819247,True,True,0.5012421309947968,validation,0.25,0.014787430683918669,3,0.1111111111111111,9,1,15.0,15.0,15.0,0.0,0.05555555555555555,0.6881720430107527,0.24421792111977103,0.22437275985663083,0.5479528503008864,0.6889952153110048,0.33663366336633666,0.1809619963169098,0.035398230088495575,19.464114832535888,1.0884472842238997,0.49880943893531415
ctrl_random,Случайный score (контроль),control,Протокольный контроль,,,,,none,random,fold2,0,fold2|s0,"Случайный score. Kim et al. (2021): при point-adjustment он выходит на уровень SOTA. Если здесь он попадает в верхнюю половину по основной метрике — метрика выбрана неверно и остальная таблица недействительна. Ожидается AP≈prevalence, padf≈0.",0,,True,0,5.00003807246685e-07,0.002232831539786471,,False,False,3.140965819358827,validation,0.25,0.0041797283176593526,3,0.0,14,0,,,,0.0,0.0,0.17204301075268819,0.31417601159632963,0.3139784946236559,0.49714910083356,0.9042904290429042,0.3841409691629956,2.6953251361846924,0.2313546423135464,3.908676393955185,1.000629078029406,
ctrl_untrained,GCN+GRU (фикс. граф) + Реконструкция [необучен],control,Протокольный контроль,gcn_gru,recon,GCN+GRU (фикс. граф),Реконструкция,reconstruction,,fold2,0,fold2|s0,Та же архитектура со случайными весами. У Kim et al. необученная модель оказалась сравнима с опубликованными методами даже без PA. Разность «обученная − эта» — измеренный вклад обучения.,144516,144.0,True,0,3.00002284348011e-07,0.3348063799284739,,True,False,21.090176582336433,validation,0.25,0.0010449320794148381,3,0.07142857142857142,14,1,-11.0,-11.0,-11.0,1.0,0.07142857142857142,0.043010752688172046,0.42201871204604924,0.3139784946236559,0.643410963675489,0.6020408163265306,0.49097472924187724,4.546637058258057,0.02666666666666667,22.5765306122449,1.3441006924754308,
base_pca,PCA (линейная граница),control,Протокольный контроль,,,,,none,pca,fold2,0,fold2|s0,Линейная нижняя граница. Sehili et al. (2023): PCA превосходит многие DL-подходы; Alves et al. (2026) подтвердили на SMD без point-adjustment. Если ST-GNN не отрывается от PCA значимо — это и есть результат.,1204224,,True,0,0.9205192000008537,0.09296422939114173,,False,False,6.883805513381965,validation,0.25,0.006269592476489028,3,0.07142857142857142,14,1,-15.0,-15.0,-15.0,1.0,0.07142857142857142,0.25806451612903225,0.47373504482797785,0.3139784946236559,0.6631764026662469,0.5865782932891467,0.49691629955947136,0.4695914685726166,0.09361702127659574,6.2657226783158855,1.5088136701712993,
base_california,California алгоритм (AID),baseline,Бейзлайн,,,,,none,california,fold2,0,fold2|s0,"Канонический AID-алгоритм по пространственным разностям занятости. Обязателен для транспортного журнала: без него работа читается как ML-статья про трафик, а не как вклад в автоматическое обнаружение инцидентов.",3,,True,0,0.028331000001344364,0.009270250894493126,,True,False,1.2573580145835965,validation,0.25,0.003134796238244514,3,0.0,14,0,,,,0.0,0.0,0.12903225806451613,0.34507006479599206,0.3139784946236559,0.5837257792855337,0.8113017154389506,0.4558303886925795,-0.37793853878974915,0.0,inf,1.0990245214392897,
base_snd,Standard Normal Deviate (AID),baseline,Бейзлайн,,,,,none,snd,fold2,0,fold2|s0,"Standard Normal Deviate — классический статистический контроль на детекторе. Вторая доменная точка отсчёта, не использующая пространственную структуру вообще.",3,,True,0,0.0776724999959697,0.03355627240154952,,False,False,2.147168517112809,validation,0.25,0.030303030303030304,3,0.35714285714285715,14,5,-5.0,-4.2,4.2,0.6,0.3331607920914446,1.2473118279569892,0.3619920868146846,0.3139784946236559,0.5771054904262273,0.8,0.4458149779735683,1.4329551458358765,0.30703012912482064,2.605607476635514,1.1529200025262214,
base_iforest,Isolation Forest,baseline,Бейзлайн,,,,,none,iforest,fold2,0,fold2|s0,"Adaptive Isolation Forest даёт 71–100% detection rate на реальных городских событиях (J. Intelligent Transportation Systems, 2025). Включён как сильный неглубокий конкурент, а не для контраста.",150,,True,0,0.7794412000002922,1.6486470250875562,,False,False,0.7117991745471957,validation,0.25,0.022988505747126436,3,0.35714285714285715,14,5,1.0,1.0,13.600000000000001,0.4,0.2901587807723615,0.946236559139785,0.4265132956764308,0.3139784946236559,0.6229775315746029,0.7051792828685259,0.48677248677248675,0.6157020926475525,0.2608695652173913,2.703187250996016,1.3584156334900024,
deep_transformer_contrastive,Transformer (без графа) + Контрастив,non_graph,Без графа,transformer,contrastive,Transformer (без графа),Контрастив,representation-discrepancy,,fold2,0,fold2|s0,"TransDe-подобная связка: мультимасштабный контрастив поверх внимания, без графа. Лидирует на четырёх MTSAD-бенчмарках из пяти. Если обходит графовые модели — физический prior коридора не нужен.",159840,96.0,True,40,,,5.880936114408541e-05,False,True,0.003825184539891781,validation,0.25,0.0,3,0.0,14,0,,,,0.0,0.0,0.0,0.391877502281353,0.3139784946236559,0.612575924574035,0.6801152737752162,0.479295154185022,0.00035998295061290264,0.0,inf,1.2481030038412955,
cand_gcngru_recon,GCN+GRU (фикс. граф) + Реконструкция,candidate,Кандидат,gcn_gru,recon,GCN+GRU (фикс. граф),Реконструкция,reconstruction,,fold2,0,fold2|s0,"РЕФЕРЕНС. Бенчмарк FT-AED (Coursey et al., 2024): unsupervised графовые автоэнкодеры — лучшее семейство на этих данных, а игнорирование пространственных связей ухудшает качество. Все остальные кандидаты сравниваются с этой точкой.",144516,144.0,True,40,,,0.13079710081219673,True,True,2.5393503904342656,validation,0.25,0.0,3,0.0,14,0,,,,0.0,0.0,0.0,0.4113667102481448,0.3139784946236559,0.636251508948722,0.6260032102728732,0.47577092511013214,0.36257874965667725,0.013574660633484163,46.11556982343499,1.3101747963382695,
cand_gatlstm_recon,GAT+LSTM (обуч. внимание) + Реконструкция,candidate,Кандидат,gat_lstm,recon,GAT+LSTM (обуч. внимание),Реконструкция,reconstruction,,fold2,0,fold2|s0,"Обучаемое внимание вместо фиксированного графа при той же голове. В работе «Toward explainable automatic incident detection» (2025) GAT+LSTM — лучшая пара пространственного и временного модуля. Проверяет, размывает ли фиксированное сглаживание сам сигнал аномалии.",152728,160.0,True,40,,,0.17912769094109535,True,True,3.1961687803268446,validation,0.25,0.0020898641588296763,3,0.07142857142857142,14,1,-13.0,-13.0,-13.0,1.0,0.07142857142857142,0.08602150537634409,0.4024379306110165,0.3139784946236559,0.6531064065310641,0.6846071044133477,0.48936170212765956,0.941022515296936,0.02666666666666667,25.672766415500536,1.281737244754265,
cand_gcngru_bigan,GCN+GRU (фикс. граф) + Критик BiGAN,candidate,Кандидат,gcn_gru,bigan,GCN+GRU (фикс. граф),Критик BiGAN,discriminator,,fold2,0,fold2|s0,"Тот же энкодер, механизм score — критик. CCB-GraphGAN (Nouri et al., 2026) на FT-AED: −5 мин к задержке при FPR 1%. Одновременно проверяет открытый пробел: при D*=1/2 выход критика не несёт информации об аномалии (см. абляцию cycle vs critic).",150391,120.0,True,21,,,0.7184432148933411,True,True,0.2945729643106461,validation,0.25,0.0010449320794148381,3,0.14285714285714285,14,2,-6.5,-6.5,0.30000000000000027,0.5,0.1365516063255869,0.043010752688172046,0.40809753718763814,0.3139784946236559,0.5800255745933592,0.6027027027027027,0.46519823788546255,0.29134026169776917,0.10062893081761007,5.9893581081081075,1.2997627040565187,
cand_hypergraph_flow,Гиперграф+Bi-GLU + Плотность (flow),candidate,Кандидат,hypergraph,flow,Гиперграф+Bi-GLU,Плотность (flow),density,,fold2,0,fold2|s0,"DHMPN-подобная связка: направленный гиперграф + нормализующий поток. Явная плотность вместо эвристики, дешевле трансформеров, заявлено превосходство над SOTA-графами. Единственный кандидат с калиброванным вероятностным score — нужен для safety-валидатора в контуре устранения.",154440,104.0,True,40,,,-315.81593627929686,True,True,-315.60221862792963,validation,0.25,0.0,3,0.0,14,0,,,,0.0,0.0,0.0,0.3991500747975635,0.3139784946236559,0.6074610059021962,0.6426799007444168,0.4835164835164835,-315.79559326171875,0.0,inf,1.2712656491840206,
cand_gcngru_physics,GCN+GRU (фикс. граф) + Невязка LWR,candidate,Кандидат,gcn_gru,physics,GCN+GRU (фикс. граф),Невязка LWR,physical-residual,,fold2,0,fold2|s0,"Невязка закона сохранения LWR как score. НЕЗАНЯТАЯ НИША: physics-informed подход применён к обнаружению заторов и к генерации, но не как голова детектора. Единственный механизм, чей score не зависит от обученного генератора, то есть структурно невосприимчив к циркулярности оценки.",153068,152.0,True,40,,,0.016316724568605424,True,True,0.355453357100487,validation,0.25,0.0,3,0.0,14,0,,,,0.0,0.0,0.0,0.35223689678845904,0.3139784946236559,0.5613861811311032,0.7070539419087137,0.4422907488986784,0.06423713266849518,0.0,inf,1.1218503904563937,0.4968855515526096
ctrl_random,Случайный score (контроль),control,Протокольный контроль,,,,,none,random,fold2,1,fold2|s1,"Случайный score. Kim et al. (2021): при point-adjustment он выходит на уровень SOTA. Если здесь он попадает в верхнюю половину по основной метрике — метрика выбрана неверно и остальная таблица недействительна. Ожидается AP≈prevalence, padf≈0.",0,,True,0,4.00003045797348e-07,0.0023493906804343758,,False,False,3.016839861869813,validation,0.25,0.018808777429467086,3,0.35714285714285715,14,5,-3.0,-1.2,10.0,0.6,0.31106321125379294,0.7741935483870968,0.32085137066645586,0.3139784946236559,0.5011522881149711,0.8982683982683982,0.4,2.6836020946502686,0.24804177545691905,3.621439963545227,1.0218896394513834,
ctrl_untrained,GCN+GRU (фикс. граф) + Реконструкция [необучен],control,Протокольный контроль,gcn_gru,recon,GCN+GRU (фикс. граф),Реконструкция,reconstruction,,fold2,1,fold2|s1,Та же архитектура со случайными весами. У Kim et al. необученная модель оказалась сравнима с опубликованными методами даже без PA. Разность «обученная − эта» — измеренный вклад обучения.,144516,144.0,True,0,3.00002284348011e-07,0.3673994982075597,,True,False,20.850069999694824,validation,0.25,0.0010449320794148381,3,0.07142857142857142,14,1,-11.0,-11.0,-11.0,1.0,0.07142857142857142,0.043010752688172046,0.4209594128808047,0.3139784946236559,0.6402022110571945,0.6025531914893617,0.4918625678119349,4.534412384033203,0.02666666666666667,22.595744680851062,1.3407268971888644,
base_pca,PCA (линейная граница),control,Протокольный контроль,,,,,none,pca,fold2,1,fold2|s1,Линейная нижняя граница. Sehili et al. (2023): PCA превосходит многие DL-подходы; Alves et al. (2026) подтвердили на SMD без point-adjustment. Если ST-GNN не отрывается от PCA значимо — это и есть результат.,1204224,,True,0,0.8375757999965572,0.09141899641677503,,False,False,6.883805513381965,validation,0.25,0.006269592476489028,3,0.07142857142857142,14,1,-15.0,-15.0,-15.0,1.0,0.07142857142857142,0.25806451612903225,0.47373504482797785,0.3139784946236559,0.6631764026662469,0.5865782932891467,0.49691629955947136,0.4695914685726166,0.09361702127659574,6.2657226783158855,1.5088136701712993,
base_california,California алгоритм (AID),baseline,Бейзлайн,,,,,none,california,fold2,1,fold2|s1,"Канонический AID-алгоритм по пространственным разностям занятости. Обязателен для транспортного журнала: без него работа читается как ML-статья про трафик, а не как вклад в автоматическое обнаружение инцидентов.",3,,True,0,0.029504099999030586,0.00952286738088675,,True,False,1.2573580145835965,validation,0.25,0.003134796238244514,3,0.0,14,0,,,,0.0,0.0,0.12903225806451613,0.34507006479599206,0.3139784946236559,0.5837257792855337,0.8113017154389506,0.4558303886925795,-0.37793853878974915,0.0,inf,1.0990245214392897,
base_snd,Standard Normal Deviate (AID),baseline,Бейзлайн,,,,,none,snd,fold2,1,fold2|s1,"Standard Normal Deviate — классический статистический контроль на детекторе. Вторая доменная точка отсчёта, не использующая пространственную структуру вообще.",3,,True,0,0.0783997000035015,0.03441971325938086,,False,False,2.147168517112809,validation,0.25,0.030303030303030304,3,0.35714285714285715,14,5,-5.0,-4.2,4.2,0.6,0.3331607920914446,1.2473118279569892,0.3619920868146846,0.3139784946236559,0.5771054904262273,0.8,0.4458149779735683,1.4329551458358765,0.30703012912482064,2.605607476635514,1.1529200025262214,
base_iforest,Isolation Forest,baseline,Бейзлайн,,,,,none,iforest,fold2,1,fold2|s1,"Adaptive Isolation Forest даёт 71–100% detection rate на реальных городских событиях (J. Intelligent Transportation Systems, 2025). Включён как сильный неглубокий конкурент, а не для контраста.",150,,True,0,0.785775399999693,1.6890504659490666,,False,False,0.7015306055545809,validation,0.25,0.02612330198537095,3,0.2857142857142857,14,4,-2.5,-2.25,7.600000000000001,0.5,0.2529773581075467,1.075268817204301,0.443796887529301,0.3139784946236559,0.6348439520380947,0.7492063492063492,0.4933920704845815,0.6182171106338501,0.2611683848797251,2.8686716791979947,1.4134626897337328,
deep_transformer_contrastive,Transformer (без графа) + Контрастив,non_graph,Без графа,transformer,contrastive,Transformer (без графа),Контрастив,representation-discrepancy,,fold2,1,fold2|s1,"TransDe-подобная связка: мультимасштабный контрастив поверх внимания, без графа. Лидирует на четырёх MTSAD-бенчмарках из пяти. Если обходит графовые модели — физический prior коридора не нужен.",159840,96.0,True,40,,,5.953566596872406e-05,False,True,0.004153348738327624,validation,0.25,0.0,3,0.0,14,0,,,,0.0,0.0,0.0,0.416465311209808,0.3139784946236559,0.6308359933773254,0.6507352941176471,0.4755877034358047,0.00036128712235949934,0.0,inf,1.3264134911819228,
cand_gcngru_recon,GCN+GRU (фикс. граф) + Реконструкция,candidate,Кандидат,gcn_gru,recon,GCN+GRU (фикс. граф),Реконструкция,reconstruction,,fold2,1,fold2|s1,"РЕФЕРЕНС. Бенчмарк FT-AED (Coursey et al., 2024): unsupervised графовые автоэнкодеры — лучшее семейство на этих данных, а игнорирование пространственных связей ухудшает качество. Все остальные кандидаты сравниваются с этой точкой.",144516,144.0,True,40,,,0.12989577911794187,True,True,2.330343127250673,validation,0.25,0.003134796238244514,3,0.07142857142857142,14,1,7.0,7.0,7.0,0.0,0.051688187051442076,0.12903225806451613,0.41097079203012493,0.3139784946236559,0.635349718250049,0.6270096463022508,0.47577092511013214,0.354195773601532,0.03090507726269316,20.28824069820854,1.3089138239315623,
cand_gatlstm_recon,GAT+LSTM (обуч. внимание) + Реконструкция,candidate,Кандидат,gat_lstm,recon,GAT+LSTM (обуч. внимание),Реконструкция,reconstruction,,fold2,1,fold2|s1,"Обучаемое внимание вместо фиксированного графа при той же голове. В работе «Toward explainable automatic incident detection» (2025) GAT+LSTM — лучшая пара пространственного и временного модуля. Проверяет, размывает ли фиксированное сглаживание сам сигнал аномалии.",152728,160.0,True,40,,,0.1817228313535452,True,True,3.2991434335708645,validation,0.25,0.00522466039707419,3,0.0,14,0,,,,0.0,0.0,0.21505376344086022,0.39172149471160583,0.3139784946236559,0.6389234813892348,0.6898047722342733,0.481767955801105,1.4196960926055908,0.02178649237472767,31.66203904555314,1.247606130417101,
cand_gcngru_bigan,GCN+GRU (фикс. граф) + Критик BiGAN,candidate,Кандидат,gcn_gru,bigan,GCN+GRU (фикс. граф),Критик BiGAN,discriminator,,fold2,1,fold2|s1,"Тот же энкодер, механизм score — критик. CCB-GraphGAN (Nouri et al., 2026) на FT-AED: −5 мин к задержке при FPR 1%. Одновременно проверяет открытый пробел: при D*=1/2 выход критика не несёт информации об аномалии (см. абляцию cycle vs critic).",150391,120.0,True,14,,,1.0152017951011658,True,True,0.16687198728322983,validation,0.25,0.0,3,0.0,14,0,,,,0.0,0.0,0.0,0.29095629615515645,0.3139784946236559,0.4473275504215513,0.6673151750972762,0.35504014272970563,0.16616052389144897,0.0,inf,0.926675874740738,
cand_hypergraph_flow,Гиперграф+Bi-GLU + Плотность (flow),candidate,Кандидат,hypergraph,flow,Гиперграф+Bi-GLU,Плотность (flow),density,,fold2,1,fold2|s1,"DHMPN-подобная связка: направленный гиперграф + нормализующий поток. Явная плотность вместо эвристики, дешевле трансформеров, заявлено превосходство над SOTA-графами. Единственный кандидат с калиброванным вероятностным score — нужен для safety-валидатора в контуре устранения.",154440,104.0,True,40,,,-316.8220642089844,True,True,-316.35218811035156,validation,0.25,0.0,3,0.0,14,0,,,,0.0,0.0,0.0,0.4236896901583636,0.3139784946236559,0.6526316542849372,0.6442220200181984,0.5039647577092511,-316.80511474609375,0.0,inf,1.3494226433125964,
cand_gcngru_physics,GCN+GRU (фикс. граф) + Невязка LWR,candidate,Кандидат,gcn_gru,physics,GCN+GRU (фикс. граф),Невязка LWR,physical-residual,,fold2,1,fold2|s1,"Невязка закона сохранения LWR как score. НЕЗАНЯТАЯ НИША: physics-informed подход применён к обнаружению заторов и к генерации, но не как голова детектора. Единственный механизм, чей score не зависит от обученного генератора, то есть структурно невосприимчив к циркулярности оценки.",153068,152.0,True,40,,,0.017235873639583586,True,True,0.2908228486776353,validation,0.25,0.0020898641588296763,3,0.07142857142857142,14,1,19.0,19.0,19.0,0.0,0.029687067719385278,0.08602150537634409,0.35567486135245296,0.3139784946236559,0.5547921348582662,0.6873786407766991,0.4281938325991189,0.06793040037155151,0.017937219730941704,38.32135922330097,1.1328000721156892,0.4975527893000684
ctrl_random,Случайный score (контроль),control,Протокольный контроль,,,,,none,random,fold2,2,fold2|s2,"Случайный score. Kim et al. (2021): при point-adjustment он выходит на уровень SOTA. Если здесь он попадает в верхнюю половину по основной метрике — метрика выбрана неверно и остальная таблица недействительна. Ожидается AP≈prevalence, padf≈0.",0,,True,0,4.00003045797348e-07,0.002554336918048948,,False,False,3.1472424268722548,validation,0.25,0.00522466039707419,3,0.14285714285714285,14,2,-4.5,-4.5,-1.6999999999999997,1.0,0.14285714285714285,0.21505376344086022,0.351264340441544,0.3139784946236559,0.5291912989126026,0.9501084598698482,0.41404805914972276,2.7410199642181396,0.24299065420560748,3.9100617386951444,1.1187528651049174,
ctrl_untrained,GCN+GRU (фикс. граф) + Реконструкция [необучен],control,Протокольный контроль,gcn_gru,recon,GCN+GRU (фикс. граф),Реконструкция,reconstruction,,fold2,2,fold2|s2,Та же архитектура со случайными весами. У Kim et al. необученная модель оказалась сравнима с опубликованными методами даже без PA. Разность «обученная − эта» — измеренный вклад обучения.,144516,144.0,True,0,1.9999424694105983e-07,0.39602917563032497,,True,False,20.91054248809816,validation,0.25,0.0010449320794148381,3,0.07142857142857142,14,1,-11.0,-11.0,-11.0,1.0,0.07142857142857142,0.043010752688172046,0.4199016442035416,0.3139784946236559,0.6361489242925238,0.6025531914893617,0.4914182475158085,4.447109222412109,0.022271714922048998,27.05463829787234,1.3373579764016907,
base_pca,PCA (линейная граница),control,Протокольный контроль,,,,,none,pca,fold2,2,fold2|s2,Линейная нижняя граница. Sehili et al. (2023): PCA превосходит многие DL-подходы; Alves et al. (2026) подтвердили на SMD без point-adjustment. Если ST-GNN не отрывается от PCA значимо — это и есть результат.,1204224,,True,0,0.9165223000018159,0.08999655914274261,,False,False,6.883805513381965,validation,0.25,0.006269592476489028,3,0.07142857142857142,14,1,-15.0,-15.0,-15.0,1.0,0.07142857142857142,0.25806451612903225,0.47373504482797785,0.3139784946236559,0.6631764026662469,0.5865782932891467,0.49691629955947136,0.4695914685726166,0.09361702127659574,6.2657226783158855,1.5088136701712993,
base_california,California алгоритм (AID),baseline,Бейзлайн,,,,,none,california,fold2,2,fold2|s2,"Канонический AID-алгоритм по пространственным разностям занятости. Обязателен для транспортного журнала: без него работа читается как ML-статья про трафик, а не как вклад в автоматическое обнаружение инцидентов.",3,,True,0,0.029488000000128523,0.009232616491405474,,True,False,1.2573580145835965,validation,0.25,0.003134796238244514,3,0.0,14,0,,,,0.0,0.0,0.12903225806451613,0.34507006479599206,0.3139784946236559,0.5837257792855337,0.8113017154389506,0.4558303886925795,-0.37793853878974915,0.0,inf,1.0990245214392897,
base_snd,Standard Normal Deviate (AID),baseline,Бейзлайн,,,,,none,snd,fold2,2,fold2|s2,"Standard Normal Deviate — классический статистический контроль на детекторе. Вторая доменная точка отсчёта, не использующая пространственную структуру вообще.",3,,True,0,0.07782399999996414,0.03392853046325953,,False,False,2.147168517112809,validation,0.25,0.030303030303030304,3,0.35714285714285715,14,5,-5.0,-4.2,4.2,0.6,0.3331607920914446,1.2473118279569892,0.3619920868146846,0.3139784946236559,0.5771054904262273,0.8,0.4458149779735683,1.4329551458358765,0.30703012912482064,2.605607476635514,1.1529200025262214,
base_iforest,Isolation Forest,baseline,Бейзлайн,,,,,none,iforest,fold2,2,fold2|s2,"Adaptive Isolation Forest даёт 71–100% detection rate на реальных городских событиях (J. Intelligent Transportation Systems, 2025). Включён как сильный неглубокий конкурент, а не для контраста.",150,,True,0,0.7824446000013268,1.675391756269353,,False,False,0.7185798585414886,validation,0.25,0.0020898641588296763,3,0.07142857142857142,14,1,-7.0,-7.0,-7.0,1.0,0.07142857142857142,0.08602150537634409,0.4313071611110472,0.3139784946236559,0.6362992227423026,0.7452631578947368,0.4845814977973568,0.6254894137382507,0.15904572564612326,4.685842105263158,1.373683766552308,
deep_transformer_contrastive,Transformer (без графа) + Контрастив,non_graph,Без графа,transformer,contrastive,Transformer (без графа),Контрастив,representation-discrepancy,,fold2,2,fold2|s2,"TransDe-подобная связка: мультимасштабный контрастив поверх внимания, без графа. Лидирует на четырёх MTSAD-бенчмарках из пяти. Если обходит графовые модели — физический prior коридора не нужен.",159840,96.0,True,40,,,6.312459518085234e-05,False,True,0.005764657864347102,validation,0.25,0.0,3,0.0,14,0,,,,0.0,0.0,0.0,0.41684125423520746,0.3139784946236559,0.6444582814445828,0.6185852981969486,0.46975806451612906,0.0004936409532092512,0.004524886877828055,136.70735090152564,1.3276108439682979,
cand_gcngru_recon,GCN+GRU (фикс. граф) + Реконструкция,candidate,Кандидат,gcn_gru,recon,GCN+GRU (фикс. граф),Реконструкция,reconstruction,,fold2,2,fold2|s2,"РЕФЕРЕНС. Бенчмарк FT-AED (Coursey et al., 2024): unsupervised графовые автоэнкодеры — лучшее семейство на этих данных, а игнорирование пространственных связей ухудшает качество. Все остальные кандидаты сравниваются с этой точкой.",144516,144.0,True,40,,,0.12702490836381913,True,True,2.240231633186343,validation,0.25,0.003134796238244514,3,0.07142857142857142,14,1,9.0,9.0,9.0,0.0,0.04712528252760336,0.12903225806451613,0.4138838858835415,0.3139784946236559,0.6369719872317888,0.6290322580645161,0.47048458149779737,0.3565334677696228,0.02654867256637168,23.693548387096776,1.3181918283277179,
cand_gatlstm_recon,GAT+LSTM (обуч. внимание) + Реконструкция,candidate,Кандидат,gat_lstm,recon,GAT+LSTM (обуч. внимание),Реконструкция,reconstruction,,fold2,2,fold2|s2,"Обучаемое внимание вместо фиксированного графа при той же голове. В работе «Toward explainable automatic incident detection» (2025) GAT+LSTM — лучшая пара пространственного и временного модуля. Проверяет, размывает ли фиксированное сглаживание сам сигнал аномалии.",152728,160.0,True,40,,,0.17839930430054665,True,True,3.6289917230606097,validation,0.25,0.0020898641588296763,3,0.0,14,0,,,,0.0,0.0,0.08602150537634409,0.4029350045325161,0.3139784946236559,0.6590610879699212,0.6573816155988857,0.5094339622641509,1.1224175691604614,0.004484304932735426,146.59610027855152,1.2833203911480822,
cand_gcngru_bigan,GCN+GRU (фикс. граф) + Критик BiGAN,candidate,Кандидат,gcn_gru,bigan,GCN+GRU (фикс. граф),Критик BiGAN,discriminator,,fold2,2,fold2|s2,"Тот же энкодер, механизм score — критик. CCB-GraphGAN (Nouri et al., 2026) на FT-AED: −5 мин к задержке при FPR 1%. Одновременно проверяет открытый пробел: при D*=1/2 выход критика не несёт информации об аномалии (см. абляцию cycle vs critic).",150391,120.0,True,14,,,1.1221181511878968,True,True,0.1634644791483879,validation,0.25,0.0073145245559038665,3,0.07142857142857142,14,1,15.0,15.0,15.0,0.0,0.03571428571428571,0.3010752688172043,0.3634486644051448,0.3139784946236559,0.5983882280528479,0.7065868263473054,0.4362657091561939,0.16187816858291626,0.10038610038610038,7.038691847075081,1.1575591023862488,
cand_hypergraph_flow,Гиперграф+Bi-GLU + Плотность (flow),candidate,Кандидат,hypergraph,flow,Гиперграф+Bi-GLU,Плотность (flow),density,,fold2,2,fold2|s2,"DHMPN-подобная связка: направленный гиперграф + нормализующий поток. Явная плотность вместо эвристики, дешевле трансформеров, заявлено превосходство над SOTA-графами. Единственный кандидат с калиброванным вероятностным score — нужен для safety-валидатора в контуре устранения.",154440,104.0,True,40,,,-315.97056884765624,True,True,-315.8006134033203,validation,0.25,0.0010449320794148381,3,0.07142857142857142,14,1,-15.0,-15.0,-15.0,1.0,0.07142857142857142,0.043010752688172046,0.4032101095140186,0.3139784946236559,0.6540499467991201,0.6478405315614618,0.4872021182700794,-315.9590148925781,0.0045045045045045045,143.82059800664453,1.2841965816713605,
cand_gcngru_physics,GCN+GRU (фикс. граф) + Невязка LWR,candidate,Кандидат,gcn_gru,physics,GCN+GRU (фикс. граф),Невязка LWR,physical-residual,,fold2,2,fold2|s2,"Невязка закона сохранения LWR как score. НЕЗАНЯТАЯ НИША: physics-informed подход применён к обнаружению заторов и к генерации, но не как голова детектора. Единственный механизм, чей score не зависит от обученного генератора, то есть структурно невосприимчив к циркулярности оценки.",153068,152.0,True,40,,,0.01599325705319643,True,True,0.2791387885808948,validation,0.25,0.0020898641588296763,3,0.07142857142857142,14,1,19.0,19.0,19.0,0.0,0.029687067719385278,0.08602150537634409,0.38583036885339456,0.3139784946236559,0.5931898102422428,0.7306501547987616,0.4669603524229075,0.05837725102901459,0.017937219730941704,40.73374613003096,1.228843298060469,0.4966433799335983
ctrl_random,Случайный score (контроль),control,Протокольный контроль,,,,,none,random,fold2,3,fold2|s3,"Случайный score. Kim et al. (2021): при point-adjustment он выходит на уровень SOTA. Если здесь он попадает в верхнюю половину по основной метрике — метрика выбрана неверно и остальная таблица недействительна. Ожидается AP≈prevalence, padf≈0.",0,,True,0,4.00003045797348e-07,0.0025691039408356833,,False,False,3.1859434843063372,validation,0.25,0.0020898641588296763,3,0.07142857142857142,14,1,20.0,20.0,20.0,0.0,0.028346447356574992,0.08602150537634409,0.31382382423539357,0.3139784946236559,0.4950019801224336,0.8884254431699687,0.3700440528634361,2.680229663848877,0.16583747927031509,5.3572054223149115,0.9995073854072467,
ctrl_untrained,GCN+GRU (фикс. граф) + Реконструкция [необучен],control,Протокольный контроль,gcn_gru,recon,GCN+GRU (фикс. граф),Реконструкция,reconstruction,,fold2,3,fold2|s3,Та же архитектура со случайными весами. У Kim et al. необученная модель оказалась сравнима с опубликованными методами даже без PA. Разность «обученная − эта» — измеренный вклад обучения.,144516,144.0,True,0,2.00001522898674e-07,0.29652379928336153,,True,False,20.662585258483897,validation,0.25,0.0010449320794148381,3,0.07142857142857142,14,1,-11.0,-11.0,-11.0,1.0,0.07142857142857142,0.043010752688172046,0.42047472141171155,0.3139784946236559,0.6385107570747628,0.601018675721562,0.4918918918918919,4.448992729187012,0.022271714922048998,26.985738539898133,1.3391831880578484,
base_pca,PCA (линейная граница),control,Протокольный контроль,,,,,none,pca,fold2,3,fold2|s3,Линейная нижняя граница. Sehili et al. (2023): PCA превосходит многие DL-подходы; Alves et al. (2026) подтвердили на SMD без point-adjustment. Если ST-GNN не отрывается от PCA значимо — это и есть результат.,1204224,,True,0,0.8641721999956644,0.09303870968170978,,False,False,6.883805513381965,validation,0.25,0.006269592476489028,3,0.07142857142857142,14,1,-15.0,-15.0,-15.0,1.0,0.07142857142857142,0.25806451612903225,0.47373504482797785,0.3139784946236559,0.6631764026662469,0.5865782932891467,0.49691629955947136,0.4695914685726166,0.09361702127659574,6.2657226783158855,1.5088136701712993,
base_california,California алгоритм (AID),baseline,Бейзлайн,,,,,none,california,fold2,3,fold2|s3,"Канонический AID-алгоритм по пространственным разностям занятости. Обязателен для транспортного журнала: без него работа читается как ML-статья про трафик, а не как вклад в автоматическое обнаружение инцидентов.",3,,True,0,0.028805400004785042,0.009136630827644474,,True,False,1.2573580145835965,validation,0.25,0.003134796238244514,3,0.0,14,0,,,,0.0,0.0,0.12903225806451613,0.34507006479599206,0.3139784946236559,0.5837257792855337,0.8113017154389506,0.4558303886925795,-0.37793853878974915,0.0,inf,1.0990245214392897,
base_snd,Standard Normal Deviate (AID),baseline,Бейзлайн,,,,,none,snd,fold2,3,fold2|s3,"Standard Normal Deviate — классический статистический контроль на детекторе. Вторая доменная точка отсчёта, не использующая пространственную структуру вообще.",3,,True,0,0.07826270000077784,0.033380716849672594,,False,False,2.147168517112809,validation,0.25,0.030303030303030304,3,0.35714285714285715,14,5,-5.0,-4.2,4.2,0.6,0.3331607920914446,1.2473118279569892,0.3619920868146846,0.3139784946236559,0.5771054904262273,0.8,0.4458149779735683,1.4329551458358765,0.30703012912482064,2.605607476635514,1.1529200025262214,
base_iforest,Isolation Forest,baseline,Бейзлайн,,,,,none,iforest,fold2,3,fold2|s3,"Adaptive Isolation Forest даёт 71–100% detection rate на реальных городских событиях (J. Intelligent Transportation Systems, 2025). Включён как сильный неглубокий конкурент, а не для контраста.",150,,True,0,0.7820667999985744,1.6592581361998706,,False,False,0.7088339626789095,validation,0.25,0.024033437826541274,3,0.2857142857142857,14,4,-0.5,-1.5,8.8,0.5,0.2419870577287597,0.989247311827957,0.4297397471578685,0.3139784946236559,0.6210856796591327,0.7604726100966702,0.4828193832599119,0.6163550019264221,0.21903052064631956,3.471993801834798,1.368691660468554,
deep_transformer_contrastive,Transformer (без графа) + Контрастив,non_graph,Без графа,transformer,contrastive,Transformer (без графа),Контрастив,representation-discrepancy,,fold2,3,fold2|s3,"TransDe-подобная связка: мультимасштабный контрастив поверх внимания, без графа. Лидирует на четырёх MTSAD-бенчмарках из пяти. Если обходит графовые модели — физический prior коридора не нужен.",159840,96.0,True,40,,,4.763801334775053e-05,False,True,0.002881539869122211,validation,0.25,0.0,3,0.0,14,0,,,,0.0,0.0,0.0,0.43335257104722824,0.3139784946236559,0.6162618151281354,0.6762589928057554,0.49530956848030017,0.00031846342608332634,0.0045351473922902496,149.11510791366905,1.3801982571024736,
cand_gcngru_recon,GCN+GRU (фикс. граф) + Реконструкция,candidate,Кандидат,gcn_gru,recon,GCN+GRU (фикс. граф),Реконструкция,reconstruction,,fold2,3,fold2|s3,"РЕФЕРЕНС. Бенчмарк FT-AED (Coursey et al., 2024): unsupervised графовые автоэнкодеры — лучшее семейство на этих данных, а игнорирование пространственных связей ухудшает качество. Все остальные кандидаты сравниваются с этой точкой.",144516,144.0,True,40,,,0.12719881646335124,True,True,2.201705813407898,validation,0.25,0.0010449320794148381,3,0.07142857142857142,14,1,9.0,9.0,9.0,0.0,0.04712528252760336,0.043010752688172046,0.41579405562681426,0.3139784946236559,0.6361059818783013,0.6310679611650486,0.47048458149779737,0.3506256937980652,0.035398230088495575,17.82766990291262,1.3242755881264976,
cand_gatlstm_recon,GAT+LSTM (обуч. внимание) + Реконструкция,candidate,Кандидат,gat_lstm,recon,GAT+LSTM (обуч. внимание),Реконструкция,reconstruction,,fold2,3,fold2|s3,"Обучаемое внимание вместо фиксированного графа при той же голове. В работе «Toward explainable automatic incident detection» (2025) GAT+LSTM — лучшая пара пространственного и временного модуля. Проверяет, размывает ли фиксированное сглаживание сам сигнал аномалии.",152728,160.0,True,40,,,0.18164986185729504,True,True,3.277836203575136,validation,0.25,0.0,3,0.0,14,0,,,,0.0,0.0,0.0,0.38439344317886237,0.3139784946236559,0.6395294465677083,0.6847195357833655,0.48406374501992033,1.1001412868499756,0.0,inf,1.2242667882066507,
cand_gcngru_bigan,GCN+GRU (фикс. граф) + Критик BiGAN,candidate,Кандидат,gcn_gru,bigan,GCN+GRU (фикс. граф),Критик BiGAN,discriminator,,fold2,3,fold2|s3,"Тот же энкодер, механизм score — критик. CCB-GraphGAN (Nouri et al., 2026) на FT-AED: −5 мин к задержке при FPR 1%. Одновременно проверяет открытый пробел: при D*=1/2 выход критика не несёт информации об аномалии (см. абляцию cycle vs critic).",150391,120.0,True,18,,,0.5518052339553833,True,True,0.3455233126878739,validation,0.25,0.029258098223615466,3,0.35714285714285715,14,5,7.0,1.8,12.200000000000001,0.4,0.2796136470502912,1.2043010752688172,0.4241018448396857,0.3139784946236559,0.6087946064327737,0.7250821467688937,0.508628519527702,0.3429456353187561,0.22144112478031636,3.2743789008849244,1.3507353277428347,
cand_hypergraph_flow,Гиперграф+Bi-GLU + Плотность (flow),candidate,Кандидат,hypergraph,flow,Гиперграф+Bi-GLU,Плотность (flow),density,,fold2,3,fold2|s3,"DHMPN-подобная связка: направленный гиперграф + нормализующий поток. Явная плотность вместо эвристики, дешевле трансформеров, заявлено превосходство над SOTA-графами. Единственный кандидат с калиброванным вероятностным score — нужен для safety-валидатора в контуре устранения.",154440,104.0,True,40,,,-316.07509155273436,True,True,-315.61515808105463,validation,0.25,0.0,3,0.0,14,0,,,,0.0,0.0,0.0,0.4106773736120366,0.3139784946236559,0.654067839471713,0.6478405315614618,0.52,-316.05609130859375,0.004524886877828055,143.17275747508305,1.307979306367103,
cand_gcngru_physics,GCN+GRU (фикс. граф) + Невязка LWR,candidate,Кандидат,gcn_gru,physics,GCN+GRU (фикс. граф),Невязка LWR,physical-residual,,fold2,3,fold2|s3,"Невязка закона сохранения LWR как score. НЕЗАНЯТАЯ НИША: physics-informed подход применён к обнаружению заторов и к генерации, но не как голова детектора. Единственный механизм, чей score не зависит от обученного генератора, то есть структурно невосприимчив к циркулярности оценки.",153068,152.0,True,40,,,0.01688774498179555,True,True,0.2898943275213245,validation,0.25,0.0,3,0.07142857142857142,14,1,19.0,19.0,19.0,0.0,0.029687067719385278,0.0,0.3861902575694909,0.3139784946236559,0.5997289856524622,0.724233983286908,0.4722466960352423,0.06379932165145874,0.013513513513513514,53.59331476323119,1.2299895189713237,0.4972228631122352
ctrl_random,Случайный score (контроль),control,Протокольный контроль,,,,,none,random,fold2,4,fold2|s4,"Случайный score. Kim et al. (2021): при point-adjustment он выходит на уровень SOTA. Если здесь он попадает в верхнюю половину по основной метрике — метрика выбрана неверно и остальная таблица недействительна. Ожидается AP≈prevalence, padf≈0.",0,,True,0,4.00003045797348e-07,0.0025625806458304404,,False,False,3.132897257804871,validation,0.25,0.0020898641588296763,3,0.0,14,0,,,,0.0,0.0,0.08602150537634409,0.322649730579187,0.3139784946236559,0.5215093781461283,0.8957055214723927,0.40881057268722465,2.690539598464966,0.21712538226299694,4.125291627062992,1.0276172925980955,
ctrl_untrained,GCN+GRU (фикс. граф) + Реконструкция [необучен],control,Протокольный контроль,gcn_gru,recon,GCN+GRU (фикс. граф),Реконструкция,reconstruction,,fold2,4,fold2|s4,Та же архитектура со случайными весами. У Kim et al. необученная модель оказалась сравнима с опубликованными методами даже без PA. Разность «обученная − эта» — измеренный вклад обучения.,144516,144.0,True,0,2.00001522898674e-07,0.21680853046697154,,True,False,21.05802059173584,validation,0.25,0.0010449320794148381,3,0.07142857142857142,14,1,-11.0,-11.0,-11.0,1.0,0.07142857142857142,0.043010752688172046,0.4222267516120989,0.3139784946236559,0.6446324367911519,0.6025531914893617,0.49097472924187724,4.59658145904541,0.02666666666666667,22.595744680851062,1.3447632842440136,
base_pca,PCA (линейная граница),control,Протокольный контроль,,,,,none,pca,fold2,4,fold2|s4,Линейная нижняя граница. Sehili et al. (2023): PCA превосходит многие DL-подходы; Alves et al. (2026) подтвердили на SMD без point-adjustment. Если ST-GNN не отрывается от PCA значимо — это и есть результат.,1204224,,True,0,0.8604888000045321,0.08951698924960588,,False,False,6.883805513381965,validation,0.25,0.006269592476489028,3,0.07142857142857142,14,1,-15.0,-15.0,-15.0,1.0,0.07142857142857142,0.25806451612903225,0.47373504482797785,0.3139784946236559,0.6631764026662469,0.5865782932891467,0.49691629955947136,0.4695914685726166,0.09361702127659574,6.2657226783158855,1.5088136701712993,
base_california,California алгоритм (AID),baseline,Бейзлайн,,,,,none,california,fold2,4,fold2|s4,"Канонический AID-алгоритм по пространственным разностям занятости. Обязателен для транспортного журнала: без него работа читается как ML-статья про трафик, а не как вклад в автоматическое обнаружение инцидентов.",3,,True,0,0.02950560000317637,0.009535770605845664,,True,False,1.2573580145835965,validation,0.25,0.003134796238244514,3,0.0,14,0,,,,0.0,0.0,0.12903225806451613,0.34507006479599206,0.3139784946236559,0.5837257792855337,0.8113017154389506,0.4558303886925795,-0.37793853878974915,0.0,inf,1.0990245214392897,
base_snd,Standard Normal Deviate (AID),baseline,Бейзлайн,,,,,none,snd,fold2,4,fold2|s4,"Standard Normal Deviate — классический статистический контроль на детекторе. Вторая доменная точка отсчёта, не использующая пространственную структуру вообще.",3,,True,0,0.07758710000052815,0.0337363440855523,,False,False,2.147168517112809,validation,0.25,0.030303030303030304,3,0.35714285714285715,14,5,-5.0,-4.2,4.2,0.6,0.3331607920914446,1.2473118279569892,0.3619920868146846,0.3139784946236559,0.5771054904262273,0.8,0.4458149779735683,1.4329551458358765,0.30703012912482064,2.605607476635514,1.1529200025262214,
base_iforest,Isolation Forest,baseline,Бейзлайн,,,,,none,iforest,fold2,4,fold2|s4,"Adaptive Isolation Forest даёт 71–100% detection rate на реальных городских событиях (J. Intelligent Transportation Systems, 2025). Включён как сильный неглубокий конкурент, а не для контраста.",150,,True,0,0.7900160999997752,1.605272401437392,,False,False,0.7086703479290009,validation,0.25,0.02089864158829676,3,0.21428571428571427,14,3,-7.0,-6.666666666666667,0.2000000000000004,0.6666666666666666,0.20798017775415834,0.8602150537634409,0.423921624403993,0.3139784946236559,0.6193536689521574,0.6893865628042843,0.48148148148148145,0.613692045211792,0.21908127208480566,3.1467160850582654,1.350161337999019,
deep_transformer_contrastive,Transformer (без графа) + Контрастив,non_graph,Без графа,transformer,contrastive,Transformer (без графа),Контрастив,representation-discrepancy,,fold2,4,fold2|s4,"TransDe-подобная связка: мультимасштабный контрастив поверх внимания, без графа. Лидирует на четырёх MTSAD-бенчмарках из пяти. Если обходит графовые модели — физический prior коридора не нужен.",159840,96.0,True,40,,,4.796762259502429e-05,False,True,0.002175084897316993,validation,0.25,0.0,3,0.0,14,0,,,,0.0,0.0,0.0,0.44367254847215654,0.3139784946236559,0.6534451744654861,0.6625194401244168,0.4863883847549909,0.000323637475958094,0.004555808656036446,145.42301710730948,1.4130666783531014,
cand_gcngru_recon,GCN+GRU (фикс. граф) + Реконструкция,candidate,Кандидат,gcn_gru,recon,GCN+GRU (фикс. граф),Реконструкция,reconstruction,,fold2,4,fold2|s4,"РЕФЕРЕНС. Бенчмарк FT-AED (Coursey et al., 2024): unsupervised графовые автоэнкодеры — лучшее семейство на этих данных, а игнорирование пространственных связей ухудшает качество. Все остальные кандидаты сравниваются с этой точкой.",144516,144.0,True,40,,,0.12975103370845317,True,True,2.308873534202576,validation,0.25,0.0010449320794148381,3,0.07142857142857142,14,1,7.0,7.0,7.0,0.0,0.051688187051442076,0.043010752688172046,0.4095048162459316,0.3139784946236559,0.6348463377277738,0.6382978723404256,0.47400881057268723,0.3564722537994385,0.031042128603104215,20.562310030395135,1.304244791468207,
cand_gatlstm_recon,GAT+LSTM (обуч. внимание) + Реконструкция,candidate,Кандидат,gat_lstm,recon,GAT+LSTM (обуч. внимание),Реконструкция,reconstruction,,fold2,4,fold2|s4,"Обучаемое внимание вместо фиксированного графа при той же голове. В работе «Toward explainable automatic incident detection» (2025) GAT+LSTM — лучшая пара пространственного и временного модуля. Проверяет, размывает ли фиксированное сглаживание сам сигнал аномалии.",152728,160.0,True,40,99.35058410000056,0.46439111110917874,0.17472776733338832,True,False,2.95556104183197,validation,0.25,0.0010449320794148381,3,0.07142857142857142,14,1,-14.0,-14.0,-14.0,1.0,0.07142857142857142,0.043010752688172046,0.40585219644274856,0.3139784946236559,0.6508590868534184,0.7035398230088495,0.4819047619047619,1.0546929836273193,0.0391304347826087,17.979351032448374,1.2926114475745074,
cand_gcngru_bigan,GCN+GRU (фикс. граф) + Критик BiGAN,candidate,Кандидат,gcn_gru,bigan,GCN+GRU (фикс. граф),Критик BiGAN,discriminator,,fold2,4,fold2|s4,"Тот же энкодер, механизм score — критик. CCB-GraphGAN (Nouri et al., 2026) на FT-AED: −5 мин к задержке при FPR 1%. Одновременно проверяет открытый пробел: при D*=1/2 выход критика не несёт информации об аномалии (см. абляцию cycle vs critic).",150391,120.0,True,16,18.15062009999383,0.08353799283500314,0.9327892243862153,True,False,0.2655761986970902,validation,0.25,0.0010449320794148381,3,0.14285714285714285,14,2,1.0,1.0,5.800000000000001,0.5,0.1231167584800135,0.043010752688172046,0.42740377681531827,0.3139784946236559,0.6475847277689508,0.6320907617504052,0.5022026431718062,0.2368766963481903,0.048458149779735685,13.044054810667452,1.3612517549255,
cand_hypergraph_flow,Гиперграф+Bi-GLU + Плотность (flow),candidate,Кандидат,hypergraph,flow,Гиперграф+Bi-GLU,Плотность (flow),density,,fold2,4,fold2|s4,"DHMPN-подобная связка: направленный гиперграф + нормализующий поток. Явная плотность вместо эвристики, дешевле трансформеров, заявлено превосходство над SOTA-графами. Единственный кандидат с калиброванным вероятностным score — нужен для safety-валидатора в контуре устранения.",154440,104.0,True,40,31.20053700000426,0.07981060931916385,-314.74981994628905,True,False,-314.51835632324213,validation,0.25,0.0,3,0.0,14,0,,,,0.0,0.0,0.0,0.4245479760087929,0.3139784946236559,0.6495588859783474,0.607725321888412,0.4863436123348018,-314.738525390625,0.009029345372460496,67.30557939914164,1.3521562249595116,
cand_gcngru_physics,GCN+GRU (фикс. граф) + Невязка LWR,candidate,Кандидат,gcn_gru,physics,GCN+GRU (фикс. граф),Невязка LWR,physical-residual,,fold2,4,fold2|s4,"Невязка закона сохранения LWR как score. НЕЗАНЯТАЯ НИША: physics-informed подход применён к обнаружению заторов и к генерации, но не как голова детектора. Единственный механизм, чей score не зависит от обученного генератора, то есть структурно невосприимчив к циркулярности оценки.",153068,152.0,True,40,48.565191499998036,0.17513318996464225,0.01541094658896327,True,False,0.21212577074766162,validation,0.25,0.0020898641588296763,3,0.07142857142857142,14,1,19.0,19.0,19.0,0.0,0.029687067719385278,0.08602150537634409,0.36735894601664376,0.3139784946236559,0.5803190144238798,0.7382690302398331,0.45462555066079297,0.05922815203666687,0.017937219730941704,41.1584984358707,1.1700130814913654,0.49851854652504846
ctrl_random,Случайный score (контроль),control,Протокольный контроль,,,,,none,random,fold3,0,fold3|s0,"Случайный score. Kim et al. (2021): при point-adjustment он выходит на уровень SOTA. Если здесь он попадает в верхнюю половину по основной метрике — метрика выбрана неверно и остальная таблица недействительна. Ожидается AP≈prevalence, padf≈0.",0,,True,0,7.00005330145359e-07,0.0024605734777840447,,False,False,3.131225466728211,validation,0.25,0.002533783783783784,3,0.14285714285714285,7,1,-4.0,-4.0,-4.0,1.0,0.14285714285714285,0.12903225806451613,0.1405825027781513,0.15125448028673835,0.46638033175355453,0.8172484599589322,0.2092511013215859,2.6953251361846924,0.14220183486238533,5.747102073259588,0.9294435610214268,
ctrl_untrained,GCN+GRU (фикс. граф) + Реконструкция [необучен],control,Протокольный контроль,gcn_gru,recon,GCN+GRU (фикс. граф),Реконструкция,reconstruction,,fold3,0,fold3|s0,Та же архитектура со случайными весами. У Kim et al. необученная модель оказалась сравнима с опубликованными методами даже без PA. Разность «обученная − эта» — измеренный вклад обучения.,144516,144.0,True,0,3.9999576983973384e-07,0.18789677419215708,,True,False,18.80792331695557,validation,0.25,0.030405405405405407,3,0.14285714285714285,7,1,15.0,15.0,15.0,0.0,0.07142857142857142,1.5483870967741935,0.2963155735439771,0.15125448028673835,0.7486750672473422,0.5627009646302251,0.4136460554371002,11.050477027893066,0.06201550387596899,9.07355305466238,1.95905319949691,
base_pca,PCA (линейная граница),control,Протокольный контроль,,,,,none,pca,fold3,0,fold3|s0,Линейная нижняя граница. Sehili et al. (2023): PCA превосходит многие DL-подходы; Alves et al. (2026) подтвердили на SMD без point-adjustment. Если ST-GNN не отрывается от PCA значимо — это и есть результат.,1204224,,True,0,1.0351515999936964,0.0823971326170843,,False,False,6.918563604354864,validation,0.25,0.04814189189189189,3,0.2857142857142857,7,2,-4.5,-4.5,3.9000000000000004,0.5,0.25112261189359986,2.4516129032258065,0.31400693043340167,0.15125448028673835,0.7912730562315871,0.7042889390519187,0.4789915966386555,0.9330224990844727,0.13240418118466898,5.31923488178686,2.076017383671068,
base_california,California алгоритм (AID),baseline,Бейзлайн,,,,,none,california,fold3,0,fold3|s0,"Канонический AID-алгоритм по пространственным разностям занятости. Обязателен для транспортного журнала: без него работа читается как ML-статья про трафик, а не как вклад в автоматическое обнаружение инцидентов.",3,,True,0,0.038149300002260134,0.00996738351488446,,True,False,0.5206284224987157,validation,0.25,0.0033783783783783786,3,0.0,7,0,,,,0.0,0.0,0.17204301075268819,0.22022767468161186,0.15125448028673835,0.638899785448956,0.821917808219178,0.312,-0.2773476839065552,0.05333333333333334,15.410958904109588,1.4560076122315098,
base_snd,Standard Normal Deviate (AID),baseline,Бейзлайн,,,,,none,snd,fold3,0,fold3|s0,"Standard Normal Deviate — классический статистический контроль на детекторе. Вторая доменная точка отсчёта, не использующая пространственную структуру вообще.",3,,True,0,0.10534779999579769,0.03274903225559761,,False,False,3.114544510841379,validation,0.25,0.002533783783783784,3,0.0,7,0,,,,0.0,0.0,0.12903225806451613,0.21094246674215855,0.15125448028673835,0.6277779556807993,0.627906976744186,0.3039647577092511,1.4019187688827515,0.16286644951140064,3.8553488372093025,1.3946196260915222,
base_iforest,Isolation Forest,baseline,Бейзлайн,,,,,none,iforest,fold3,0,fold3|s0,"Adaptive Isolation Forest даёт 71–100% detection rate на реальных городских событиях (J. Intelligent Transportation Systems, 2025). Включён как сильный неглубокий конкурент, а не для контраста.",150,,True,0,0.9729383000012604,1.471076487451099,,False,False,0.7148932516574862,validation,0.25,0.028716216216216218,3,0.2857142857142857,7,2,9.5,9.5,15.5,0.0,0.19536910469104646,1.4623655913978495,0.38195213335225353,0.15125448028673835,0.7833915076213654,0.7352941176470589,0.4555256064690027,0.6467821002006531,0.22297297297297297,3.2976827094474155,2.5252285593667945,
deep_transformer_contrastive,Transformer (без графа) + Контрастив,non_graph,Без графа,transformer,contrastive,Transformer (без графа),Контрастив,representation-discrepancy,,fold3,0,fold3|s0,"TransDe-подобная связка: мультимасштабный контрастив поверх внимания, без графа. Лидирует на четырёх MTSAD-бенчмарках из пяти. Если обходит графовые модели — физический prior коридора не нужен.",159840,96.0,True,40,114.44025529999635,0.1558724731195628,4.018825062043366e-05,False,False,0.0011237188591621823,validation,0.25,0.030405405405405407,3,0.14285714285714285,7,1,10.0,10.0,10.0,0.0,0.08999436070677666,1.5483870967741935,0.2275177669377387,0.15125448028673835,0.6523192327398488,0.5427350427350427,0.33480176211453744,0.00030854661599732935,0.11307420494699646,4.799813034188034,1.5042051416025852,
cand_gcngru_recon,GCN+GRU (фикс. граф) + Реконструкция,candidate,Кандидат,gcn_gru,recon,GCN+GRU (фикс. граф),Реконструкция,reconstruction,,fold3,0,fold3|s0,"РЕФЕРЕНС. Бенчмарк FT-AED (Coursey et al., 2024): unsupervised графовые автоэнкодеры — лучшее семейство на этих данных, а игнорирование пространственных связей ухудшает качество. Все остальные кандидаты сравниваются с этой точкой.",144516,144.0,True,40,59.36249260000477,0.182714480287095,0.10802107144679342,True,False,1.7714197039604191,validation,0.25,0.052364864864864864,3,0.2857142857142857,7,2,11.5,11.5,18.3,0.0,0.18105726089831056,2.6666666666666665,0.26510518155885193,0.15125448028673835,0.7274401178429615,0.539291217257319,0.4339080459770115,0.6293942928314209,0.1568627450980392,3.4379815100154087,1.752709612675822,
cand_gatlstm_recon,GAT+LSTM (обуч. внимание) + Реконструкция,candidate,Кандидат,gat_lstm,recon,GAT+LSTM (обуч. внимание),Реконструкция,reconstruction,,fold3,0,fold3|s0,"Обучаемое внимание вместо фиксированного графа при той же голове. В работе «Toward explainable automatic incident detection» (2025) GAT+LSTM — лучшая пара пространственного и временного модуля. Проверяет, размывает ли фиксированное сглаживание сам сигнал аномалии.",152728,160.0,True,40,126.79284229999757,0.5284598566308838,0.1607396693101951,True,False,2.723577857017519,validation,0.25,0.04307432432432432,3,0.14285714285714285,7,1,5.0,5.0,5.0,0.0,0.11338578942629997,2.193548387096774,0.26959652775018617,0.15125448028673835,0.7471339823235558,0.6326836581709145,0.4073455759599332,1.3606789112091064,0.136986301369863,4.618590704647676,1.7824035839408043,
cand_gcngru_bigan,GCN+GRU (фикс. граф) + Критик BiGAN,candidate,Кандидат,gcn_gru,bigan,GCN+GRU (фикс. граф),Критик BiGAN,discriminator,,fold3,0,fold3|s0,"Тот же энкодер, механизм score — критик. CCB-GraphGAN (Nouri et al., 2026) на FT-AED: −5 мин к задержке при FPR 1%. Одновременно проверяет открытый пробел: при D*=1/2 выход критика не несёт информации об аномалии (см. абляцию cycle vs critic).",150391,120.0,True,15,22.97035859999596,0.09405892473244105,0.6113689882414681,True,False,0.2128448411822319,validation,0.25,0.008445945945945946,3,0.2857142857142857,7,2,-5.0,-5.0,-5.0,1.0,0.2857142857142857,0.43010752688172044,0.17663885761554898,0.15125448028673835,0.579299827078263,0.7634194831013916,0.2709251101321586,0.2118794023990631,0.09621993127147767,7.934109627946605,1.1678256226241273,
cand_hypergraph_flow,Гиперграф+Bi-GLU + Плотность (flow),candidate,Кандидат,hypergraph,flow,Гиперграф+Bi-GLU,Плотность (flow),density,,fold3,0,fold3|s0,"DHMPN-подобная связка: направленный гиперграф + нормализующий поток. Явная плотность вместо эвристики, дешевле трансформеров, заявлено превосходство над SOTA-графами. Единственный кандидат с калиброванным вероятностным score — нужен для safety-валидатора в контуре устранения.",154440,104.0,True,40,42.64715270000306,0.08874308243523249,-317.5944388253348,True,False,-317.5023956298828,validation,0.25,0.026182432432432432,3,0.14285714285714285,7,1,7.0,7.0,7.0,0.0,0.10337637410288415,1.3333333333333333,0.28894997619494256,0.15125448028673835,0.7298398072242859,0.6433823529411765,0.3801242236024845,-317.5813293457031,0.1259259259259259,5.109212802768167,1.9103564776869426,
cand_gcngru_physics,GCN+GRU (фикс. граф) + Невязка LWR,candidate,Кандидат,gcn_gru,physics,GCN+GRU (фикс. граф),Невязка LWR,physical-residual,,fold3,0,fold3|s0,"Невязка закона сохранения LWR как score. НЕЗАНЯТАЯ НИША: physics-informed подход применён к обнаружению заторов и к генерации, но не как голова детектора. Единственный механизм, чей score не зависит от обученного генератора, то есть структурно невосприимчив к циркулярности оценки.",153068,152.0,True,40,63.01748260000022,0.18351763441172297,0.0092532964689391,True,False,0.12535654753446582,validation,0.25,0.019425675675675675,3,0.2857142857142857,7,2,14.0,14.0,14.8,0.0,0.1497732128353304,0.989247311827957,0.2649197643286568,0.15125448028673835,0.7275521967465095,0.6972111553784861,0.39575033200531207,0.03705768287181854,0.138996138996139,5.016046923417441,1.7514837499453852,0.49854028458081173
ctrl_random,Случайный score (контроль),control,Протокольный контроль,,,,,none,random,fold3,1,fold3|s1,"Случайный score. Kim et al. (2021): при point-adjustment он выходит на уровень SOTA. Если здесь он попадает в верхнюю половину по основной метрике — метрика выбрана неверно и остальная таблица недействительна. Ожидается AP≈prevalence, padf≈0.",0,,True,0,5.00003807246685e-07,0.0023272401410385324,,False,False,3.016839861869813,validation,0.25,0.018581081081081082,3,0.14285714285714285,7,1,-12.0,-12.0,-12.0,1.0,0.14285714285714285,0.946236559139785,0.1556920392530195,0.15125448028673835,0.5009046368643525,0.7860262008733624,0.24604966139954854,2.700916290283203,0.17810760667903525,4.413209606986899,1.0293383637818114,
ctrl_untrained,GCN+GRU (фикс. граф) + Реконструкция [необучен],control,Протокольный контроль,gcn_gru,recon,GCN+GRU (фикс. граф),Реконструкция,reconstruction,,fold3,1,fold3|s1,Та же архитектура со случайными весами. У Kim et al. необученная модель оказалась сравнима с опубликованными методами даже без PA. Разность «обученная − эта» — измеренный вклад обучения.,144516,144.0,True,0,3.00002284348011e-07,0.18396709677300124,,True,False,18.943900108337402,validation,0.25,0.02956081081081081,3,0.14285714285714285,7,1,15.0,15.0,15.0,0.0,0.07142857142857142,1.5053763440860215,0.29912374907519734,0.15125448028673835,0.7487311066991162,0.56,0.4152542372881356,10.953189849853516,0.0622568093385214,8.995000000000001,1.9776190993360203,
base_pca,PCA (линейная граница),control,Протокольный контроль,,,,,none,pca,fold3,1,fold3|s1,Линейная нижняя граница. Sehili et al. (2023): PCA превосходит многие DL-подходы; Alves et al. (2026) подтвердили на SMD без point-adjustment. Если ST-GNN не отрывается от PCA значимо — это и есть результат.,1204224,,True,0,1.0569708999973955,0.08758637992795357,,False,False,6.918563604354864,validation,0.25,0.04814189189189189,3,0.2857142857142857,7,2,-4.5,-4.5,3.9000000000000004,0.5,0.25112261189359986,2.4516129032258065,0.31400693043340167,0.15125448028673835,0.7912730562315871,0.7042889390519187,0.4789915966386555,0.9330224990844727,0.13240418118466898,5.31923488178686,2.076017383671068,
base_california,California алгоритм (AID),baseline,Бейзлайн,,,,,none,california,fold3,1,fold3|s1,"Канонический AID-алгоритм по пространственным разностям занятости. Обязателен для транспортного журнала: без него работа читается как ML-статья про трафик, а не как вклад в автоматическое обнаружение инцидентов.",3,,True,0,0.03860790000180714,0.00952315412142137,,True,False,0.5206284224987157,validation,0.25,0.0033783783783783786,3,0.0,7,0,,,,0.0,0.0,0.17204301075268819,0.22022767468161186,0.15125448028673835,0.638899785448956,0.821917808219178,0.312,-0.2773476839065552,0.05333333333333334,15.410958904109588,1.4560076122315098,
base_snd,Standard Normal Deviate (AID),baseline,Бейзлайн,,,,,none,snd,fold3,1,fold3|s1,"Standard Normal Deviate — классический статистический контроль на детекторе. Вторая доменная точка отсчёта, не использующая пространственную структуру вообще.",3,,True,0,0.10607200000231387,0.03291878135859012,,False,False,3.114544510841379,validation,0.25,0.002533783783783784,3,0.0,7,0,,,,0.0,0.0,0.12903225806451613,0.21094246674215855,0.15125448028673835,0.6277779556807993,0.627906976744186,0.3039647577092511,1.4019187688827515,0.16286644951140064,3.8553488372093025,1.3946196260915222,
base_iforest,Isolation Forest,baseline,Бейзлайн,,,,,none,iforest,fold3,1,fold3|s1,"Adaptive Isolation Forest даёт 71–100% detection rate на реальных городских событиях (J. Intelligent Transportation Systems, 2025). Включён как сильный неглубокий конкурент, а не для контраста.",150,,True,0,0.970146300001943,1.4984998566296293,,False,False,0.7163324654102328,validation,0.25,0.015202702702702704,3,0.14285714285714285,7,1,2.0,2.0,2.0,0.0,0.13024606979403097,0.7741935483870968,0.3780855585483621,0.15125448028673835,0.7837117330600742,0.7526881720430108,0.4433811802232855,0.6614153385162354,0.1947565543071161,3.864764267990074,2.499665185663342,
deep_transformer_contrastive,Transformer (без графа) + Контрастив,non_graph,Без графа,transformer,contrastive,Transformer (без графа),Контрастив,representation-discrepancy,,fold3,1,fold3|s1,"TransDe-подобная связка: мультимасштабный контрастив поверх внимания, без графа. Лидирует на четырёх MTSAD-бенчмарках из пяти. Если обходит графовые модели — физический prior коридора не нужен.",159840,96.0,True,40,121.51731110000401,0.16890810035865114,4.053759766975418e-05,False,False,0.0012706748093478386,validation,0.25,0.04054054054054054,3,0.14285714285714285,7,1,7.0,7.0,7.0,0.0,0.10337637410288415,2.064516129032258,0.24516445248680654,0.15125448028673835,0.6856547009094403,0.6294964028776978,0.34491634491634493,0.0003736879152711481,0.12631578947368421,4.983513189448441,1.620873986820356,
cand_gcngru_recon,GCN+GRU (фикс. граф) + Реконструкция,candidate,Кандидат,gcn_gru,recon,GCN+GRU (фикс. граф),Реконструкция,reconstruction,,fold3,1,fold3|s1,"РЕФЕРЕНС. Бенчмарк FT-AED (Coursey et al., 2024): unsupervised графовые автоэнкодеры — лучшее семейство на этих данных, а игнорирование пространственных связей ухудшает качество. Все остальные кандидаты сравниваются с этой точкой.",144516,144.0,True,40,61.97326800000155,0.1877805017920438,0.10628558775143963,True,False,1.6528285145759591,validation,0.25,0.05320945945945946,3,0.2857142857142857,7,2,10.5,10.5,16.5,0.0,0.1865465492777409,2.7096774193548385,0.266788004650496,0.15125448028673835,0.7294135071090047,0.5185185185185185,0.4418938307030129,0.596670389175415,0.17665615141955837,2.9351851851851847,1.7638353861964073,
cand_gatlstm_recon,GAT+LSTM (обуч. внимание) + Реконструкция,candidate,Кандидат,gat_lstm,recon,GAT+LSTM (обуч. внимание),Реконструкция,reconstruction,,fold3,1,fold3|s1,"Обучаемое внимание вместо фиксированного графа при той же голове. В работе «Toward explainable automatic incident detection» (2025) GAT+LSTM — лучшая пара пространственного и временного модуля. Проверяет, размывает ли фиксированное сглаживание сам сигнал аномалии.",152728,160.0,True,40,128.74276480000117,0.5227529032278546,0.1596133623804365,True,False,3.427317500114441,validation,0.25,0.033783783783783786,3,0.14285714285714285,7,1,6.0,6.0,6.0,0.0,0.108265469036457,1.7204301075268817,0.2739708322294956,0.15125448028673835,0.7540548546176508,0.5417201540436457,0.428246013667426,0.8323544263839722,0.12454212454212454,4.349694178056332,1.811323748626286,
cand_gcngru_bigan,GCN+GRU (фикс. граф) + Критик BiGAN,candidate,Кандидат,gcn_gru,bigan,GCN+GRU (фикс. граф),Критик BiGAN,discriminator,,fold3,1,fold3|s1,"Тот же энкодер, механизм score — критик. CCB-GraphGAN (Nouri et al., 2026) на FT-AED: −5 мин к задержке при FPR 1%. Одновременно проверяет открытый пробел: при D*=1/2 выход критика не несёт информации об аномалии (см. абляцию cycle vs critic).",150391,120.0,True,15,23.14342939999915,0.09266817204234454,1.2017978600093298,True,False,0.10801377519965172,validation,0.25,0.0016891891891891893,3,0.2857142857142857,7,2,12.0,12.0,14.4,0.0,0.16567913648377816,0.08602150537634409,0.2160339760982818,0.15125448028673835,0.4999439605482259,0.5967213114754099,0.2391304347826087,0.1074119508266449,0.12658227848101267,4.714098360655737,1.4282815007445644,
cand_hypergraph_flow,Гиперграф+Bi-GLU + Плотность (flow),candidate,Кандидат,hypergraph,flow,Гиперграф+Bi-GLU,Плотность (flow),density,,fold3,1,fold3|s1,"DHMPN-подобная связка: направленный гиперграф + нормализующий поток. Явная плотность вместо эвристики, дешевле трансформеров, заявлено превосходство над SOTA-графами. Единственный кандидат с калиброванным вероятностным score — нужен для safety-валидатора в контуре устранения.",154440,104.0,True,40,42.75787159999891,0.08882616487403457,-316.9182782854353,True,False,-316.8294525146484,validation,0.25,0.028716216216216218,3,0.14285714285714285,7,1,4.0,4.0,4.0,0.0,0.11874827087754111,1.4623655913978495,0.24533949515767745,0.15125448028673835,0.6794423273984886,0.5942857142857143,0.3673469387755102,-316.9040222167969,0.14035087719298245,4.234285714285715,1.622031259454787,
cand_gcngru_physics,GCN+GRU (фикс. граф) + Невязка LWR,candidate,Кандидат,gcn_gru,physics,GCN+GRU (фикс. граф),Невязка LWR,physical-residual,,fold3,1,fold3|s1,"Невязка закона сохранения LWR как score. НЕЗАНЯТАЯ НИША: physics-informed подход применён к обнаружению заторов и к генерации, но не как голова детектора. Единственный механизм, чей score не зависит от обученного генератора, то есть структурно невосприимчив к циркулярности оценки.",153068,152.0,True,40,62.87769880000269,0.1824210752673801,0.00899709016084671,True,False,0.15479289740324031,validation,0.25,0.019425675675675675,3,0.2857142857142857,7,2,17.0,17.0,18.6,0.0,0.130802706867342,0.989247311827957,0.25234197076908094,0.15125448028673835,0.7064973741514027,0.6398537477148081,0.37546933667083854,0.03334345668554306,0.11450381679389313,5.588056063375991,1.6683272475017437,0.4987257748655607
ctrl_random,Случайный score (контроль),control,Протокольный контроль,,,,,none,random,fold3,2,fold3|s2,"Случайный score. Kim et al. (2021): при point-adjustment он выходит на уровень SOTA. Если здесь он попадает в верхнюю половину по основной метрике — метрика выбрана неверно и остальная таблица недействительна. Ожидается AP≈prevalence, padf≈0.",0,,True,0,3.9999576983973384e-07,0.002092114696863331,,False,False,3.1472424268722548,validation,0.25,0.004222972972972973,3,0.2857142857142857,7,2,-4.0,-4.0,-0.7999999999999998,0.5,0.2857142857142857,0.21505376344086022,0.1429618933644405,0.15125448028673835,0.46449100166517227,0.9066059225512528,0.2092511013215859,2.7077298164367676,0.14457831325301204,6.270690964312832,0.9451746030492632,
ctrl_untrained,GCN+GRU (фикс. граф) + Реконструкция [необучен],control,Протокольный контроль,gcn_gru,recon,GCN+GRU (фикс. граф),Реконструкция,reconstruction,,fold3,2,fold3|s2,Та же архитектура со случайными весами. У Kim et al. необученная модель оказалась сравнима с опубликованными методами даже без PA. Разность «обученная − эта» — измеренный вклад обучения.,144516,144.0,True,0,2.00001522898674e-07,0.19399340501398107,,True,False,18.937399864196784,validation,0.25,0.030405405405405407,3,0.14285714285714285,7,1,15.0,15.0,15.0,0.0,0.07142857142857142,1.5483870967741935,0.29895799165789283,0.15125448028673835,0.74833082490073,0.5608974358974359,0.41379310344827586,11.222200393676758,0.06201550387596899,9.044471153846153,1.9765232149893863,
base_pca,PCA (линейная граница),control,Протокольный контроль,,,,,none,pca,fold3,2,fold3|s2,Линейная нижняя граница. Sehili et al. (2023): PCA превосходит многие DL-подходы; Alves et al. (2026) подтвердили на SMD без point-adjustment. Если ST-GNN не отрывается от PCA значимо — это и есть результат.,1204224,,True,0,1.1375268999981927,0.08974587813409472,,False,False,6.918563604354864,validation,0.25,0.04814189189189189,3,0.2857142857142857,7,2,-4.5,-4.5,3.9000000000000004,0.5,0.25112261189359986,2.4516129032258065,0.31400693043340167,0.15125448028673835,0.7912730562315871,0.7042889390519187,0.4789915966386555,0.9330224990844727,0.13240418118466898,5.31923488178686,2.076017383671068,
base_california,California алгоритм (AID),baseline,Бейзлайн,,,,,none,california,fold3,2,fold3|s2,"Канонический AID-алгоритм по пространственным разностям занятости. Обязателен для транспортного журнала: без него работа читается как ML-статья про трафик, а не как вклад в автоматическое обнаружение инцидентов.",3,,True,0,0.0389869999999064,0.008521863794718672,,True,False,0.5206284224987157,validation,0.25,0.0033783783783783786,3,0.0,7,0,,,,0.0,0.0,0.17204301075268819,0.22022767468161186,0.15125448028673835,0.638899785448956,0.821917808219178,0.312,-0.2773476839065552,0.05333333333333334,15.410958904109588,1.4560076122315098,
base_snd,Standard Normal Deviate (AID),baseline,Бейзлайн,,,,,none,snd,fold3,2,fold3|s2,"Standard Normal Deviate — классический статистический контроль на детекторе. Вторая доменная точка отсчёта, не использующая пространственную структуру вообще.",3,,True,0,0.10042270000121789,0.033599426518202725,,False,False,3.114544510841379,validation,0.25,0.002533783783783784,3,0.0,7,0,,,,0.0,0.0,0.12903225806451613,0.21094246674215855,0.15125448028673835,0.6277779556807993,0.627906976744186,0.3039647577092511,1.4019187688827515,0.16286644951140064,3.8553488372093025,1.3946196260915222,
base_iforest,Isolation Forest,baseline,Бейзлайн,,,,,none,iforest,fold3,2,fold3|s2,"Adaptive Isolation Forest даёт 71–100% detection rate на реальных городских событиях (J. Intelligent Transportation Systems, 2025). Включён как сильный неглубокий конкурент, а не для контраста.",150,,True,0,0.9147192000018549,1.469510537634794,,False,False,0.7176875174045565,validation,0.25,0.022804054054054054,3,0.2857142857142857,7,2,8.0,8.0,13.6,0.0,0.2078345148443452,1.1612903225806452,0.3773062470283881,0.15125448028673835,0.7750296208530805,0.7709251101321586,0.435506241331484,0.6534579396247864,0.22602739726027396,3.4107595781604596,2.4945128654246513,
deep_transformer_contrastive,Transformer (без графа) + Контрастив,non_graph,Без графа,transformer,contrastive,Transformer (без графа),Контрастив,representation-discrepancy,,fold3,2,fold3|s2,"TransDe-подобная связка: мультимасштабный контрастив поверх внимания, без графа. Лидирует на четырёх MTSAD-бенчмарках из пяти. Если обходит графовые модели — физический prior коридора не нужен.",159840,96.0,True,40,110.18611059999967,0.14701476702416535,4.3516697717547815e-05,False,False,0.0019767828052863496,validation,0.25,0.04560810810810811,3,0.14285714285714285,7,1,7.0,7.0,7.0,0.0,0.10337637410288415,2.3225806451612905,0.24066506465723925,0.15125448028673835,0.6766723773536569,0.49029982363315694,0.3370044052863436,0.00033939839340746403,0.13745704467353953,3.5669312169312164,1.5911268492741646,
cand_gcngru_recon,GCN+GRU (фикс. граф) + Реконструкция,candidate,Кандидат,gcn_gru,recon,GCN+GRU (фикс. граф),Реконструкция,reconstruction,,fold3,2,fold3|s2,"РЕФЕРЕНС. Бенчмарк FT-AED (Coursey et al., 2024): unsupervised графовые автоэнкодеры — лучшее семейство на этих данных, а игнорирование пространственных связей ухудшает качество. Все остальные кандидаты сравниваются с этой точкой.",144516,144.0,True,40,57.59494939999422,0.16905268817271296,0.10649272240698338,True,False,1.6837162375450143,validation,0.25,0.05405405405405406,3,0.2857142857142857,7,2,11.5,11.5,18.3,0.0,0.18105726089831056,2.752688172043011,0.26589111529420933,0.15125448028673835,0.7280765659023952,0.5206073752711496,0.43377001455604075,0.6280860900878906,0.16560509554140126,3.1436676122142497,1.75790571485982,
cand_gatlstm_recon,GAT+LSTM (обуч. внимание) + Реконструкция,candidate,Кандидат,gat_lstm,recon,GAT+LSTM (обуч. внимание),Реконструкция,reconstruction,,fold3,2,fold3|s2,"Обучаемое внимание вместо фиксированного графа при той же голове. В работе «Toward explainable automatic incident detection» (2025) GAT+LSTM — лучшая пара пространственного и временного модуля. Проверяет, размывает ли фиксированное сглаживание сам сигнал аномалии.",152728,160.0,True,40,115.36635270000261,0.4593665232985384,0.16457335544484003,True,False,3.325378298759462,validation,0.25,0.033783783783783786,3,0.14285714285714285,7,1,6.0,6.0,6.0,0.0,0.108265469036457,1.7204301075268817,0.2699173506704834,0.15125448028673835,0.7422705584731651,0.5582010582010583,0.41629955947136565,0.8808934688568115,0.125,4.465608465608466,1.7845246643854233,
cand_gcngru_bigan,GCN+GRU (фикс. граф) + Критик BiGAN,candidate,Кандидат,gcn_gru,bigan,GCN+GRU (фикс. граф),Критик BiGAN,discriminator,,fold3,2,fold3|s2,"Тот же энкодер, механизм score — критик. CCB-GraphGAN (Nouri et al., 2026) на FT-AED: −5 мин к задержке при FPR 1%. Одновременно проверяет открытый пробел: при D*=1/2 выход критика не несёт информации об аномалии (см. абляцию cycle vs critic).",150391,120.0,True,14,19.54051520000212,0.08407204300724304,0.720447668007442,True,False,0.4654586464166642,validation,0.25,0.024493243243243243,3,0.14285714285714285,7,1,5.0,5.0,5.0,0.0,0.11338578942629997,1.2473118279569892,0.2060165299404931,0.15125448028673835,0.4689761592160881,0.5936599423631124,0.21656050955414013,0.46499863266944885,0.17843866171003717,3.3269692603266092,1.3620524135876202,
cand_hypergraph_flow,Гиперграф+Bi-GLU + Плотность (flow),candidate,Кандидат,hypergraph,flow,Гиперграф+Bi-GLU,Плотность (flow),density,,fold3,2,fold3|s2,"DHMPN-подобная связка: направленный гиперграф + нормализующий поток. Явная плотность вместо эвристики, дешевле трансформеров, заявлено превосходство над SOTA-графами. Единственный кандидат с калиброванным вероятностным score — нужен для safety-валидатора в контуре устранения.",154440,104.0,True,40,41.35252069999842,0.08187225806371619,-316.9136047363281,True,False,-316.76091003417963,validation,0.25,0.022804054054054054,3,0.14285714285714285,7,1,7.0,7.0,7.0,0.0,0.10337637410288415,1.1612903225806452,0.3012097258566618,0.15125448028673835,0.7422985781990521,0.708502024291498,0.3837837837837838,-316.8943176269531,0.12260536398467432,5.778719635627531,1.9914102728438066,
cand_gcngru_physics,GCN+GRU (фикс. граф) + Невязка LWR,candidate,Кандидат,gcn_gru,physics,GCN+GRU (фикс. граф),Невязка LWR,physical-residual,,fold3,2,fold3|s2,"Невязка закона сохранения LWR как score. НЕЗАНЯТАЯ НИША: physics-informed подход применён к обнаружению заторов и к генерации, но не как голова детектора. Единственный механизм, чей score не зависит от обученного генератора, то есть структурно невосприимчив к циркулярности оценки.",153068,152.0,True,40,61.63050630000362,0.17138917562818842,0.008545496501028538,True,False,0.135738603770733,validation,0.25,0.015202702702702704,3,0.14285714285714285,7,1,18.0,18.0,18.0,0.0,0.06218218309258029,0.7741935483870968,0.25194686653097903,0.15125448028673835,0.7142908607659794,0.6529850746268657,0.39245283018867927,0.031388234347105026,0.0967741935483871,6.747512437810946,1.665715065453629,0.4976401776129507
ctrl_random,Случайный score (контроль),control,Протокольный контроль,,,,,none,random,fold3,3,fold3|s3,"Случайный score. Kim et al. (2021): при point-adjustment он выходит на уровень SOTA. Если здесь он попадает в верхнюю половину по основной метрике — метрика выбрана неверно и остальная таблица недействительна. Ожидается AP≈prevalence, padf≈0.",0,,True,0,5.00003807246685e-07,0.002279498207125826,,False,False,3.1859434843063372,validation,0.25,0.002533783783783784,3,0.0,7,0,,,,0.0,0.0,0.12903225806451613,0.15367195149542462,0.15125448028673835,0.4981667093633918,0.816247582205029,0.23016759776536314,2.688718318939209,0.13297872340425532,6.138181818181819,1.0159828072801769,
ctrl_untrained,GCN+GRU (фикс. граф) + Реконструкция [необучен],control,Протокольный контроль,gcn_gru,recon,GCN+GRU (фикс. граф),Реконструкция,reconstruction,,fold3,3,fold3|s3,Та же архитектура со случайными весами. У Kim et al. необученная модель оказалась сравнима с опубликованными методами даже без PA. Разность «обученная − эта» — измеренный вклад обучения.,144516,144.0,True,0,4.00003045797348e-07,0.17150537634316806,,True,False,18.76157093048096,validation,0.25,0.03125,3,0.14285714285714285,7,1,15.0,15.0,15.0,0.0,0.07142857142857142,1.5913978494623655,0.2970324485869508,0.15125448028673835,0.7489232419623414,0.5627009646302251,0.4155844155844156,11.225522994995117,0.06153846153846154,9.143890675241158,1.9637927288094617,
base_pca,PCA (линейная граница),control,Протокольный контроль,,,,,none,pca,fold3,3,fold3|s3,Линейная нижняя граница. Sehili et al. (2023): PCA превосходит многие DL-подходы; Alves et al. (2026) подтвердили на SMD без point-adjustment. Если ST-GNN не отрывается от PCA значимо — это и есть результат.,1204224,,True,0,0.9942227999999886,0.08324953404778454,,False,False,6.918563604354864,validation,0.25,0.04814189189189189,3,0.2857142857142857,7,2,-4.5,-4.5,3.9000000000000004,0.5,0.25112261189359986,2.4516129032258065,0.31400693043340167,0.15125448028673835,0.7912730562315871,0.7042889390519187,0.4789915966386555,0.9330224990844727,0.13240418118466898,5.31923488178686,2.076017383671068,
base_california,California алгоритм (AID),baseline,Бейзлайн,,,,,none,california,fold3,3,fold3|s3,"Канонический AID-алгоритм по пространственным разностям занятости. Обязателен для транспортного журнала: без него работа читается как ML-статья про трафик, а не как вклад в автоматическое обнаружение инцидентов.",3,,True,0,0.036508800003502984,0.008400430106708118,,True,False,0.5206284224987157,validation,0.25,0.0033783783783783786,3,0.0,7,0,,,,0.0,0.0,0.17204301075268819,0.22022767468161186,0.15125448028673835,0.638899785448956,0.821917808219178,0.312,-0.2773476839065552,0.05333333333333334,15.410958904109588,1.4560076122315098,
base_snd,Standard Normal Deviate (AID),baseline,Бейзлайн,,,,,none,snd,fold3,3,fold3|s3,"Standard Normal Deviate — классический статистический контроль на детекторе. Вторая доменная точка отсчёта, не использующая пространственную структуру вообще.",3,,True,0,0.10401039999851491,0.032625304658957306,,False,False,3.114544510841379,validation,0.25,0.002533783783783784,3,0.0,7,0,,,,0.0,0.0,0.12903225806451613,0.21094246674215855,0.15125448028673835,0.6277779556807993,0.627906976744186,0.3039647577092511,1.4019187688827515,0.16286644951140064,3.8553488372093025,1.3946196260915222,
base_iforest,Isolation Forest,baseline,Бейзлайн,,,,,none,iforest,fold3,3,fold3|s3,"Adaptive Isolation Forest даёт 71–100% detection rate на реальных городских событиях (J. Intelligent Transportation Systems, 2025). Включён как сильный неглубокий конкурент, а не для контраста.",150,,True,0,0.9178953999944497,1.4644826523288683,,False,False,0.717053681612015,validation,0.25,0.02364864864864865,3,0.2857142857142857,7,2,-1.0,-1.0,1.4000000000000001,0.5,0.2731032126511738,1.2043010752688172,0.3905569827229846,0.15125448028673835,0.7862415140258743,0.7777777777777778,0.4459279038718291,0.6470651030540466,0.20938628158844766,3.71455938697318,2.582118440277552,
deep_transformer_contrastive,Transformer (без графа) + Контрастив,non_graph,Без графа,transformer,contrastive,Transformer (без графа),Контрастив,representation-discrepancy,,fold3,3,fold3|s3,"TransDe-подобная связка: мультимасштабный контрастив поверх внимания, без графа. Лидирует на четырёх MTSAD-бенчмарках из пяти. Если обходит графовые модели — физический prior коридора не нужен.",159840,96.0,True,40,113.96691719999944,0.15555913978394814,3.060173120112657e-05,False,False,0.0010088969138450934,validation,0.25,0.057432432432432436,3,0.14285714285714285,7,1,7.0,7.0,7.0,0.0,0.10337637410288415,2.924731182795699,0.2271838754649125,0.15125448028673835,0.6568624311515308,0.5139500734214391,0.33480176211453744,0.000265290291281417,0.12140575079872204,4.233325604760801,1.501997660064232,
cand_gcngru_recon,GCN+GRU (фикс. граф) + Реконструкция,candidate,Кандидат,gcn_gru,recon,GCN+GRU (фикс. граф),Реконструкция,reconstruction,,fold3,3,fold3|s3,"РЕФЕРЕНС. Бенчмарк FT-AED (Coursey et al., 2024): unsupervised графовые автоэнкодеры — лучшее семейство на этих данных, а игнорирование пространственных связей ухудшает качество. Все остальные кандидаты сравниваются с этой точкой.",144516,144.0,True,40,57.13264320000599,0.16963060931815835,0.11066010221838951,True,False,1.7479413151741048,validation,0.25,0.05320945945945946,3,0.2857142857142857,7,2,11.5,11.5,18.3,0.0,0.18105726089831056,2.7096774193548385,0.26201688002783957,0.15125448028673835,0.7264914499807865,0.546875,0.42565597667638483,0.6417294144630432,0.1498371335504886,3.649796195652174,1.7322916949707876,
cand_gatlstm_recon,GAT+LSTM (обуч. внимание) + Реконструкция,candidate,Кандидат,gat_lstm,recon,GAT+LSTM (обуч. внимание),Реконструкция,reconstruction,,fold3,3,fold3|s3,"Обучаемое внимание вместо фиксированного графа при той же голове. В работе «Toward explainable automatic incident detection» (2025) GAT+LSTM — лучшая пара пространственного и временного модуля. Проверяет, размывает ли фиксированное сглаживание сам сигнал аномалии.",152728,160.0,True,40,116.55326670000068,0.4655055197161926,0.1642433660370963,True,False,2.886614441871645,validation,0.25,0.04054054054054054,3,0.14285714285714285,7,1,5.0,5.0,5.0,0.0,0.11338578942629997,2.064516129032258,0.2704193464087111,0.15125448028673835,0.7446882605354169,0.5864978902953587,0.4252336448598131,0.9075452089309692,0.1310344827586207,4.475904952254053,1.7878435461618578,
cand_gcngru_bigan,GCN+GRU (фикс. граф) + Критик BiGAN,candidate,Кандидат,gcn_gru,bigan,GCN+GRU (фикс. граф),Критик BiGAN,discriminator,,fold3,3,fold3|s3,"Тот же энкодер, механизм score — критик. CCB-GraphGAN (Nouri et al., 2026) на FT-AED: −5 мин к задержке при FPR 1%. Одновременно проверяет открытый пробел: при D*=1/2 выход критика не несёт информации об аномалии (см. абляцию cycle vs critic).",150391,120.0,True,16,22.85826029999589,0.08434437275935118,0.4612603187561035,True,False,0.23240629583597186,validation,0.25,0.022804054054054054,3,0.14285714285714285,7,1,4.0,4.0,4.0,0.0,0.11874827087754111,1.1612903225806452,0.22815522167719032,0.15125448028673835,0.595044911617779,0.6024096385542169,0.30176211453744495,0.23056861758232117,0.16312056737588654,3.6930330015715036,1.508419593552988,
cand_hypergraph_flow,Гиперграф+Bi-GLU + Плотность (flow),candidate,Кандидат,hypergraph,flow,Гиперграф+Bi-GLU,Плотность (flow),density,,fold3,3,fold3|s3,"DHMPN-подобная связка: направленный гиперграф + нормализующий поток. Явная плотность вместо эвристики, дешевле трансформеров, заявлено превосходство над SOTA-графами. Единственный кандидат с калиброванным вероятностным score — нужен для safety-валидатора в контуре устранения.",154440,104.0,True,40,41.261629400003585,0.07906157705840224,-316.23316737583707,True,False,-316.17655944824213,validation,0.25,0.028716216216216218,3,0.14285714285714285,7,1,7.0,7.0,7.0,0.0,0.10337637410288415,1.4623655913978495,0.2957660364739929,0.15125448028673835,0.7515110637889074,0.704225352112676,0.41724137931034483,-316.22174072265625,0.12546125461254612,5.613090306545153,1.9554200041763987,
cand_gcngru_physics,GCN+GRU (фикс. граф) + Невязка LWR,candidate,Кандидат,gcn_gru,physics,GCN+GRU (фикс. граф),Невязка LWR,physical-residual,,fold3,3,fold3|s3,"Невязка закона сохранения LWR как score. НЕЗАНЯТАЯ НИША: physics-informed подход применён к обнаружению заторов и к генерации, но не как голова детектора. Единственный механизм, чей score не зависит от обученного генератора, то есть структурно невосприимчив к циркулярности оценки.",153068,152.0,True,40,61.68726180000522,0.17464473118273688,0.008913361068282808,True,False,0.12914036959409725,validation,0.25,0.018581081081081082,3,0.2857142857142857,7,2,15.0,15.0,17.4,0.0,0.1442320655923685,0.946236559139785,0.2573124775346836,0.15125448028673835,0.7226407390803126,0.62882096069869,0.3940149625935162,0.03310249373316765,0.13076923076923078,4.808630875931159,1.701189128724567,0.4982787222387058
ctrl_random,Случайный score (контроль),control,Протокольный контроль,,,,,none,random,fold3,4,fold3|s4,"Случайный score. Kim et al. (2021): при point-adjustment он выходит на уровень SOTA. Если здесь он попадает в верхнюю половину по основной метрике — метрика выбрана неверно и остальная таблица недействительна. Ожидается AP≈prevalence, padf≈0.",0,,True,0,7.999988156370819e-07,0.002166379926814681,,False,False,3.132897257804871,validation,0.25,0.0016891891891891893,3,0.0,7,0,,,,0.0,0.0,0.08602150537634409,0.16224820631461134,0.15125448028673835,0.5156550211348789,0.7962264150943397,0.24321133412042503,2.7356343269348145,0.14988290398126464,5.3123231132075475,1.072683638904658,
ctrl_untrained,GCN+GRU (фикс. граф) + Реконструкция [необучен],control,Протокольный контроль,gcn_gru,recon,GCN+GRU (фикс. граф),Реконструкция,reconstruction,,fold3,4,fold3|s4,Та же архитектура со случайными весами. У Kim et al. необученная модель оказалась сравнима с опубликованными методами даже без PA. Разность «обученная − эта» — измеренный вклад обучения.,144516,144.0,True,0,2.00001522898674e-07,0.17392508960249717,,True,False,18.79093074798584,validation,0.25,0.030405405405405407,3,0.14285714285714285,7,1,15.0,15.0,15.0,0.0,0.07142857142857142,1.5483870967741935,0.2944723215738085,0.15125448028673835,0.7489832842320994,0.5627009646302251,0.41452991452991456,11.003841400146484,0.06201550387596899,9.07355305466238,1.9468667705946106,
base_pca,PCA (линейная граница),control,Протокольный контроль,,,,,none,pca,fold3,4,fold3|s4,Линейная нижняя граница. Sehili et al. (2023): PCA превосходит многие DL-подходы; Alves et al. (2026) подтвердили на SMD без point-adjustment. Если ST-GNN не отрывается от PCA значимо — это и есть результат.,1204224,,True,0,0.9896385999963968,0.08524114695397676,,False,False,6.918563604354864,validation,0.25,0.04814189189189189,3,0.2857142857142857,7,2,-4.5,-4.5,3.9000000000000004,0.5,0.25112261189359986,2.4516129032258065,0.31400693043340167,0.15125448028673835,0.7912730562315871,0.7042889390519187,0.4789915966386555,0.9330224990844727,0.13240418118466898,5.31923488178686,2.076017383671068,
base_california,California алгоритм (AID),baseline,Бейзлайн,,,,,none,california,fold3,4,fold3|s4,"Канонический AID-алгоритм по пространственным разностям занятости. Обязателен для транспортного журнала: без него работа читается как ML-статья про трафик, а не как вклад в автоматическое обнаружение инцидентов.",3,,True,0,0.03652159999910509,0.00877784946674688,,True,False,0.5206284224987157,validation,0.25,0.0033783783783783786,3,0.0,7,0,,,,0.0,0.0,0.17204301075268819,0.22022767468161186,0.15125448028673835,0.638899785448956,0.821917808219178,0.312,-0.2773476839065552,0.05333333333333334,15.410958904109588,1.4560076122315098,
base_snd,Standard Normal Deviate (AID),baseline,Бейзлайн,,,,,none,snd,fold3,4,fold3|s4,"Standard Normal Deviate — классический статистический контроль на детекторе. Вторая доменная точка отсчёта, не использующая пространственную структуру вообще.",3,,True,0,0.10242090000247117,0.03366831541007158,,False,False,3.114544510841379,validation,0.25,0.002533783783783784,3,0.0,7,0,,,,0.0,0.0,0.12903225806451613,0.21094246674215855,0.15125448028673835,0.6277779556807993,0.627906976744186,0.3039647577092511,1.4019187688827515,0.16286644951140064,3.8553488372093025,1.3946196260915222,
base_iforest,Isolation Forest,baseline,Бейзлайн,,,,,none,iforest,fold3,4,fold3|s4,"Adaptive Isolation Forest даёт 71–100% detection rate на реальных городских событиях (J. Intelligent Transportation Systems, 2025). Включён как сильный неглубокий конкурент, а не для контраста.",150,,True,0,0.9039455000020098,1.4327261648762564,,False,False,0.7151829302310946,validation,0.25,0.028716216216216218,3,0.14285714285714285,7,1,2.0,2.0,2.0,0.0,0.13024606979403097,1.4623655913978495,0.35183715200068394,0.15125448028673835,0.7773832778275906,0.7494646680942184,0.448,0.6399896144866943,0.19217081850533807,3.8999920691569514,2.32612714237419,
deep_transformer_contrastive,Transformer (без графа) + Контрастив,non_graph,Без графа,transformer,contrastive,Transformer (без графа),Контрастив,representation-discrepancy,,fold3,4,fold3|s4,"TransDe-подобная связка: мультимасштабный контрастив поверх внимания, без графа. Лидирует на четырёх MTSAD-бенчмарках из пяти. Если обходит графовые модели — физический prior коридора не нужен.",159840,96.0,True,40,114.12662080000155,0.15513741935554917,3.0579483271659615e-05,False,False,0.0007625135185662658,validation,0.25,0.032939189189189186,3,0.14285714285714285,7,1,10.0,10.0,10.0,0.0,0.08999436070677666,1.6774193548387097,0.2143206777075826,0.15125448028673835,0.6376969386448059,0.6024096385542169,0.33259911894273125,0.0002506357850506902,0.10344827586206896,5.8232931726907635,1.4169542436117428,
cand_gcngru_recon,GCN+GRU (фикс. граф) + Реконструкция,candidate,Кандидат,gcn_gru,recon,GCN+GRU (фикс. граф),Реконструкция,reconstruction,,fold3,4,fold3|s4,"РЕФЕРЕНС. Бенчмарк FT-AED (Coursey et al., 2024): unsupervised графовые автоэнкодеры — лучшее семейство на этих данных, а игнорирование пространственных связей ухудшает качество. Все остальные кандидаты сравниваются с этой точкой.",144516,144.0,True,40,57.86808790000214,0.1698864516094878,0.11611717087881905,True,False,2.002748370170594,validation,0.25,0.04222972972972973,3,0.2857142857142857,7,2,15.0,15.0,19.0,0.0,0.14668725541992664,2.150537634408602,0.2606832947403987,0.15125448028673835,0.7314389330088383,0.56,0.424962852897474,0.7292762398719788,0.13194444444444445,4.24421052631579,1.723474863331072,
cand_gatlstm_recon,GAT+LSTM (обуч. внимание) + Реконструкция,candidate,Кандидат,gat_lstm,recon,GAT+LSTM (обуч. внимание),Реконструкция,reconstruction,,fold3,4,fold3|s4,"Обучаемое внимание вместо фиксированного графа при той же голове. В работе «Toward explainable automatic incident detection» (2025) GAT+LSTM — лучшая пара пространственного и временного модуля. Проверяет, размывает ли фиксированное сглаживание сам сигнал аномалии.",152728,160.0,True,40,115.9518081999995,0.46554910394364774,0.1593598835170269,True,False,3.013294100761415,validation,0.25,0.03969594594594594,3,0.14285714285714285,7,1,5.0,5.0,5.0,0.0,0.11338578942629997,2.021505376344086,0.26565451452071065,0.15125448028673835,0.7440117842961446,0.5679676985195155,0.4127708095781072,0.8335520625114441,0.13427561837455831,4.229864702132181,1.7563414585610964,
cand_gcngru_bigan,GCN+GRU (фикс. граф) + Критик BiGAN,candidate,Кандидат,gcn_gru,bigan,GCN+GRU (фикс. граф),Критик BiGAN,discriminator,,fold3,4,fold3|s4,"Тот же энкодер, механизм score — критик. CCB-GraphGAN (Nouri et al., 2026) на FT-AED: −5 мин к задержке при FPR 1%. Одновременно проверяет открытый пробел: при D*=1/2 выход критика не несёт информации об аномалии (см. абляцию cycle vs critic).",150391,120.0,True,14,19.64418350000051,0.08486301075303293,0.6182518686567035,True,False,0.16021765023469928,validation,0.25,0.002533783783783784,3,0.42857142857142855,7,3,4.0,6.0,10.4,0.0,0.3310442231713603,0.12903225806451613,0.4041458907093505,0.15125448028673835,0.7593705969002178,0.8413461538461539,0.45100671140939597,0.1588900238275528,0.2545454545454545,3.305288461538462,2.6719597987656107,
cand_hypergraph_flow,Гиперграф+Bi-GLU + Плотность (flow),candidate,Кандидат,hypergraph,flow,Гиперграф+Bi-GLU,Плотность (flow),density,,fold3,4,fold3|s4,"DHMPN-подобная связка: направленный гиперграф + нормализующий поток. Явная плотность вместо эвристики, дешевле трансформеров, заявлено превосходство над SOTA-графами. Единственный кандидат с калиброванным вероятностным score — нужен для safety-валидатора в контуре устранения.",154440,104.0,True,40,41.33469909999985,0.08000946236735937,-316.30525861467635,True,False,-316.2661895751953,validation,0.25,0.02787162162162162,3,0.14285714285714285,7,1,9.0,9.0,9.0,0.0,0.09425056505520672,1.4193548387096775,0.3030096542518661,0.15125448028673835,0.7564005059561931,0.6177777777777778,0.41150442477876104,-316.3009033203125,0.11406844106463879,5.415851851851851,2.0033102733713424,
cand_gcngru_physics,GCN+GRU (фикс. граф) + Невязка LWR,candidate,Кандидат,gcn_gru,physics,GCN+GRU (фикс. граф),Невязка LWR,physical-residual,,fold3,4,fold3|s4,"Невязка закона сохранения LWR как score. НЕЗАНЯТАЯ НИША: physics-informed подход применён к обнаружению заторов и к генерации, но не как голова детектора. Единственный механизм, чей score не зависит от обученного генератора, то есть структурно невосприимчив к циркулярности оценки.",153068,152.0,True,40,61.84192780000012,0.17171849462343047,0.008560495783707925,True,False,0.13456010073423402,validation,0.25,0.021114864864864864,3,0.2857142857142857,7,2,16.0,16.0,17.6,0.0,0.1369889061511965,1.075268817204301,0.2639896784996616,0.15125448028673835,0.7186459267324197,0.6469500924214417,0.38118214716525933,0.02841882035136223,0.13793103448275862,4.690388170055453,1.7453346042987106,0.49730676094085
