dataset,seed,config,rate_per_hour,padf_ORACLE,alarms_per_hour_ORACLE,threshold_ORACLE,event_recall_ORACLE
fold0,0,ctrl_random[null],0.25,0.06820297170788689,0.21505376344086022,,
fold0,1,ctrl_random[null],0.25,0.33449413258028937,0.21505376344086022,,
fold0,2,ctrl_random[null],0.25,0.10111563914795671,0.21505376344086022,,
fold0,3,ctrl_random[null],0.25,0.230647862568045,0.21505376344086022,,
fold0,4,ctrl_random[null],0.25,0.07706666571401903,0.21505376344086022,,
fold0,5,ctrl_random[null],0.25,0.051688187051442076,0.21505376344086022,,
fold0,6,ctrl_random[null],0.25,0.09409625624245808,0.21505376344086022,,
fold0,7,ctrl_random[null],0.25,0.06512303489701549,0.21505376344086022,,
fold0,8,ctrl_random[null],0.25,0.15356607199202651,0.21505376344086022,,
fold0,9,ctrl_random[null],0.25,0.07142857142857142,0.21505376344086022,,
fold0,10,ctrl_random[null],0.25,0.14316240958045867,0.21505376344086022,,
fold0,11,ctrl_random[null],0.25,0.10251966297486158,0.21505376344086022,,
fold0,12,ctrl_random[null],0.25,0.11439375128864702,0.21505376344086022,,
fold0,13,ctrl_random[null],0.25,0.07142857142857142,0.21505376344086022,,
fold0,14,ctrl_random[null],0.25,0.07142857142857142,0.21505376344086022,,
fold0,15,ctrl_random[null],0.25,0.1279319919784634,0.21505376344086022,,
fold0,16,ctrl_random[null],0.25,0.26182200882401274,0.21505376344086022,,
fold0,17,ctrl_random[null],0.25,0.10399008887707917,0.21505376344086022,,
fold0,18,ctrl_random[null],0.25,0.029687067719385278,0.21505376344086022,,
fold0,19,ctrl_random[null],0.25,0.16914640739161552,0.17204301075268819,,
fold0,20,ctrl_random[null],0.25,0.0,0.21505376344086022,,
fold0,21,ctrl_random[null],0.25,0.0651925774002336,0.21505376344086022,,
fold0,22,ctrl_random[null],0.25,0.13361075452115173,0.21505376344086022,,
fold0,23,ctrl_random[null],0.25,0.3754932956626487,0.21505376344086022,,
fold0,24,ctrl_random[null],0.25,0.04296517986007559,0.21505376344086022,,
fold0,25,ctrl_random[null],0.25,0.22592914636744116,0.21505376344086022,,
fold0,26,ctrl_random[null],0.25,0.11642575178195977,0.21505376344086022,,
fold0,27,ctrl_random[null],0.25,0.15187369440228213,0.21505376344086022,,
fold0,28,ctrl_random[null],0.25,0.2573342091815789,0.21505376344086022,,
fold0,29,ctrl_random[null],0.25,0.04935403142742057,0.21505376344086022,,
fold0,30,ctrl_random[null],0.25,0.0391723207033795,0.21505376344086022,,
fold0,31,ctrl_random[null],0.25,0.08191554887592832,0.17204301075268819,,
fold0,32,ctrl_random[null],0.25,0.11245351267846553,0.21505376344086022,,
fold0,33,ctrl_random[null],0.25,0.21428571428571427,0.21505376344086022,,
fold0,34,ctrl_random[null],0.25,0.06218218309258029,0.21505376344086022,,
fold0,35,ctrl_random[null],0.25,0.26895040124874325,0.21505376344086022,,
fold0,36,ctrl_random[null],0.25,0.25003650630311147,0.21505376344086022,,
fold0,37,ctrl_random[null],0.25,0.28161500818241075,0.21505376344086022,,
fold0,38,ctrl_random[null],0.25,0.13014954787214453,0.21505376344086022,,
fold0,39,ctrl_random[null],0.25,0.0391723207033795,0.21505376344086022,,
fold0,40,ctrl_random[null],0.25,0.0,0.21505376344086022,,
fold0,41,ctrl_random[null],0.25,0.24537680583200444,0.17204301075268819,,
fold0,42,ctrl_random[null],0.25,0.15772617465955427,0.21505376344086022,,
fold0,43,ctrl_random[null],0.25,0.17295335340748544,0.21505376344086022,,
fold0,44,ctrl_random[null],0.25,0.12556130594679993,0.21505376344086022,,
fold0,45,ctrl_random[null],0.25,0.0,0.21505376344086022,,
fold0,46,ctrl_random[null],0.25,0.26141099681331764,0.21505376344086022,,
fold0,47,ctrl_random[null],0.25,0.07142857142857142,0.17204301075268819,,
fold0,48,ctrl_random[null],0.25,0.07142857142857142,0.21505376344086022,,
fold0,49,ctrl_random[null],0.25,0.11153621452000086,0.21505376344086022,,
fold0,50,ctrl_random[null],0.25,0.18998242538474622,0.21505376344086022,,
fold0,51,ctrl_random[null],0.25,0.3710589164157882,0.21505376344086022,,
fold0,52,ctrl_random[null],0.25,0.17120359021371787,0.21505376344086022,,
fold0,53,ctrl_random[null],0.25,0.0,0.21505376344086022,,
fold0,54,ctrl_random[null],0.25,0.04712528252760336,0.21505376344086022,,
fold0,55,ctrl_random[null],0.25,0.11224831742461884,0.21505376344086022,,
fold0,56,ctrl_random[null],0.25,0.264122011826901,0.21505376344086022,,
fold0,57,ctrl_random[null],0.25,0.0,0.21505376344086022,,
fold0,58,ctrl_random[null],0.25,0.1281214661417214,0.21505376344086022,,
fold0,59,ctrl_random[null],0.25,0.1633642243158497,0.21505376344086022,,
fold0,60,ctrl_random[null],0.25,0.21106011456502974,0.21505376344086022,,
fold0,61,ctrl_random[null],0.25,0.10399008887707917,0.21505376344086022,,
fold0,62,ctrl_random[null],0.25,0.11350686995699906,0.21505376344086022,,
fold0,63,ctrl_random[null],0.25,0.21497220792410981,0.21505376344086022,,
fold0,64,ctrl_random[null],0.25,0.0748866064176652,0.21505376344086022,,
fold0,65,ctrl_random[null],0.25,0.29505023567499944,0.21505376344086022,,
fold0,66,ctrl_random[null],0.25,0.029687067719385278,0.21505376344086022,,
fold0,67,ctrl_random[null],0.25,0.06512303489701549,0.21505376344086022,,
fold0,68,ctrl_random[null],0.25,0.2878503851301929,0.21505376344086022,,
fold0,69,ctrl_random[null],0.25,0.41400459180846566,0.21505376344086022,,
fold0,70,ctrl_random[null],0.25,0.21428571428571427,0.21505376344086022,,
fold0,71,ctrl_random[null],0.25,0.26365288067782255,0.21505376344086022,,
fold0,72,ctrl_random[null],0.25,0.14285714285714285,0.21505376344086022,,
fold0,73,ctrl_random[null],0.25,0.029687067719385278,0.21505376344086022,,
fold0,74,ctrl_random[null],0.25,0.17542210480542414,0.21505376344086022,,
fold0,75,ctrl_random[null],0.25,0.15899735227498032,0.21505376344086022,,
fold0,76,ctrl_random[null],0.25,0.1396315431364583,0.21505376344086022,,
fold0,77,ctrl_random[null],0.25,0.07142857142857142,0.17204301075268819,,
fold0,78,ctrl_random[null],0.25,0.0410249412498941,0.21505376344086022,,
fold0,79,ctrl_random[null],0.25,0.09768455234552323,0.21505376344086022,,
fold0,80,ctrl_random[null],0.25,0.11642575178195977,0.21505376344086022,,
fold0,81,ctrl_random[null],0.25,0.04935403142742057,0.21505376344086022,,
fold0,82,ctrl_random[null],0.25,0.22234127923097244,0.21505376344086022,,
fold0,83,ctrl_random[null],0.25,0.07142857142857142,0.21505376344086022,,
fold0,84,ctrl_random[null],0.25,0.14285714285714285,0.21505376344086022,,
fold0,85,ctrl_random[null],0.25,0.1281214661417214,0.21505376344086022,,
fold0,86,ctrl_random[null],0.25,0.20503932594972316,0.21505376344086022,,
fold0,87,ctrl_random[null],0.25,0.04499718035338833,0.21505376344086022,,
fold0,88,ctrl_random[null],0.25,0.0,0.21505376344086022,,
fold0,89,ctrl_random[null],0.25,0.14285714285714285,0.21505376344086022,,
fold0,90,ctrl_random[null],0.25,0.2439727820050996,0.21505376344086022,,
fold0,91,ctrl_random[null],0.25,0.2571558906643599,0.21505376344086022,,
fold0,92,ctrl_random[null],0.25,0.10553005728251488,0.21505376344086022,,
fold0,93,ctrl_random[null],0.25,0.1511153714046825,0.21505376344086022,,
fold0,94,ctrl_random[null],0.25,0.17373302899040177,0.21505376344086022,,
fold0,95,ctrl_random[null],0.25,0.09654941906446189,0.21505376344086022,,
fold0,96,ctrl_random[null],0.25,0.0,0.21505376344086022,,
fold0,97,ctrl_random[null],0.25,0.1903036492343017,0.21505376344086022,,
fold0,98,ctrl_random[null],0.25,0.2684184488039428,0.17204301075268819,,
fold0,99,ctrl_random[null],0.25,0.3678517862777408,0.21505376344086022,,
fold0,100,ctrl_random[null],0.25,0.14285714285714285,0.21505376344086022,,
fold0,101,ctrl_random[null],0.25,0.11784848450301881,0.21505376344086022,,
fold0,102,ctrl_random[null],0.25,0.06512303489701549,0.21505376344086022,,
fold0,103,ctrl_random[null],0.25,0.07142857142857142,0.21505376344086022,,
fold0,104,ctrl_random[null],0.25,0.12556130594679993,0.21505376344086022,,
fold0,105,ctrl_random[null],0.25,0.25,0.21505376344086022,,
fold0,106,ctrl_random[null],0.25,0.0,0.21505376344086022,,
fold0,107,ctrl_random[null],0.25,0.06820297170788689,0.21505376344086022,,
fold0,108,ctrl_random[null],0.25,0.11439375128864702,0.21505376344086022,,
fold0,109,ctrl_random[null],0.25,0.20963474209255864,0.21505376344086022,,
fold0,110,ctrl_random[null],0.25,0.028346447356574992,0.21505376344086022,,
fold0,111,ctrl_random[null],0.25,0.0,0.21505376344086022,,
fold0,112,ctrl_random[null],0.25,0.0,0.21505376344086022,,
fold0,113,ctrl_random[null],0.25,0.17120359021371787,0.21505376344086022,,
fold0,114,ctrl_random[null],0.25,0.10717936344596864,0.17204301075268819,,
fold0,115,ctrl_random[null],0.25,0.0,0.21505376344086022,,
fold0,116,ctrl_random[null],0.25,0.0391723207033795,0.21505376344086022,,
fold0,117,ctrl_random[null],0.25,0.1396315431364583,0.17204301075268819,,
fold0,118,ctrl_random[null],0.25,0.0,0.17204301075268819,,
fold0,119,ctrl_random[null],0.25,0.24389936133600548,0.21505376344086022,,
fold0,120,ctrl_random[null],0.25,0.17857142857142858,0.21505376344086022,,
fold0,121,ctrl_random[null],0.25,0.07142857142857142,0.21505376344086022,,
fold0,122,ctrl_random[null],0.25,0.149129050212567,0.21505376344086022,,
fold0,123,ctrl_random[null],0.25,0.3675483636755596,0.21505376344086022,,
fold0,124,ctrl_random[null],0.25,0.17394823440343302,0.21505376344086022,,
fold0,125,ctrl_random[null],0.25,0.1365516063255869,0.21505376344086022,,
fold0,126,ctrl_random[null],0.25,0.07142857142857142,0.17204301075268819,,
fold0,127,ctrl_random[null],0.25,0.12880892750933423,0.21505376344086022,,
fold0,128,ctrl_random[null],0.25,0.14285714285714285,0.21505376344086022,,
fold0,129,ctrl_random[null],0.25,0.2159402786241146,0.21505376344086022,,
fold0,130,ctrl_random[null],0.25,0.028346447356574992,0.17204301075268819,,
fold0,131,ctrl_random[null],0.25,0.0374033615293081,0.21505376344086022,,
fold0,132,ctrl_random[null],0.25,0.04712528252760336,0.21505376344086022,,
fold0,133,ctrl_random[null],0.25,0.1637477827160676,0.21505376344086022,,
fold0,134,ctrl_random[null],0.25,0.0,0.17204301075268819,,
fold0,135,ctrl_random[null],0.25,0.24099655755520785,0.21505376344086022,,
fold0,136,ctrl_random[null],0.25,0.21428571428571427,0.21505376344086022,,
fold0,137,ctrl_random[null],0.25,0.13565163465840344,0.21505376344086022,,
fold0,138,ctrl_random[null],0.25,0.21428571428571427,0.21505376344086022,,
fold0,139,ctrl_random[null],0.25,0.22477269173307118,0.21505376344086022,,
fold0,140,ctrl_random[null],0.25,0.0,0.21505376344086022,,
fold0,141,ctrl_random[null],0.25,0.07142857142857142,0.21505376344086022,,
fold0,142,ctrl_random[null],0.25,0.23720835463795176,0.21505376344086022,,
fold0,143,ctrl_random[null],0.25,0.1586620596538241,0.21505376344086022,,
fold0,144,ctrl_random[null],0.25,0.0,0.21505376344086022,,
fold0,145,ctrl_random[null],0.25,0.30437617667339323,0.21505376344086022,,
fold0,146,ctrl_random[null],0.25,0.059374135438770556,0.21505376344086022,,
fold0,147,ctrl_random[null],0.25,0.059374135438770556,0.21505376344086022,,
fold0,148,ctrl_random[null],0.25,0.19901210795482274,0.17204301075268819,,
fold0,149,ctrl_random[null],0.25,0.028346447356574992,0.21505376344086022,,
fold0,150,ctrl_random[null],0.25,0.1039172574221726,0.21505376344086022,,
fold0,151,ctrl_random[null],0.25,0.2288792644604253,0.21505376344086022,,
fold0,152,ctrl_random[null],0.25,0.13992302450416966,0.17204301075268819,,
fold0,153,ctrl_random[null],0.25,0.10252639642632358,0.21505376344086022,,
fold0,154,ctrl_random[null],0.25,0.06512303489701549,0.21505376344086022,,
fold0,155,ctrl_random[null],0.25,0.21428571428571427,0.21505376344086022,,
fold0,156,ctrl_random[null],0.25,0.31406073307086074,0.21505376344086022,,
fold0,157,ctrl_random[null],0.25,0.18026050438645094,0.21505376344086022,,
fold0,158,ctrl_random[null],0.25,0.0,0.21505376344086022,,
fold0,159,ctrl_random[null],0.25,0.0,0.21505376344086022,,
fold0,160,ctrl_random[null],0.25,0.0,0.21505376344086022,,
fold0,161,ctrl_random[null],0.25,0.14285714285714285,0.21505376344086022,,
fold0,162,ctrl_random[null],0.25,0.07142857142857142,0.21505376344086022,,
fold0,163,ctrl_random[null],0.25,0.06512303489701549,0.21505376344086022,,
fold0,164,ctrl_random[null],0.25,0.08823422037217196,0.21505376344086022,,
fold0,165,ctrl_random[null],0.25,0.1807360370487551,0.21505376344086022,,
fold0,166,ctrl_random[null],0.25,0.0,0.21505376344086022,,
fold0,167,ctrl_random[null],0.25,0.07142857142857142,0.21505376344086022,,
fold0,168,ctrl_random[null],0.25,0.12556130594679993,0.21505376344086022,,
fold0,169,ctrl_random[null],0.25,0.16577978320938033,0.21505376344086022,,
fold0,170,ctrl_random[null],0.25,0.06218218309258029,0.17204301075268819,,
fold0,171,ctrl_random[null],0.25,0.20503932594972316,0.21505376344086022,,
fold0,172,ctrl_random[null],0.25,0.14285714285714285,0.21505376344086022,,
fold0,173,ctrl_random[null],0.25,0.194932694553269,0.21505376344086022,,
fold0,174,ctrl_random[null],0.25,0.10714285714285714,0.21505376344086022,,
fold0,175,ctrl_random[null],0.25,0.0,0.21505376344086022,,
fold0,176,ctrl_random[null],0.25,0.11916980299564973,0.21505376344086022,,
fold0,177,ctrl_random[null],0.25,0.11060089213195091,0.21505376344086022,,
fold0,178,ctrl_random[null],0.25,0.0,0.21505376344086022,,
fold0,179,ctrl_random[null],0.25,0.14285714285714285,0.21505376344086022,,
fold0,180,ctrl_random[null],0.25,0.26555480199452675,0.21505376344086022,,
fold0,181,ctrl_random[null],0.25,0.1922111742845634,0.21505376344086022,,
fold0,182,ctrl_random[null],0.25,0.12556130594679993,0.21505376344086022,,
fold0,183,ctrl_random[null],0.25,0.10553005728251488,0.21505376344086022,,
fold0,184,ctrl_random[null],0.25,0.07142857142857142,0.21505376344086022,,
fold0,185,ctrl_random[null],0.25,0.1402879598513362,0.21505376344086022,,
fold0,186,ctrl_random[null],0.25,0.21428571428571427,0.21505376344086022,,
fold0,187,ctrl_random[null],0.25,0.0541327345182285,0.21505376344086022,,
fold0,188,ctrl_random[null],0.25,0.13662114882880502,0.21505376344086022,,
fold0,189,ctrl_random[null],0.25,0.0,0.21505376344086022,,
fold0,190,ctrl_random[null],0.25,0.059374135438770556,0.21505376344086022,,
fold0,191,ctrl_random[null],0.25,0.1397043745913649,0.21505376344086022,,
fold0,192,ctrl_random[null],0.25,0.07142857142857142,0.21505376344086022,,
fold0,193,ctrl_random[null],0.25,0.07142857142857142,0.21505376344086022,,
fold0,194,ctrl_random[null],0.25,0.25168907581502237,0.21505376344086022,,
fold0,195,ctrl_random[null],0.25,0.30669289471315003,0.21505376344086022,,
fold0,196,ctrl_random[null],0.25,0.20503932594972316,0.21505376344086022,,
fold0,197,ctrl_random[null],0.25,0.17880386383983785,0.17204301075268819,,
fold0,198,ctrl_random[null],0.25,0.2439727820050996,0.21505376344086022,,
fold0,199,ctrl_random[null],0.25,0.13086611033143655,0.21505376344086022,,
fold1,0,ctrl_random[null],0.25,0.16176236047545647,0.21505376344086022,,
fold1,1,ctrl_random[null],0.25,0.0,0.21505376344086022,,
fold1,2,ctrl_random[null],0.25,0.16666666666666666,0.21505376344086022,,
fold1,3,ctrl_random[null],0.25,0.2222222222222222,0.21505376344086022,,
fold1,4,ctrl_random[null],0.25,0.0,0.21505376344086022,,
fold1,5,ctrl_random[null],0.25,0.40332894721638185,0.21505376344086022,,
fold1,6,ctrl_random[null],0.25,0.191240762417946,0.21505376344086022,,
fold1,7,ctrl_random[null],0.25,0.0,0.21505376344086022,,
fold1,8,ctrl_random[null],0.25,0.1111111111111111,0.21505376344086022,,
fold1,9,ctrl_random[null],0.25,0.0,0.21505376344086022,,
fold1,10,ctrl_random[null],0.25,0.06093472109414588,0.21505376344086022,,
fold1,11,ctrl_random[null],0.25,0.058183006823368154,0.21505376344086022,,
fold1,12,ctrl_random[null],0.25,0.16929411793447924,0.21505376344086022,,
fold1,13,ctrl_random[null],0.25,0.1111111111111111,0.21505376344086022,,
fold1,14,ctrl_random[null],0.25,0.3742277448314019,0.21505376344086022,,
fold1,15,ctrl_random[null],0.25,0.050651249364345376,0.21505376344086022,,
fold1,16,ctrl_random[null],0.25,0.1111111111111111,0.21505376344086022,,
fold1,17,ctrl_random[null],0.25,0.0,0.21505376344086022,,
fold1,18,ctrl_random[null],0.25,0.1137385623789237,0.21505376344086022,,
fold1,19,ctrl_random[null],0.25,0.30642869813946655,0.21505376344086022,,
fold1,20,ctrl_random[null],0.25,0.2222222222222222,0.21505376344086022,,
fold1,21,ctrl_random[null],0.25,0.23197852255288198,0.21505376344086022,,
fold1,22,ctrl_random[null],0.25,0.16176236047545647,0.21505376344086022,,
fold1,23,ctrl_random[null],0.25,0.0,0.21505376344086022,,
fold1,24,ctrl_random[null],0.25,0.058183006823368154,0.21505376344086022,,
fold1,25,ctrl_random[null],0.25,0.08040384652446546,0.21505376344086022,,
fold1,26,ctrl_random[null],0.25,0.04409447366578332,0.21505376344086022,,
fold1,27,ctrl_random[null],0.25,0.17637789466313328,0.21505376344086022,,
fold1,28,ctrl_random[null],0.25,0.0,0.21505376344086022,,
fold1,29,ctrl_random[null],0.25,0.0,0.17204301075268819,,
fold1,30,ctrl_random[null],0.25,0.0,0.17204301075268819,,
fold1,31,ctrl_random[null],0.25,0.050651249364345376,0.21505376344086022,,
fold1,32,ctrl_random[null],0.25,0.1111111111111111,0.21505376344086022,,
fold1,33,ctrl_random[null],0.25,0.16929411793447924,0.21505376344086022,,
fold1,34,ctrl_random[null],0.25,0.1111111111111111,0.21505376344086022,,
fold1,35,ctrl_random[null],0.25,0.22546564237877043,0.21505376344086022,,
fold1,36,ctrl_random[null],0.25,0.2653206342222681,0.21505376344086022,,
fold1,37,ctrl_random[null],0.25,0.10391947573867356,0.21505376344086022,,
fold1,38,ctrl_random[null],0.25,0.0,0.21505376344086022,,
fold1,39,ctrl_random[null],0.25,0.058183006823368154,0.21505376344086022,,
fold1,40,ctrl_random[null],0.25,0.058183006823368154,0.21505376344086022,,
fold1,41,ctrl_random[null],0.25,0.04409447366578332,0.21505376344086022,,
fold1,42,ctrl_random[null],0.25,0.0,0.21505376344086022,,
fold1,43,ctrl_random[null],0.25,0.0,0.21505376344086022,,
fold1,44,ctrl_random[null],0.25,0.1111111111111111,0.21505376344086022,,
fold1,45,ctrl_random[null],0.25,0.18788404888709864,0.21505376344086022,,
fold1,46,ctrl_random[null],0.25,0.0,0.21505376344086022,,
fold1,47,ctrl_random[null],0.25,0.0,0.21505376344086022,,
fold1,48,ctrl_random[null],0.25,0.3095643888948005,0.21505376344086022,,
fold1,49,ctrl_random[null],0.25,0.1111111111111111,0.21505376344086022,,
fold1,50,ctrl_random[null],0.25,0.15947503129422913,0.21505376344086022,,
fold1,51,ctrl_random[null],0.25,0.16235538012113604,0.21505376344086022,,
fold1,52,ctrl_random[null],0.25,0.050651249364345376,0.21505376344086022,,
fold1,53,ctrl_random[null],0.25,0.1111111111111111,0.21505376344086022,,
fold1,54,ctrl_random[null],0.25,0.2222222222222222,0.21505376344086022,,
fold1,55,ctrl_random[null],0.25,0.1111111111111111,0.21505376344086022,,
fold1,56,ctrl_random[null],0.25,0.27607299621866527,0.21505376344086022,,
fold1,57,ctrl_random[null],0.25,0.1111111111111111,0.21505376344086022,,
fold1,58,ctrl_random[null],0.25,0.046179883119043766,0.21505376344086022,,
fold1,59,ctrl_random[null],0.25,0.0,0.21505376344086022,,
fold1,60,ctrl_random[null],0.25,0.18908760660432355,0.21505376344086022,,
fold1,61,ctrl_random[null],0.25,0.0,0.21505376344086022,,
fold1,62,ctrl_random[null],0.25,0.3635607898408335,0.21505376344086022,,
fold1,63,ctrl_random[null],0.25,0.05304675577280092,0.21505376344086022,,
fold1,64,ctrl_random[null],0.25,0.21241360983980184,0.21505376344086022,,
fold1,65,ctrl_random[null],0.25,0.06093472109414588,0.21505376344086022,,
fold1,66,ctrl_random[null],0.25,0.08420647591724434,0.21505376344086022,,
fold1,67,ctrl_random[null],0.25,0.09235976623808753,0.21505376344086022,,
fold1,68,ctrl_random[null],0.25,0.0,0.21505376344086022,,
fold1,69,ctrl_random[null],0.25,0.09672784036623601,0.21505376344086022,,
fold1,70,ctrl_random[null],0.25,0.4002976587269005,0.21505376344086022,,
fold1,71,ctrl_random[null],0.25,0.046179883119043766,0.21505376344086022,,
fold1,72,ctrl_random[null],0.25,0.1111111111111111,0.21505376344086022,,
fold1,73,ctrl_random[null],0.25,0.0,0.21505376344086022,,
fold1,74,ctrl_random[null],0.25,0.3537575564594862,0.21505376344086022,,
fold1,75,ctrl_random[null],0.25,0.09672784036623601,0.21505376344086022,,
fold1,76,ctrl_random[null],0.25,0.0,0.21505376344086022,,
fold1,77,ctrl_random[null],0.25,0.12304236965584943,0.21505376344086022,,
fold1,78,ctrl_random[null],0.25,0.2857196048827404,0.21505376344086022,,
fold1,79,ctrl_random[null],0.25,0.08818894733156664,0.21505376344086022,,
fold1,80,ctrl_random[null],0.25,0.07330599504293857,0.21505376344086022,,
fold1,81,ctrl_random[null],0.25,0.1894914460602574,0.21505376344086022,,
fold1,82,ctrl_random[null],0.25,0.31895006258845826,0.21505376344086022,,
fold1,83,ctrl_random[null],0.25,0.2602347795368236,0.21505376344086022,,
fold1,84,ctrl_random[null],0.25,0.0,0.21505376344086022,,
fold1,85,ctrl_random[null],0.25,0.32352472095091295,0.21505376344086022,,
fold1,86,ctrl_random[null],0.25,0.07330599504293857,0.21505376344086022,,
fold1,87,ctrl_random[null],0.25,0.0,0.17204301075268819,,
fold1,88,ctrl_random[null],0.25,0.046179883119043766,0.21505376344086022,,
fold1,89,ctrl_random[null],0.25,0.0,0.21505376344086022,,
fold1,90,ctrl_random[null],0.25,0.20783895147734713,0.21505376344086022,,
fold1,91,ctrl_random[null],0.25,0.172045832205257,0.21505376344086022,,
fold1,92,ctrl_random[null],0.25,0.20783895147734713,0.21505376344086022,,
fold1,93,ctrl_random[null],0.25,0.0,0.21505376344086022,,
fold1,94,ctrl_random[null],0.25,0.05555555555555555,0.21505376344086022,,
fold1,95,ctrl_random[null],0.25,0.09027435678482708,0.21505376344086022,,
fold1,96,ctrl_random[null],0.25,0.0,0.21505376344086022,,
fold1,97,ctrl_random[null],0.25,0.2222222222222222,0.21505376344086022,,
fold1,98,ctrl_random[null],0.25,0.06381657527761304,0.21505376344086022,,
fold1,99,ctrl_random[null],0.25,0.23415348076696058,0.21505376344086022,,
fold1,100,ctrl_random[null],0.25,0.0,0.21505376344086022,,
fold1,101,ctrl_random[null],0.25,0.0,0.21505376344086022,,
fold1,102,ctrl_random[null],0.25,0.1137385623789237,0.21505376344086022,,
fold1,103,ctrl_random[null],0.25,0.1111111111111111,0.21505376344086022,,
fold1,104,ctrl_random[null],0.25,0.0,0.21505376344086022,,
fold1,105,ctrl_random[null],0.25,0.0,0.21505376344086022,,
fold1,106,ctrl_random[null],0.25,0.0,0.21505376344086022,,
fold1,107,ctrl_random[null],0.25,0.0,0.21505376344086022,,
fold1,108,ctrl_random[null],0.25,0.0,0.21505376344086022,,
fold1,109,ctrl_random[null],0.25,0.0,0.21505376344086022,,
fold1,110,ctrl_random[null],0.25,0.1111111111111111,0.21505376344086022,,
fold1,111,ctrl_random[null],0.25,0.21338859160026258,0.21505376344086022,,
fold1,112,ctrl_random[null],0.25,0.0,0.21505376344086022,,
fold1,113,ctrl_random[null],0.25,0.2222222222222222,0.21505376344086022,,
fold1,114,ctrl_random[null],0.25,0.24899664038049757,0.17204301075268819,,
fold1,115,ctrl_random[null],0.25,0.1111111111111111,0.21505376344086022,,
fold1,116,ctrl_random[null],0.25,0.29899515999820975,0.21505376344086022,,
fold1,117,ctrl_random[null],0.25,0.21844719205432878,0.21505376344086022,,
fold1,118,ctrl_random[null],0.25,0.16415786688391204,0.21505376344086022,,
fold1,119,ctrl_random[null],0.25,0.0,0.21505376344086022,,
fold1,120,ctrl_random[null],0.25,0.1111111111111111,0.21505376344086022,,
fold1,121,ctrl_random[null],0.25,0.050651249364345376,0.21505376344086022,,
fold1,122,ctrl_random[null],0.25,0.1649618851075542,0.21505376344086022,,
fold1,123,ctrl_random[null],0.25,0.2222222222222222,0.21505376344086022,,
fold1,124,ctrl_random[null],0.25,0.2548556139982333,0.21505376344086022,,
fold1,125,ctrl_random[null],0.25,0.09672784036623601,0.21505376344086022,,
fold1,126,ctrl_random[null],0.25,0.1111111111111111,0.17204301075268819,,
fold1,127,ctrl_random[null],0.25,0.050651249364345376,0.21505376344086022,,
fold1,128,ctrl_random[null],0.25,0.0,0.21505376344086022,,
fold1,129,ctrl_random[null],0.25,0.1870021971510631,0.21505376344086022,,
fold1,130,ctrl_random[null],0.25,0.21822571532430077,0.21505376344086022,,
fold1,131,ctrl_random[null],0.25,0.1306512995043973,0.21505376344086022,,
fold1,132,ctrl_random[null],0.25,0.23385041068678764,0.21505376344086022,,
fold1,133,ctrl_random[null],0.25,0.0,0.21505376344086022,,
fold1,134,ctrl_random[null],0.25,0.21241360983980184,0.21505376344086022,,
fold1,135,ctrl_random[null],0.25,0.21720462265671292,0.21505376344086022,,
fold1,136,ctrl_random[null],0.25,0.1111111111111111,0.21505376344086022,,
fold1,137,ctrl_random[null],0.25,0.1111111111111111,0.21505376344086022,,
fold1,138,ctrl_random[null],0.25,0.0,0.21505376344086022,,
fold1,139,ctrl_random[null],0.25,0.0,0.21505376344086022,,
fold1,140,ctrl_random[null],0.25,0.3208713460579205,0.21505376344086022,,
fold1,141,ctrl_random[null],0.25,0.1111111111111111,0.21505376344086022,,
fold1,142,ctrl_random[null],0.25,0.33728306650986023,0.21505376344086022,,
fold1,143,ctrl_random[null],0.25,0.268402105341266,0.21505376344086022,,
fold1,144,ctrl_random[null],0.25,0.05555555555555555,0.21505376344086022,,
fold1,145,ctrl_random[null],0.25,0.0,0.21505376344086022,,
fold1,146,ctrl_random[null],0.25,0.0,0.21505376344086022,,
fold1,147,ctrl_random[null],0.25,0.14661199008587714,0.21505376344086022,,
fold1,148,ctrl_random[null],0.25,0.1451411970113902,0.17204301075268819,,
fold1,149,ctrl_random[null],0.25,0.1111111111111111,0.21505376344086022,,
fold1,150,ctrl_random[null],0.25,0.1111111111111111,0.21505376344086022,,
fold1,151,ctrl_random[null],0.25,0.046179883119043766,0.21505376344086022,,
fold1,152,ctrl_random[null],0.25,0.0,0.21505376344086022,,
fold1,153,ctrl_random[null],0.25,0.19531758702835544,0.21505376344086022,,
fold1,154,ctrl_random[null],0.25,0.058183006823368154,0.21505376344086022,,
fold1,155,ctrl_random[null],0.25,0.0,0.21505376344086022,,
fold1,156,ctrl_random[null],0.25,0.2976084691811784,0.21505376344086022,,
fold1,157,ctrl_random[null],0.25,0.0,0.21505376344086022,,
fold1,158,ctrl_random[null],0.25,0.1111111111111111,0.21505376344086022,,
fold1,159,ctrl_random[null],0.25,0.0,0.21505376344086022,,
fold1,160,ctrl_random[null],0.25,0.1844171061540497,0.21505376344086022,,
fold1,161,ctrl_random[null],0.25,0.0,0.21505376344086022,,
fold1,162,ctrl_random[null],0.25,0.0,0.21505376344086022,,
fold1,163,ctrl_random[null],0.25,0.2222222222222222,0.21505376344086022,,
fold1,164,ctrl_random[null],0.25,0.09235976623808753,0.21505376344086022,,
fold1,165,ctrl_random[null],0.25,0.21906420119883405,0.21505376344086022,,
fold1,166,ctrl_random[null],0.25,0.08420647591724434,0.21505376344086022,,
fold1,167,ctrl_random[null],0.25,0.1111111111111111,0.21505376344086022,,
fold1,168,ctrl_random[null],0.25,0.172045832205257,0.17204301075268819,,
fold1,169,ctrl_random[null],0.25,0.10130249872869075,0.21505376344086022,,
fold1,170,ctrl_random[null],0.25,0.0,0.21505376344086022,,
fold1,171,ctrl_random[null],0.25,0.1111111111111111,0.21505376344086022,,
fold1,172,ctrl_random[null],0.25,0.1863616275297848,0.21505376344086022,,
fold1,173,ctrl_random[null],0.25,0.10130249872869075,0.21505376344086022,,
fold1,174,ctrl_random[null],0.25,0.08420647591724434,0.21505376344086022,,
fold1,175,ctrl_random[null],0.25,0.0,0.21505376344086022,,
fold1,176,ctrl_random[null],0.25,0.046179883119043766,0.21505376344086022,,
fold1,177,ctrl_random[null],0.25,0.2222222222222222,0.21505376344086022,,
fold1,178,ctrl_random[null],0.25,0.0,0.21505376344086022,,
fold1,179,ctrl_random[null],0.25,0.0,0.21505376344086022,,
fold1,180,ctrl_random[null],0.25,0.0,0.21505376344086022,,
fold1,181,ctrl_random[null],0.25,0.17492768638872416,0.21505376344086022,,
fold1,182,ctrl_random[null],0.25,0.0,0.21505376344086022,,
fold1,183,ctrl_random[null],0.25,0.06093472109414588,0.21505376344086022,,
fold1,184,ctrl_random[null],0.25,0.1111111111111111,0.21505376344086022,,
fold1,185,ctrl_random[null],0.25,0.0,0.21505376344086022,,
fold1,186,ctrl_random[null],0.25,0.15766256146038188,0.21505376344086022,,
fold1,187,ctrl_random[null],0.25,0.10130249872869075,0.21505376344086022,,
fold1,188,ctrl_random[null],0.25,0.0,0.21505376344086022,,
fold1,189,ctrl_random[null],0.25,0.22329160657184216,0.21505376344086022,,
fold1,190,ctrl_random[null],0.25,0.4917136753510112,0.21505376344086022,,
fold1,191,ctrl_random[null],0.25,0.1111111111111111,0.21505376344086022,,
fold1,192,ctrl_random[null],0.25,0.09235976623808753,0.21505376344086022,,
fold1,193,ctrl_random[null],0.25,0.1111111111111111,0.17204301075268819,,
fold1,194,ctrl_random[null],0.25,0.31041116955378883,0.21505376344086022,,
fold1,195,ctrl_random[null],0.25,0.2654603656126028,0.21505376344086022,,
fold1,196,ctrl_random[null],0.25,0.0,0.21505376344086022,,
fold1,197,ctrl_random[null],0.25,0.06093472109414588,0.21505376344086022,,
fold1,198,ctrl_random[null],0.25,0.06093472109414588,0.21505376344086022,,
fold1,199,ctrl_random[null],0.25,0.16176236047545647,0.21505376344086022,,
fold2,0,ctrl_random[null],0.25,0.0,0.21505376344086022,,
fold2,1,ctrl_random[null],0.25,0.20223127829591342,0.21505376344086022,,
fold2,2,ctrl_random[null],0.25,0.2857142857142857,0.21505376344086022,,
fold2,3,ctrl_random[null],0.25,0.07547172988417836,0.21505376344086022,,
fold2,4,ctrl_random[null],0.25,0.0,0.21505376344086022,,
fold2,5,ctrl_random[null],0.25,0.0,0.17204301075268819,,
fold2,6,ctrl_random[null],0.25,0.097896468806866,0.17204301075268819,,
fold2,7,ctrl_random[null],0.25,0.07142857142857142,0.21505376344086022,,
fold2,8,ctrl_random[null],0.25,0.1822542006599499,0.21505376344086022,,
fold2,9,ctrl_random[null],0.25,0.0,0.21505376344086022,,
fold2,10,ctrl_random[null],0.25,0.07142857142857142,0.21505376344086022,,
fold2,11,ctrl_random[null],0.25,0.10553005728251488,0.21505376344086022,,
fold2,12,ctrl_random[null],0.25,0.08137525477082737,0.21505376344086022,,
fold2,13,ctrl_random[null],0.25,0.11642575178195977,0.21505376344086022,,
fold2,14,ctrl_random[null],0.25,0.21805337768413313,0.21505376344086022,,
fold2,15,ctrl_random[null],0.25,0.17373302899040177,0.17204301075268819,,
fold2,16,ctrl_random[null],0.25,0.056692894713149984,0.21505376344086022,,
fold2,17,ctrl_random[null],0.25,0.11439375128864702,0.21505376344086022,,
fold2,18,ctrl_random[null],0.25,0.21428571428571427,0.21505376344086022,,
fold2,19,ctrl_random[null],0.25,0.2132032487500384,0.21505376344086022,,
fold2,20,ctrl_random[null],0.25,0.17524674866932477,0.21505376344086022,,
fold2,21,ctrl_random[null],0.25,0.21428571428571427,0.21505376344086022,,
fold2,22,ctrl_random[null],0.25,0.14128968431469885,0.21505376344086022,,
fold2,23,ctrl_random[null],0.25,0.2451616004189732,0.21505376344086022,,
fold2,24,ctrl_random[null],0.25,0.22759390334992227,0.21505376344086022,,
fold2,25,ctrl_random[null],0.25,0.20798017775415834,0.21505376344086022,,
fold2,26,ctrl_random[null],0.25,0.07142857142857142,0.21505376344086022,,
fold2,27,ctrl_random[null],0.25,0.0,0.21505376344086022,,
fold2,28,ctrl_random[null],0.25,0.09481010261640077,0.21505376344086022,,
fold2,29,ctrl_random[null],0.25,0.056692894713149984,0.21505376344086022,,
fold2,30,ctrl_random[null],0.25,0.07142857142857142,0.12903225806451613,,
fold2,31,ctrl_random[null],0.25,0.2974786807379237,0.21505376344086022,,
fold2,32,ctrl_random[null],0.25,0.0,0.21505376344086022,,
fold2,33,ctrl_random[null],0.25,0.1382339486891473,0.21505376344086022,,
fold2,34,ctrl_random[null],0.25,0.152647410077641,0.21505376344086022,,
fold2,35,ctrl_random[null],0.25,0.07142857142857142,0.21505376344086022,,
fold2,36,ctrl_random[null],0.25,0.18787467273720124,0.21505376344086022,,
fold2,37,ctrl_random[null],0.25,0.20825849629081386,0.21505376344086022,,
fold2,38,ctrl_random[null],0.25,0.31334417061156866,0.21505376344086022,,
fold2,39,ctrl_random[null],0.25,0.0,0.21505376344086022,,
fold2,40,ctrl_random[null],0.25,0.2857142857142857,0.21505376344086022,,
fold2,41,ctrl_random[null],0.25,0.23794556401019912,0.21505376344086022,,
fold2,42,ctrl_random[null],0.25,0.29706499288344645,0.21505376344086022,,
fold2,43,ctrl_random[null],0.25,0.0391723207033795,0.21505376344086022,,
fold2,44,ctrl_random[null],0.25,0.25045717236783677,0.21505376344086022,,
fold2,45,ctrl_random[null],0.25,0.0,0.21505376344086022,,
fold2,46,ctrl_random[null],0.25,0.1878543232105312,0.21505376344086022,,
fold2,47,ctrl_random[null],0.25,0.031091091546290146,0.17204301075268819,,
fold2,48,ctrl_random[null],0.25,0.07142857142857142,0.21505376344086022,,
fold2,49,ctrl_random[null],0.25,0.16329782224053702,0.21505376344086022,,
fold2,50,ctrl_random[null],0.25,0.1231167584800135,0.21505376344086022,,
fold2,51,ctrl_random[null],0.25,0.19955003757029283,0.21505376344086022,,
fold2,52,ctrl_random[null],0.25,0.03256151744850774,0.21505376344086022,,
fold2,53,ctrl_random[null],0.25,0.19900567857522886,0.21505376344086022,,
fold2,54,ctrl_random[null],0.25,0.0,0.21505376344086022,,
fold2,55,ctrl_random[null],0.25,0.0,0.21505376344086022,,
fold2,56,ctrl_random[null],0.25,0.1447023779858944,0.21505376344086022,,
fold2,57,ctrl_random[null],0.25,0.13894733948852592,0.21505376344086022,,
fold2,58,ctrl_random[null],0.25,0.2130002850156392,0.21505376344086022,,
fold2,59,ctrl_random[null],0.25,0.07142857142857142,0.21505376344086022,,
fold2,60,ctrl_random[null],0.25,0.10111563914795671,0.21505376344086022,,
fold2,61,ctrl_random[null],0.25,0.3852171250019002,0.21505376344086022,,
fold2,62,ctrl_random[null],0.25,0.03410148585394345,0.21505376344086022,,
fold2,63,ctrl_random[null],0.25,0.06820297170788689,0.21505376344086022,,
fold2,64,ctrl_random[null],0.25,0.07142857142857142,0.21505376344086022,,
fold2,65,ctrl_random[null],0.25,0.14139345040638726,0.21505376344086022,,
fold2,66,ctrl_random[null],0.25,0.07142857142857142,0.21505376344086022,,
fold2,67,ctrl_random[null],0.25,0.04499718035338833,0.21505376344086022,,
fold2,68,ctrl_random[null],0.25,0.03256151744850774,0.21505376344086022,,
fold2,69,ctrl_random[null],0.25,0.16329782224053702,0.21505376344086022,,
fold2,70,ctrl_random[null],0.25,0.13693283324066663,0.21505376344086022,,
fold2,71,ctrl_random[null],0.25,0.14285714285714285,0.21505376344086022,,
fold2,72,ctrl_random[null],0.25,0.0,0.21505376344086022,,
fold2,73,ctrl_random[null],0.25,0.0,0.21505376344086022,,
fold2,74,ctrl_random[null],0.25,0.1365516063255869,0.21505376344086022,,
fold2,75,ctrl_random[null],0.25,0.0,0.17204301075268819,,
fold2,76,ctrl_random[null],0.25,0.06512303489701549,0.21505376344086022,,
fold2,77,ctrl_random[null],0.25,0.21106011456502974,0.21505376344086022,,
fold2,78,ctrl_random[null],0.25,0.1396315431364583,0.21505376344086022,,
fold2,79,ctrl_random[null],0.25,0.07142857142857142,0.21505376344086022,,
fold2,80,ctrl_random[null],0.25,0.10808821475709109,0.21505376344086022,,
fold2,81,ctrl_random[null],0.25,0.07142857142857142,0.21505376344086022,,
fold2,82,ctrl_random[null],0.25,0.0,0.21505376344086022,,
fold2,83,ctrl_random[null],0.25,0.0,0.21505376344086022,,
fold2,84,ctrl_random[null],0.25,0.03256151744850774,0.21505376344086022,,
fold2,85,ctrl_random[null],0.25,0.04712528252760336,0.21505376344086022,,
fold2,86,ctrl_random[null],0.25,0.1231167584800135,0.21505376344086022,,
fold2,87,ctrl_random[null],0.25,0.32991769019609624,0.21505376344086022,,
fold2,88,ctrl_random[null],0.25,0.07142857142857142,0.21505376344086022,,
fold2,89,ctrl_random[null],0.25,0.07142857142857142,0.21505376344086022,,
fold2,90,ctrl_random[null],0.25,0.1385190006772648,0.21505376344086022,,
fold2,91,ctrl_random[null],0.25,0.07142857142857142,0.21505376344086022,,
fold2,92,ctrl_random[null],0.25,0.0,0.21505376344086022,,
fold2,93,ctrl_random[null],0.25,0.28626609433127,0.21505376344086022,,
fold2,94,ctrl_random[null],0.25,0.0,0.21505376344086022,,
fold2,95,ctrl_random[null],0.25,0.10399008887707917,0.21505376344086022,,
fold2,96,ctrl_random[null],0.25,0.0,0.21505376344086022,,
fold2,97,ctrl_random[null],0.25,0.07142857142857142,0.21505376344086022,,
fold2,98,ctrl_random[null],0.25,0.24197085843530447,0.21505376344086022,,
fold2,99,ctrl_random[null],0.25,0.04712528252760336,0.21505376344086022,,
fold2,100,ctrl_random[null],0.25,0.14920591914327228,0.21505376344086022,,
fold2,101,ctrl_random[null],0.25,0.0,0.21505376344086022,,
fold2,102,ctrl_random[null],0.25,0.24838720013965773,0.21505376344086022,,
fold2,103,ctrl_random[null],0.25,0.18578869354108665,0.21505376344086022,,
fold2,104,ctrl_random[null],0.25,0.0,0.21505376344086022,,
fold2,105,ctrl_random[null],0.25,0.36285722738298487,0.17204301075268819,,
fold2,106,ctrl_random[null],0.25,0.0,0.21505376344086022,,
fold2,107,ctrl_random[null],0.25,0.3075907695073222,0.21505376344086022,,
fold2,108,ctrl_random[null],0.25,0.06820297170788689,0.21505376344086022,,
fold2,109,ctrl_random[null],0.25,0.2878724648120184,0.21505376344086022,,
fold2,110,ctrl_random[null],0.25,0.3000753871910998,0.21505376344086022,,
fold2,111,ctrl_random[null],0.25,0.23100736663464033,0.21505376344086022,,
fold2,112,ctrl_random[null],0.25,0.12078260285599199,0.17204301075268819,,
fold2,113,ctrl_random[null],0.25,0.07142857142857142,0.17204301075268819,,
fold2,114,ctrl_random[null],0.25,0.07142857142857142,0.17204301075268819,,
fold2,115,ctrl_random[null],0.25,0.04712528252760336,0.21505376344086022,,
fold2,116,ctrl_random[null],0.25,0.06820297170788689,0.21505376344086022,,
fold2,117,ctrl_random[null],0.25,0.07142857142857142,0.21505376344086022,,
fold2,118,ctrl_random[null],0.25,0.0,0.17204301075268819,,
fold2,119,ctrl_random[null],0.25,0.23465297300001436,0.21505376344086022,,
fold2,120,ctrl_random[null],0.25,0.0,0.21505376344086022,,
fold2,121,ctrl_random[null],0.25,0.07142857142857142,0.21505376344086022,,
fold2,122,ctrl_random[null],0.25,0.0640607330708607,0.21505376344086022,,
fold2,123,ctrl_random[null],0.25,0.1559572154854829,0.21505376344086022,,
fold2,124,ctrl_random[null],0.25,0.0,0.21505376344086022,,
fold2,125,ctrl_random[null],0.25,0.08137525477082737,0.21505376344086022,,
fold2,126,ctrl_random[null],0.25,0.1922111742845634,0.21505376344086022,,
fold2,127,ctrl_random[null],0.25,0.24722845864930174,0.21505376344086022,,
fold2,128,ctrl_random[null],0.25,0.11642575178195977,0.21505376344086022,,
fold2,129,ctrl_random[null],0.25,0.0,0.21505376344086022,,
fold2,130,ctrl_random[null],0.25,0.07142857142857142,0.17204301075268819,,
fold2,131,ctrl_random[null],0.25,0.0,0.21505376344086022,,
fold2,132,ctrl_random[null],0.25,0.07142857142857142,0.21505376344086022,,
fold2,133,ctrl_random[null],0.25,0.0,0.21505376344086022,,
fold2,134,ctrl_random[null],0.25,0.15567827592852126,0.21505376344086022,,
fold2,135,ctrl_random[null],0.25,0.1281214661417214,0.21505376344086022,,
fold2,136,ctrl_random[null],0.25,0.16914640739161552,0.21505376344086022,,
fold2,137,ctrl_random[null],0.25,0.14285714285714285,0.21505376344086022,,
fold2,138,ctrl_random[null],0.25,0.09037897267731466,0.21505376344086022,,
fold2,139,ctrl_random[null],0.25,0.04712528252760336,0.21505376344086022,,
fold2,140,ctrl_random[null],0.25,0.09977501878514641,0.21505376344086022,,
fold2,141,ctrl_random[null],0.25,0.3078376115331084,0.21505376344086022,,
fold2,142,ctrl_random[null],0.25,0.0,0.21505376344086022,,
fold2,143,ctrl_random[null],0.25,0.20108800325538326,0.21505376344086022,,
fold2,144,ctrl_random[null],0.25,0.260971970454125,0.21505376344086022,,
fold2,145,ctrl_random[null],0.25,0.21425822414870602,0.21505376344086022,,
fold2,146,ctrl_random[null],0.25,0.1539077533033749,0.21505376344086022,,
fold2,147,ctrl_random[null],0.25,0.1396315431364583,0.21505376344086022,,
fold2,148,ctrl_random[null],0.25,0.16336422431584974,0.21505376344086022,,
fold2,149,ctrl_random[null],0.25,0.09677749696807865,0.21505376344086022,,
fold2,150,ctrl_random[null],0.25,0.173954967854895,0.17204301075268819,,
fold2,151,ctrl_random[null],0.25,0.2567275130011652,0.21505376344086022,,
fold2,152,ctrl_random[null],0.25,0.25345803498909375,0.21505376344086022,,
fold2,153,ctrl_random[null],0.25,0.08823422037217196,0.21505376344086022,,
fold2,154,ctrl_random[null],0.25,0.0,0.21505376344086022,,
fold2,155,ctrl_random[null],0.25,0.12078260285599199,0.21505376344086022,,
fold2,156,ctrl_random[null],0.25,0.18749560158049197,0.21505376344086022,,
fold2,157,ctrl_random[null],0.25,0.13521712500190017,0.21505376344086022,,
fold2,158,ctrl_random[null],0.25,0.22142652136332938,0.21505376344086022,,
fold2,159,ctrl_random[null],0.25,0.1641416997299076,0.21505376344086022,,
fold2,160,ctrl_random[null],0.25,0.33109693623417186,0.21505376344086022,,
fold2,161,ctrl_random[null],0.25,0.26648101502875376,0.21505376344086022,,
fold2,162,ctrl_random[null],0.25,0.06218218309258029,0.21505376344086022,,
fold2,163,ctrl_random[null],0.25,0.20503932594972316,0.21505376344086022,,
fold2,164,ctrl_random[null],0.25,0.10399008887707917,0.21505376344086022,,
fold2,165,ctrl_random[null],0.25,0.056692894713149984,0.21505376344086022,,
fold2,166,ctrl_random[null],0.25,0.2439268987368533,0.21505376344086022,,
fold2,167,ctrl_random[null],0.25,0.07142857142857142,0.21505376344086022,,
fold2,168,ctrl_random[null],0.25,0.04712528252760336,0.21505376344086022,,
fold2,169,ctrl_random[null],0.25,0.13361075452115173,0.21505376344086022,,
fold2,170,ctrl_random[null],0.25,0.029687067719385278,0.17204301075268819,,
fold2,171,ctrl_random[null],0.25,0.059374135438770556,0.21505376344086022,,
fold2,172,ctrl_random[null],0.25,0.21428571428571427,0.21505376344086022,,
fold2,173,ctrl_random[null],0.25,0.031091091546290146,0.21505376344086022,,
fold2,174,ctrl_random[null],0.25,0.105606333237195,0.17204301075268819,,
fold2,175,ctrl_random[null],0.25,0.0,0.21505376344086022,,
fold2,176,ctrl_random[null],0.25,0.11642575178195977,0.21505376344086022,,
fold2,177,ctrl_random[null],0.25,0.32511134351709275,0.21505376344086022,,
fold2,178,ctrl_random[null],0.25,0.177576547575481,0.21505376344086022,,
fold2,179,ctrl_random[null],0.25,0.2919861930697098,0.21505376344086022,,
fold2,180,ctrl_random[null],0.25,0.2617322206628731,0.21505376344086022,,
fold2,181,ctrl_random[null],0.25,0.0,0.21505376344086022,,
fold2,182,ctrl_random[null],0.25,0.23907126930044847,0.21505376344086022,,
fold2,183,ctrl_random[null],0.25,0.13361075452115173,0.21505376344086022,,
fold2,184,ctrl_random[null],0.25,0.06820297170788689,0.21505376344086022,,
fold2,185,ctrl_random[null],0.25,0.07142857142857142,0.21505376344086022,,
fold2,186,ctrl_random[null],0.25,0.06512303489701549,0.21505376344086022,,
fold2,187,ctrl_random[null],0.25,0.0,0.21505376344086022,,
fold2,188,ctrl_random[null],0.25,0.21550939043660375,0.21505376344086022,,
fold2,189,ctrl_random[null],0.25,0.06218218309258029,0.21505376344086022,,
fold2,190,ctrl_random[null],0.25,0.08345551728136402,0.21505376344086022,,
fold2,191,ctrl_random[null],0.25,0.20023749893790566,0.21505376344086022,,
fold2,192,ctrl_random[null],0.25,0.0,0.21505376344086022,,
fold2,193,ctrl_random[null],0.25,0.0391723207033795,0.21505376344086022,,
fold2,194,ctrl_random[null],0.25,0.21774374927480805,0.21505376344086022,,
fold2,195,ctrl_random[null],0.25,0.15488408870993545,0.21505376344086022,,
fold2,196,ctrl_random[null],0.25,0.21140333876386505,0.21505376344086022,,
fold2,197,ctrl_random[null],0.25,0.12556130594679993,0.17204301075268819,,
fold2,198,ctrl_random[null],0.25,0.17120359021371787,0.21505376344086022,,
fold2,199,ctrl_random[null],0.25,0.20503932594972316,0.21505376344086022,,
fold3,0,ctrl_random[null],0.25,0.2857142857142857,0.21505376344086022,,
fold3,1,ctrl_random[null],0.25,0.0,0.21505376344086022,,
fold3,2,ctrl_random[null],0.25,0.2857142857142857,0.21505376344086022,,
fold3,3,ctrl_random[null],0.25,0.11874827087754111,0.21505376344086022,,
fold3,4,ctrl_random[null],0.25,0.20503932594972316,0.21505376344086022,,
fold3,5,ctrl_random[null],0.25,0.0,0.17204301075268819,,
fold3,6,ctrl_random[null],0.25,0.14285714285714285,0.21505376344086022,,
fold3,7,ctrl_random[null],0.25,0.0,0.21505376344086022,,
fold3,8,ctrl_random[null],0.25,0.11874827087754111,0.21505376344086022,,
fold3,9,ctrl_random[null],0.25,0.261605413734684,0.21505376344086022,,
fold3,10,ctrl_random[null],0.25,0.39910007514058565,0.21505376344086022,,
fold3,11,ctrl_random[null],0.25,0.31330479498618014,0.21505376344086022,,
fold3,12,ctrl_random[null],0.25,0.0,0.21505376344086022,,
fold3,13,ctrl_random[null],0.25,0.0,0.17204301075268819,,
fold3,14,ctrl_random[null],0.25,0.21106011456502977,0.17204301075268819,,
fold3,15,ctrl_random[null],0.25,0.21106011456502977,0.17204301075268819,,
fold3,16,ctrl_random[null],0.25,0.0,0.21505376344086022,,
fold3,17,ctrl_random[null],0.25,0.0,0.21505376344086022,,
fold3,18,ctrl_random[null],0.25,0.38909065981716984,0.21505376344086022,,
fold3,19,ctrl_random[null],0.25,0.2230724290400017,0.21505376344086022,,
fold3,20,ctrl_random[null],0.25,0.07142857142857142,0.21505376344086022,,
fold3,21,ctrl_random[null],0.25,0.2020844369577253,0.21505376344086022,,
fold3,22,ctrl_random[null],0.25,0.14285714285714285,0.21505376344086022,,
fold3,23,ctrl_random[null],0.25,0.2857142857142857,0.21505376344086022,,
fold3,24,ctrl_random[null],0.25,0.13024606979403097,0.21505376344086022,,
fold3,25,ctrl_random[null],0.25,0.0,0.21505376344086022,,
fold3,26,ctrl_random[null],0.25,0.22490702535693105,0.21505376344086022,,
fold3,27,ctrl_random[null],0.25,0.0,0.21505376344086022,,
fold3,28,ctrl_random[null],0.25,0.0,0.21505376344086022,,
fold3,29,ctrl_random[null],0.25,0.2857142857142857,0.21505376344086022,,
fold3,30,ctrl_random[null],0.25,0.0,0.17204301075268819,,
fold3,31,ctrl_random[null],0.25,0.0,0.21505376344086022,,
fold3,32,ctrl_random[null],0.25,0.2731032126511738,0.21505376344086022,,
fold3,33,ctrl_random[null],0.25,0.25112261189359986,0.21505376344086022,,
fold3,34,ctrl_random[null],0.25,0.06218218309258029,0.21505376344086022,,
fold3,35,ctrl_random[null],0.25,0.0,0.21505376344086022,,
fold3,36,ctrl_random[null],0.25,0.0,0.21505376344086022,,
fold3,37,ctrl_random[null],0.25,0.1430096947665031,0.21505376344086022,,
fold3,38,ctrl_random[null],0.25,0.08593035972015119,0.21505376344086022,,
fold3,39,ctrl_random[null],0.25,0.14285714285714285,0.21505376344086022,,
fold3,40,ctrl_random[null],0.25,0.20503932594972316,0.21505376344086022,,
fold3,41,ctrl_random[null],0.25,0.23710770791234959,0.21505376344086022,,
fold3,42,ctrl_random[null],0.25,0.0,0.21505376344086022,,
fold3,43,ctrl_random[null],0.25,0.09425056505520672,0.21505376344086022,,
fold3,44,ctrl_random[null],0.25,0.0,0.21505376344086022,,
fold3,45,ctrl_random[null],0.25,0.059374135438770556,0.21505376344086022,,
fold3,46,ctrl_random[null],0.25,0.19955003757029283,0.21505376344086022,,
fold3,47,ctrl_random[null],0.25,0.14285714285714285,0.17204301075268819,,
fold3,48,ctrl_random[null],0.25,0.22490702535693105,0.21505376344086022,,
fold3,49,ctrl_random[null],0.25,0.0,0.21505376344086022,,
fold3,50,ctrl_random[null],0.25,0.08999436070677666,0.17204301075268819,,
fold3,51,ctrl_random[null],0.25,0.0,0.21505376344086022,,
fold3,52,ctrl_random[null],0.25,0.14285714285714285,0.21505376344086022,,
fold3,53,ctrl_random[null],0.25,0.20505279285264716,0.21505376344086022,,
fold3,54,ctrl_random[null],0.25,0.23710770791234959,0.21505376344086022,,
fold3,55,ctrl_random[null],0.25,0.078344641406759,0.21505376344086022,,
fold3,56,ctrl_random[null],0.25,0.0,0.21505376344086022,,
fold3,57,ctrl_random[null],0.25,0.0,0.21505376344086022,,
fold3,58,ctrl_random[null],0.25,0.0,0.21505376344086022,,
fold3,59,ctrl_random[null],0.25,0.0,0.21505376344086022,,
fold3,60,ctrl_random[null],0.25,0.14285714285714285,0.21505376344086022,,
fold3,61,ctrl_random[null],0.25,0.09870806285484114,0.21505376344086022,,
fold3,62,ctrl_random[null],0.25,0.0,0.12903225806451613,,
fold3,63,ctrl_random[null],0.25,0.08593035972015119,0.21505376344086022,,
fold3,64,ctrl_random[null],0.25,0.0,0.17204301075268819,,
fold3,65,ctrl_random[null],0.25,0.2731032126511738,0.21505376344086022,,
fold3,66,ctrl_random[null],0.25,0.0,0.17204301075268819,,
fold3,67,ctrl_random[null],0.25,0.14285714285714285,0.21505376344086022,,
fold3,68,ctrl_random[null],0.25,0.14285714285714285,0.21505376344086022,,
fold3,69,ctrl_random[null],0.25,0.0,0.21505376344086022,,
fold3,70,ctrl_random[null],0.25,0.14285714285714285,0.21505376344086022,,
fold3,71,ctrl_random[null],0.25,0.22212464498042528,0.21505376344086022,,
fold3,72,ctrl_random[null],0.25,0.0,0.21505376344086022,,
fold3,73,ctrl_random[null],0.25,0.0,0.21505376344086022,,
fold3,74,ctrl_random[null],0.25,0.0,0.21505376344086022,,
fold3,75,ctrl_random[null],0.25,0.0,0.17204301075268819,,
fold3,76,ctrl_random[null],0.25,0.0,0.21505376344086022,,
fold3,77,ctrl_random[null],0.25,0.14285714285714285,0.12903225806451613,,
fold3,78,ctrl_random[null],0.25,0.22135433617326208,0.21505376344086022,,
fold3,79,ctrl_random[null],0.25,0.11338578942629997,0.21505376344086022,,
fold3,80,ctrl_random[null],0.25,0.056692894713149984,0.21505376344086022,,
fold3,81,ctrl_random[null],0.25,0.0,0.21505376344086022,,
fold3,82,ctrl_random[null],0.25,0.0,0.21505376344086022,,
fold3,83,ctrl_random[null],0.25,0.0,0.21505376344086022,,
fold3,84,ctrl_random[null],0.25,0.108265469036457,0.21505376344086022,,
fold3,85,ctrl_random[null],0.25,0.08999436070677666,0.21505376344086022,,
fold3,86,ctrl_random[null],0.25,0.42857142857142855,0.21505376344086022,,
fold3,87,ctrl_random[null],0.25,0.0,0.17204301075268819,,
fold3,88,ctrl_random[null],0.25,0.13771877684552955,0.21505376344086022,,
fold3,89,ctrl_random[null],0.25,0.2015289783127893,0.21505376344086022,,
fold3,90,ctrl_random[null],0.25,0.08999436070677666,0.17204301075268819,,
fold3,91,ctrl_random[null],0.25,0.14285714285714285,0.21505376344086022,,
fold3,92,ctrl_random[null],0.25,0.0,0.21505376344086022,,
fold3,93,ctrl_random[null],0.25,0.0,0.21505376344086022,,
fold3,94,ctrl_random[null],0.25,0.0,0.21505376344086022,,
fold3,95,ctrl_random[null],0.25,0.06218218309258029,0.21505376344086022,,
fold3,96,ctrl_random[null],0.25,0.2857142857142857,0.21505376344086022,,
fold3,97,ctrl_random[null],0.25,0.14285714285714285,0.21505376344086022,,
fold3,98,ctrl_random[null],0.25,0.0,0.21505376344086022,,
fold3,99,ctrl_random[null],0.25,0.14285714285714285,0.21505376344086022,,
fold3,100,ctrl_random[null],0.25,0.0,0.21505376344086022,,
fold3,101,ctrl_random[null],0.25,0.0682029717078869,0.21505376344086022,,
fold3,102,ctrl_random[null],0.25,0.18172101550964315,0.21505376344086022,,
fold3,103,ctrl_random[null],0.25,0.23285150356391954,0.21505376344086022,,
fold3,104,ctrl_random[null],0.25,0.2857142857142857,0.21505376344086022,,
fold3,105,ctrl_random[null],0.25,0.0,0.21505376344086022,,
fold3,106,ctrl_random[null],0.25,0.14285714285714285,0.21505376344086022,,
fold3,107,ctrl_random[null],0.25,0.0,0.21505376344086022,,
fold3,108,ctrl_random[null],0.25,0.0,0.21505376344086022,,
fold3,109,ctrl_random[null],0.25,0.0,0.21505376344086022,,
fold3,110,ctrl_random[null],0.25,0.22878750257729405,0.21505376344086022,,
fold3,111,ctrl_random[null],0.25,0.25112261189359986,0.21505376344086022,,
fold3,112,ctrl_random[null],0.25,0.22490702535693105,0.21505376344086022,,
fold3,113,ctrl_random[null],0.25,0.14285714285714285,0.21505376344086022,,
fold3,114,ctrl_random[null],0.25,0.0,0.21505376344086022,,
fold3,115,ctrl_random[null],0.25,0.0,0.21505376344086022,,
fold3,116,ctrl_random[null],0.25,0.0,0.21505376344086022,,
fold3,117,ctrl_random[null],0.25,0.0,0.21505376344086022,,
fold3,118,ctrl_random[null],0.25,0.14285714285714285,0.21505376344086022,,
fold3,119,ctrl_random[null],0.25,0.0,0.21505376344086022,,
fold3,120,ctrl_random[null],0.25,0.0,0.21505376344086022,,
fold3,121,ctrl_random[null],0.25,0.0,0.21505376344086022,,
fold3,122,ctrl_random[null],0.25,0.14285714285714285,0.21505376344086022,,
fold3,123,ctrl_random[null],0.25,0.0,0.21505376344086022,,
fold3,124,ctrl_random[null],0.25,0.0,0.21505376344086022,,
fold3,125,ctrl_random[null],0.25,0.0,0.21505376344086022,,
fold3,126,ctrl_random[null],0.25,0.0,0.21505376344086022,,
fold3,127,ctrl_random[null],0.25,0.056692894713149984,0.21505376344086022,,
fold3,128,ctrl_random[null],0.25,0.108265469036457,0.21505376344086022,,
fold3,129,ctrl_random[null],0.25,0.0,0.21505376344086022,,
fold3,130,ctrl_random[null],0.25,0.056692894713149984,0.17204301075268819,,
fold3,131,ctrl_random[null],0.25,0.0,0.21505376344086022,,
fold3,132,ctrl_random[null],0.25,0.0,0.21505376344086022,,
fold3,133,ctrl_random[null],0.25,0.0,0.21505376344086022,,
fold3,134,ctrl_random[null],0.25,0.0,0.17204301075268819,,
fold3,135,ctrl_random[null],0.25,0.0,0.21505376344086022,,
fold3,136,ctrl_random[null],0.25,0.0,0.21505376344086022,,
fold3,137,ctrl_random[null],0.25,0.09425056505520672,0.21505376344086022,,
fold3,138,ctrl_random[null],0.25,0.14285714285714285,0.21505376344086022,,
fold3,139,ctrl_random[null],0.25,0.14285714285714285,0.21505376344086022,,
fold3,140,ctrl_random[null],0.25,0.0,0.21505376344086022,,
fold3,141,ctrl_random[null],0.25,0.19844904150191786,0.17204301075268819,,
fold3,142,ctrl_random[null],0.25,0.261605413734684,0.21505376344086022,,
fold3,143,ctrl_random[null],0.25,0.0,0.21505376344086022,,
fold3,144,ctrl_random[null],0.25,0.10337637410288415,0.17204301075268819,,
fold3,145,ctrl_random[null],0.25,0.30853627934092104,0.21505376344086022,,
fold3,146,ctrl_random[null],0.25,0.0,0.21505376344086022,,
fold3,147,ctrl_random[null],0.25,0.0,0.21505376344086022,,
fold3,148,ctrl_random[null],0.25,0.11338578942629997,0.21505376344086022,,
fold3,149,ctrl_random[null],0.25,0.0,0.21505376344086022,,
fold3,150,ctrl_random[null],0.25,0.0,0.21505376344086022,,
fold3,151,ctrl_random[null],0.25,0.0,0.21505376344086022,,
fold3,152,ctrl_random[null],0.25,0.0,0.21505376344086022,,
fold3,153,ctrl_random[null],0.25,0.5273057613556451,0.21505376344086022,,
fold3,154,ctrl_random[null],0.25,0.108265469036457,0.21505376344086022,,
fold3,155,ctrl_random[null],0.25,0.4833412248723766,0.21505376344086022,,
fold3,156,ctrl_random[null],0.25,0.22878750257729405,0.21505376344086022,,
fold3,157,ctrl_random[null],0.25,0.0,0.21505376344086022,,
fold3,158,ctrl_random[null],0.25,0.0,0.21505376344086022,,
fold3,159,ctrl_random[null],0.25,0.14285714285714285,0.21505376344086022,,
fold3,160,ctrl_random[null],0.25,0.0,0.21505376344086022,,
fold3,161,ctrl_random[null],0.25,0.0,0.21505376344086022,,
fold3,162,ctrl_random[null],0.25,0.0,0.21505376344086022,,
fold3,163,ctrl_random[null],0.25,0.0,0.21505376344086022,,
fold3,164,ctrl_random[null],0.25,0.1365516063255869,0.21505376344086022,,
fold3,165,ctrl_random[null],0.25,0.0,0.21505376344086022,,
fold3,166,ctrl_random[null],0.25,0.20798017775415834,0.21505376344086022,,
fold3,167,ctrl_random[null],0.25,0.0748067230586162,0.21505376344086022,,
fold3,168,ctrl_random[null],0.25,0.2857142857142857,0.21505376344086022,,
fold3,169,ctrl_random[null],0.25,0.0,0.21505376344086022,,
fold3,170,ctrl_random[null],0.25,0.0,0.21505376344086022,,
fold3,171,ctrl_random[null],0.25,0.0,0.21505376344086022,,
fold3,172,ctrl_random[null],0.25,0.25112261189359986,0.21505376344086022,,
fold3,173,ctrl_random[null],0.25,0.14285714285714285,0.21505376344086022,,
fold3,174,ctrl_random[null],0.25,0.20798017775415834,0.17204301075268819,,
fold3,175,ctrl_random[null],0.25,0.0,0.21505376344086022,,
fold3,176,ctrl_random[null],0.25,0.0,0.21505376344086022,,
fold3,177,ctrl_random[null],0.25,0.0,0.21505376344086022,,
fold3,178,ctrl_random[null],0.25,0.0,0.21505376344086022,,
fold3,179,ctrl_random[null],0.25,0.0,0.21505376344086022,,
fold3,180,ctrl_random[null],0.25,0.13640594341577378,0.21505376344086022,,
fold3,181,ctrl_random[null],0.25,0.42857142857142855,0.21505376344086022,,
fold3,182,ctrl_random[null],0.25,0.0,0.21505376344086022,,
fold3,183,ctrl_random[null],0.25,0.0748067230586162,0.21505376344086022,,
fold3,184,ctrl_random[null],0.25,0.14285714285714285,0.21505376344086022,,
fold3,185,ctrl_random[null],0.25,0.22878750257729405,0.21505376344086022,,
fold3,186,ctrl_random[null],0.25,0.0,0.21505376344086022,,
fold3,187,ctrl_random[null],0.25,0.078344641406759,0.21505376344086022,,
fold3,188,ctrl_random[null],0.25,0.2067527482057683,0.21505376344086022,,
fold3,189,ctrl_random[null],0.25,0.0,0.21505376344086022,,
fold3,190,ctrl_random[null],0.25,0.0,0.21505376344086022,,
fold3,191,ctrl_random[null],0.25,0.10337637410288415,0.21505376344086022,,
fold3,192,ctrl_random[null],0.25,0.14285714285714285,0.21505376344086022,,
fold3,193,ctrl_random[null],0.25,0.0,0.21505376344086022,,
fold3,194,ctrl_random[null],0.25,0.0,0.21505376344086022,,
fold3,195,ctrl_random[null],0.25,0.0,0.17204301075268819,,
fold3,196,ctrl_random[null],0.25,0.2857142857142857,0.21505376344086022,,
fold3,197,ctrl_random[null],0.25,0.0,0.21505376344086022,,
fold3,198,ctrl_random[null],0.25,0.0,0.21505376344086022,,
fold3,199,ctrl_random[null],0.25,0.23710770791234959,0.17204301075268819,,
fold0,0,ctrl_random[null],1.0,0.24074718228441502,0.989247311827957,,
fold0,1,ctrl_random[null],1.0,0.40379460183464577,0.946236559139785,,
fold0,2,ctrl_random[null],1.0,0.29332681343252015,0.989247311827957,,
fold0,3,ctrl_random[null],1.0,0.2603349302874303,0.989247311827957,,
fold0,4,ctrl_random[null],1.0,0.4409973255021983,0.989247311827957,,
fold0,5,ctrl_random[null],1.0,0.21658624073360397,0.989247311827957,,
fold0,6,ctrl_random[null],1.0,0.21052200802441784,0.946236559139785,,
fold0,7,ctrl_random[null],1.0,0.1662386740449722,0.946236559139785,,
fold0,8,ctrl_random[null],1.0,0.459270806916725,0.989247311827957,,
fold0,9,ctrl_random[null],1.0,0.3787394019464338,0.989247311827957,,
fold0,10,ctrl_random[null],1.0,0.4517993356469819,0.946236559139785,,
fold0,11,ctrl_random[null],1.0,0.3660828271036694,0.989247311827957,,
fold0,12,ctrl_random[null],1.0,0.27471918587752564,0.989247311827957,,
fold0,13,ctrl_random[null],1.0,0.33984702023251423,0.989247311827957,,
fold0,14,ctrl_random[null],1.0,0.3604172426812135,0.989247311827957,,
fold0,15,ctrl_random[null],1.0,0.3032125090241567,0.989247311827957,,
fold0,16,ctrl_random[null],1.0,0.5129963065366516,0.989247311827957,,
fold0,17,ctrl_random[null],1.0,0.14695526873715475,0.989247311827957,,
fold0,18,ctrl_random[null],1.0,0.4770317316680352,0.989247311827957,,
fold0,19,ctrl_random[null],1.0,0.34834409779725845,0.989247311827957,,
fold0,20,ctrl_random[null],1.0,0.20987415143674215,0.989247311827957,,
fold0,21,ctrl_random[null],1.0,0.24215120611131993,0.989247311827957,,
fold0,22,ctrl_random[null],1.0,0.46229022009551307,0.989247311827957,,
fold0,23,ctrl_random[null],1.0,0.3995913893097702,0.946236559139785,,
fold0,24,ctrl_random[null],1.0,0.40050823528626883,0.989247311827957,,
fold0,25,ctrl_random[null],1.0,0.4094152504745767,0.989247311827957,,
fold0,26,ctrl_random[null],1.0,0.306408177166706,0.989247311827957,,
fold0,27,ctrl_random[null],1.0,0.3197947147505652,0.946236559139785,,
fold0,28,ctrl_random[null],1.0,0.5043157745396608,0.946236559139785,,
fold0,29,ctrl_random[null],1.0,0.3611077084372631,0.989247311827957,,
fold0,30,ctrl_random[null],1.0,0.21774374927480805,0.989247311827957,,
fold0,31,ctrl_random[null],1.0,0.49996637082386824,0.989247311827957,,
fold0,32,ctrl_random[null],1.0,0.31620747751768563,0.946236559139785,,
fold0,33,ctrl_random[null],1.0,0.3411786177844393,0.989247311827957,,
fold0,34,ctrl_random[null],1.0,0.16617227196965947,0.989247311827957,,
fold0,35,ctrl_random[null],1.0,0.4336840278989227,0.989247311827957,,
fold0,36,ctrl_random[null],1.0,0.3641455096755091,0.989247311827957,,
fold0,37,ctrl_random[null],1.0,0.52436490955121,0.989247311827957,,
fold0,38,ctrl_random[null],1.0,0.5301382629165524,0.989247311827957,,
fold0,39,ctrl_random[null],1.0,0.09854645614215005,0.989247311827957,,
fold0,40,ctrl_random[null],1.0,0.2715845054855957,0.989247311827957,,
fold0,41,ctrl_random[null],1.0,0.38697230276011757,0.989247311827957,,
fold0,42,ctrl_random[null],1.0,0.3525927284176947,0.989247311827957,,
fold0,43,ctrl_random[null],1.0,0.2936593746791504,0.989247311827957,,
fold0,44,ctrl_random[null],1.0,0.2419870577287597,0.989247311827957,,
fold0,45,ctrl_random[null],1.0,0.2100899500037114,0.989247311827957,,
fold0,46,ctrl_random[null],1.0,0.5250507425264526,0.946236559139785,,
fold0,47,ctrl_random[null],1.0,0.18202946356052235,0.989247311827957,,
fold0,48,ctrl_random[null],1.0,0.2909052748097888,0.989247311827957,,
fold0,49,ctrl_random[null],1.0,0.31074712015519507,0.989247311827957,,
fold0,50,ctrl_random[null],1.0,0.3506654089749754,0.989247311827957,,
fold0,51,ctrl_random[null],1.0,0.5843744661401841,0.989247311827957,,
fold0,52,ctrl_random[null],1.0,0.34192622489646635,0.989247311827957,,
fold0,53,ctrl_random[null],1.0,0.31762293599549823,0.989247311827957,,
fold0,54,ctrl_random[null],1.0,0.2644134613884937,0.989247311827957,,
fold0,55,ctrl_random[null],1.0,0.1880635250228379,0.989247311827957,,
fold0,56,ctrl_random[null],1.0,0.28927648863892325,0.989247311827957,,
fold0,57,ctrl_random[null],1.0,0.4143162272764195,0.989247311827957,,
fold0,58,ctrl_random[null],1.0,0.28691947037407634,0.989247311827957,,
fold0,59,ctrl_random[null],1.0,0.4356774538386375,0.989247311827957,,
fold0,60,ctrl_random[null],1.0,0.5341777618086235,0.989247311827957,,
fold0,61,ctrl_random[null],1.0,0.38824068214060936,0.989247311827957,,
fold0,62,ctrl_random[null],1.0,0.3464049860869845,0.989247311827957,,
fold0,63,ctrl_random[null],1.0,0.3749271314834813,0.989247311827957,,
fold0,64,ctrl_random[null],1.0,0.20317663591014737,0.989247311827957,,
fold0,65,ctrl_random[null],1.0,0.47416704348381844,0.989247311827957,,
fold0,66,ctrl_random[null],1.0,0.2439727820050996,0.989247311827957,,
fold0,67,ctrl_random[null],1.0,0.31824217398666166,0.989247311827957,,
fold0,68,ctrl_random[null],1.0,0.5077587428823275,0.989247311827957,,
fold0,69,ctrl_random[null],1.0,0.5688956701138288,0.989247311827957,,
fold0,70,ctrl_random[null],1.0,0.27673364749623275,0.989247311827957,,
fold0,71,ctrl_random[null],1.0,0.41135186761576575,0.989247311827957,,
fold0,72,ctrl_random[null],1.0,0.14285714285714285,0.989247311827957,,
fold0,73,ctrl_random[null],1.0,0.43754790483535233,0.989247311827957,,
fold0,74,ctrl_random[null],1.0,0.3963914538009167,0.946236559139785,,
fold0,75,ctrl_random[null],1.0,0.41572486527614555,0.989247311827957,,
fold0,76,ctrl_random[null],1.0,0.29297566344095805,0.989247311827957,,
fold0,77,ctrl_random[null],1.0,0.07142857142857142,0.989247311827957,,
fold0,78,ctrl_random[null],1.0,0.27434731109209765,0.989247311827957,,
fold0,79,ctrl_random[null],1.0,0.19171067167242475,0.989247311827957,,
fold0,80,ctrl_random[null],1.0,0.3589348413363038,0.989247311827957,,
fold0,81,ctrl_random[null],1.0,0.2512382246217349,0.989247311827957,,
fold0,82,ctrl_random[null],1.0,0.5593514386061494,0.989247311827957,,
fold0,83,ctrl_random[null],1.0,0.40178131586620625,0.989247311827957,,
fold0,84,ctrl_random[null],1.0,0.39910007514058565,0.946236559139785,,
fold0,85,ctrl_random[null],1.0,0.2709786089988643,0.989247311827957,,
fold0,86,ctrl_random[null],1.0,0.3124146183609895,0.989247311827957,,
fold0,87,ctrl_random[null],1.0,0.5072874004489014,0.989247311827957,,
fold0,88,ctrl_random[null],1.0,0.1373163916408845,0.989247311827957,,
fold0,89,ctrl_random[null],1.0,0.24838720013965773,0.946236559139785,,
fold0,90,ctrl_random[null],1.0,0.426241110213625,0.989247311827957,,
fold0,91,ctrl_random[null],1.0,0.3970093726653115,0.989247311827957,,
fold0,92,ctrl_random[null],1.0,0.42690967991255874,0.9032258064516129,,
fold0,93,ctrl_random[null],1.0,0.6297427468626008,0.989247311827957,,
fold0,94,ctrl_random[null],1.0,0.3165901718475446,0.989247311827957,,
fold0,95,ctrl_random[null],1.0,0.2594378105858898,0.946236559139785,,
fold0,96,ctrl_random[null],1.0,0.13740436078082402,0.989247311827957,,
fold0,97,ctrl_random[null],1.0,0.3718412874349596,0.946236559139785,,
fold0,98,ctrl_random[null],1.0,0.46540832617931416,0.946236559139785,,
fold0,99,ctrl_random[null],1.0,0.5107089291348836,0.989247311827957,,
fold0,100,ctrl_random[null],1.0,0.3248866064176652,0.989247311827957,,
fold0,101,ctrl_random[null],1.0,0.30964917022188854,0.989247311827957,,
fold0,102,ctrl_random[null],1.0,0.41476825208250506,0.989247311827957,,
fold0,103,ctrl_random[null],1.0,0.4445040500947554,0.9032258064516129,,
fold0,104,ctrl_random[null],1.0,0.3025199346578863,0.989247311827957,,
fold0,105,ctrl_random[null],1.0,0.6182709869107113,0.989247311827957,,
fold0,106,ctrl_random[null],1.0,0.2709786089988643,0.989247311827957,,
fold0,107,ctrl_random[null],1.0,0.4391123195363564,0.989247311827957,,
fold0,108,ctrl_random[null],1.0,0.49063666745208806,0.989247311827957,,
fold0,109,ctrl_random[null],1.0,0.29105300070566337,0.946236559139785,,
fold0,110,ctrl_random[null],1.0,0.3680716873356551,0.989247311827957,,
fold0,111,ctrl_random[null],1.0,0.2572508941457899,0.989247311827957,,
fold0,112,ctrl_random[null],1.0,0.32218584051933696,0.989247311827957,,
fold0,113,ctrl_random[null],1.0,0.5867573929567287,0.946236559139785,,
fold0,114,ctrl_random[null],1.0,0.3650138021623281,0.9032258064516129,,
fold0,115,ctrl_random[null],1.0,0.24893900875664196,0.989247311827957,,
fold0,116,ctrl_random[null],1.0,0.2901176783176135,0.989247311827957,,
fold0,117,ctrl_random[null],1.0,0.2983725732843125,0.989247311827957,,
fold0,118,ctrl_random[null],1.0,0.30608154442858576,0.989247311827957,,
fold0,119,ctrl_random[null],1.0,0.367016119816019,0.946236559139785,,
fold0,120,ctrl_random[null],1.0,0.2736598497244848,0.9032258064516129,,
fold0,121,ctrl_random[null],1.0,0.3307114660676741,0.989247311827957,,
fold0,122,ctrl_random[null],1.0,0.5023005264478898,0.946236559139785,,
fold0,123,ctrl_random[null],1.0,0.47469122081841675,0.946236559139785,,
fold0,124,ctrl_random[null],1.0,0.4854151781032404,0.989247311827957,,
fold0,125,ctrl_random[null],1.0,0.4165169925816277,0.989247311827957,,
fold0,126,ctrl_random[null],1.0,0.20503932594972316,0.989247311827957,,
fold0,127,ctrl_random[null],1.0,0.3170886313319911,0.989247311827957,,
fold0,128,ctrl_random[null],1.0,0.3982409216755601,0.989247311827957,,
fold0,129,ctrl_random[null],1.0,0.37915610889538176,0.989247311827957,,
fold0,130,ctrl_random[null],1.0,0.41797799049303336,0.989247311827957,,
fold0,131,ctrl_random[null],1.0,0.4148809671244419,0.989247311827957,,
fold0,132,ctrl_random[null],1.0,0.3307114660676741,0.989247311827957,,
fold0,133,ctrl_random[null],1.0,0.4098120499156849,0.989247311827957,,
fold0,134,ctrl_random[null],1.0,0.06885938842276478,0.946236559139785,,
fold0,135,ctrl_random[null],1.0,0.44155455698784773,0.989247311827957,,
fold0,136,ctrl_random[null],1.0,0.41417254667524855,0.946236559139785,,
fold0,137,ctrl_random[null],1.0,0.5835868696480088,0.989247311827957,,
fold0,138,ctrl_random[null],1.0,0.5653279327645769,0.989247311827957,,
fold0,139,ctrl_random[null],1.0,0.40386803694062035,0.989247311827957,,
fold0,140,ctrl_random[null],1.0,0.26597390133715637,0.989247311827957,,
fold0,141,ctrl_random[null],1.0,0.35714285714285715,0.989247311827957,,
fold0,142,ctrl_random[null],1.0,0.49445924878374165,0.946236559139785,,
fold0,143,ctrl_random[null],1.0,0.32848092791081646,0.989247311827957,,
fold0,144,ctrl_random[null],1.0,0.33984702023251423,0.989247311827957,,
fold0,145,ctrl_random[null],1.0,0.340090462387679,0.989247311827957,,
fold0,146,ctrl_random[null],1.0,0.4106589379529945,0.989247311827957,,
fold0,147,ctrl_random[null],1.0,0.44452225718276905,0.989247311827957,,
fold0,148,ctrl_random[null],1.0,0.4806379574566696,0.946236559139785,,
fold0,149,ctrl_random[null],1.0,0.4317546995395935,0.989247311827957,,
fold0,150,ctrl_random[null],1.0,0.41896746086428155,0.989247311827957,,
fold0,151,ctrl_random[null],1.0,0.5134960526282415,0.989247311827957,,
fold0,152,ctrl_random[null],1.0,0.4099895489916972,0.989247311827957,,
fold0,153,ctrl_random[null],1.0,0.33031588398027373,0.989247311827957,,
fold0,154,ctrl_random[null],1.0,0.21754139092991645,0.989247311827957,,
fold0,155,ctrl_random[null],1.0,0.438369625524404,0.946236559139785,,
fold0,156,ctrl_random[null],1.0,0.43048648485282043,0.989247311827957,,
fold0,157,ctrl_random[null],1.0,0.3307301749618282,0.989247311827957,,
fold0,158,ctrl_random[null],1.0,0.1633642243158497,0.946236559139785,,
fold0,159,ctrl_random[null],1.0,0.3128321704278643,0.989247311827957,,
fold0,160,ctrl_random[null],1.0,0.3566651593315681,0.989247311827957,,
fold0,161,ctrl_random[null],1.0,0.36615940868799646,0.989247311827957,,
fold0,162,ctrl_random[null],1.0,0.4013637637993314,0.989247311827957,,
fold0,163,ctrl_random[null],1.0,0.2667248446647113,0.989247311827957,,
fold0,164,ctrl_random[null],1.0,0.21563912405460134,0.989247311827957,,
fold0,165,ctrl_random[null],1.0,0.40450057493886976,0.989247311827957,,
fold0,166,ctrl_random[null],1.0,0.5708306716856812,0.946236559139785,,
fold0,167,ctrl_random[null],1.0,0.4211007328609709,0.989247311827957,,
fold0,168,ctrl_random[null],1.0,0.35714285714285715,0.989247311827957,,
fold0,169,ctrl_random[null],1.0,0.5625563914138786,0.989247311827957,,
fold0,170,ctrl_random[null],1.0,0.3085260918953722,0.989247311827957,,
fold0,171,ctrl_random[null],1.0,0.6094167730083964,0.989247311827957,,
fold0,172,ctrl_random[null],1.0,0.2794087491827298,0.946236559139785,,
fold0,173,ctrl_random[null],1.0,0.45734570354858456,0.989247311827957,,
fold0,174,ctrl_random[null],1.0,0.24003837227123598,0.989247311827957,,
fold0,175,ctrl_random[null],1.0,0.24838720013965773,0.989247311827957,,
fold0,176,ctrl_random[null],1.0,0.338234220372172,0.989247311827957,,
fold0,177,ctrl_random[null],1.0,0.5534591247468211,0.989247311827957,,
fold0,178,ctrl_random[null],1.0,0.10567916469210156,0.989247311827957,,
fold0,179,ctrl_random[null],1.0,0.299509540350233,0.989247311827957,,
fold0,180,ctrl_random[null],1.0,0.28656238606537227,0.989247311827957,,
fold0,181,ctrl_random[null],1.0,0.36563197591038193,0.946236559139785,,
fold0,182,ctrl_random[null],1.0,0.5843942381561955,0.989247311827957,,
fold0,183,ctrl_random[null],1.0,0.2420816636081018,0.946236559139785,,
fold0,184,ctrl_random[null],1.0,0.35714285714285715,0.989247311827957,,
fold0,185,ctrl_random[null],1.0,0.2553869314902885,0.989247311827957,,
fold0,186,ctrl_random[null],1.0,0.41021145605007175,0.946236559139785,,
fold0,187,ctrl_random[null],1.0,0.2419870577287597,0.946236559139785,,
fold0,188,ctrl_random[null],1.0,0.34804711883401795,0.989247311827957,,
fold0,189,ctrl_random[null],1.0,0.0,0.989247311827957,,
fold0,190,ctrl_random[null],1.0,0.28123958187532117,0.989247311827957,,
fold0,191,ctrl_random[null],1.0,0.43611981586717236,0.989247311827957,,
fold0,192,ctrl_random[null],1.0,0.2502324352684092,0.989247311827957,,
fold0,193,ctrl_random[null],1.0,0.11642575178195977,0.989247311827957,,
fold0,194,ctrl_random[null],1.0,0.29881435834262576,0.946236559139785,,
fold0,195,ctrl_random[null],1.0,0.37812146614172143,0.946236559139785,,
fold0,196,ctrl_random[null],1.0,0.20503932594972316,0.989247311827957,,
fold0,197,ctrl_random[null],1.0,0.3711705470472136,0.989247311827957,,
fold0,198,ctrl_random[null],1.0,0.6781823048619758,0.989247311827957,,
fold0,199,ctrl_random[null],1.0,0.24537680583200444,0.946236559139785,,
fold1,0,ctrl_random[null],1.0,0.34462880979704585,0.989247311827957,,
fold1,1,ctrl_random[null],1.0,0.2222222222222222,0.989247311827957,,
fold1,2,ctrl_random[null],1.0,0.27058614240534024,0.989247311827957,,
fold1,3,ctrl_random[null],1.0,0.5026274512678126,0.946236559139785,,
fold1,4,ctrl_random[null],1.0,0.39151634015670145,0.989247311827957,,
fold1,5,ctrl_random[null],1.0,0.5650913076918384,0.989247311827957,,
fold1,6,ctrl_random[null],1.0,0.5637197043405892,0.989247311827957,,
fold1,7,ctrl_random[null],1.0,0.3535021482429706,0.989247311827957,,
fold1,8,ctrl_random[null],1.0,0.16666666666666666,0.989247311827957,,
fold1,9,ctrl_random[null],1.0,0.16929411793447924,0.989247311827957,,
fold1,10,ctrl_random[null],1.0,0.3421037022218074,0.989247311827957,,
fold1,11,ctrl_random[null],1.0,0.18632060238876658,0.989247311827957,,
fold1,12,ctrl_random[null],1.0,0.3333333333333333,0.989247311827957,,
fold1,13,ctrl_random[null],1.0,0.5082610197220574,0.989247311827957,,
fold1,14,ctrl_random[null],1.0,0.6072082981308048,0.989247311827957,,
fold1,15,ctrl_random[null],1.0,0.26077753002291987,0.989247311827957,,
fold1,16,ctrl_random[null],1.0,0.344091664410514,0.989247311827957,,
fold1,17,ctrl_random[null],1.0,0.27526897799502315,0.989247311827957,,
fold1,18,ctrl_random[null],1.0,0.42952889747130285,0.989247311827957,,
fold1,19,ctrl_random[null],1.0,0.6877911876800915,0.989247311827957,,
fold1,20,ctrl_random[null],1.0,0.32352472095091295,0.989247311827957,,
fold1,21,ctrl_random[null],1.0,0.24547994156172154,0.989247311827957,,
fold1,22,ctrl_random[null],1.0,0.27526897799502315,0.946236559139785,,
fold1,23,ctrl_random[null],1.0,0.19930005844267773,0.989247311827957,,
fold1,24,ctrl_random[null],1.0,0.2331106932120923,0.989247311827957,,
fold1,25,ctrl_random[null],1.0,0.2395441138428682,0.989247311827957,,
fold1,26,ctrl_random[null],1.0,0.2565176331219996,0.989247311827957,,
fold1,27,ctrl_random[null],1.0,0.3011291910348922,0.989247311827957,,
fold1,28,ctrl_random[null],1.0,0.18286644932158938,0.989247311827957,,
fold1,29,ctrl_random[null],1.0,0.4656231886043384,0.989247311827957,,
fold1,30,ctrl_random[null],1.0,0.3366900468641807,0.946236559139785,,
fold1,31,ctrl_random[null],1.0,0.3532773181110331,0.946236559139785,,
fold1,32,ctrl_random[null],1.0,0.17492768638872416,0.989247311827957,,
fold1,33,ctrl_random[null],1.0,0.41660754561363444,0.989247311827957,,
fold1,34,ctrl_random[null],1.0,0.536804210682532,0.989247311827957,,
fold1,35,ctrl_random[null],1.0,0.3415943530553908,0.989247311827957,,
fold1,36,ctrl_random[null],1.0,0.609763106610235,0.989247311827957,,
fold1,37,ctrl_random[null],1.0,0.10391947573867356,0.989247311827957,,
fold1,38,ctrl_random[null],1.0,0.5248482909689098,0.989247311827957,,
fold1,39,ctrl_random[null],1.0,0.3504008429286389,0.989247311827957,,
fold1,40,ctrl_random[null],1.0,0.31041116955378883,0.989247311827957,,
fold1,41,ctrl_random[null],1.0,0.16609405576676453,0.989247311827957,,
fold1,42,ctrl_random[null],1.0,0.5414970536578616,0.989247311827957,,
fold1,43,ctrl_random[null],1.0,0.286642225115256,0.989247311827957,,
fold1,44,ctrl_random[null],1.0,0.15947503129422913,0.989247311827957,,
fold1,45,ctrl_random[null],1.0,0.6323284933315431,0.946236559139785,,
fold1,46,ctrl_random[null],1.0,0.20207376175052202,0.946236559139785,,
fold1,47,ctrl_random[null],1.0,0.2417624106155084,0.989247311827957,,
fold1,48,ctrl_random[null],1.0,0.4206755000059116,0.989247311827957,,
fold1,49,ctrl_random[null],1.0,0.49749120021724536,0.989247311827957,,
fold1,50,ctrl_random[null],1.0,0.6039194757386736,0.989247311827957,,
fold1,51,ctrl_random[null],1.0,0.34677248627518575,0.989247311827957,,
fold1,52,ctrl_random[null],1.0,0.42215827927962724,0.989247311827957,,
fold1,53,ctrl_random[null],1.0,0.5501914197616697,0.946236559139785,,
fold1,54,ctrl_random[null],1.0,0.2728734715865676,0.989247311827957,,
fold1,55,ctrl_random[null],1.0,0.3333333333333333,0.989247311827957,,
fold1,56,ctrl_random[null],1.0,0.4256930995714209,0.989247311827957,,
fold1,57,ctrl_random[null],1.0,0.41252220968506836,0.989247311827957,,
fold1,58,ctrl_random[null],1.0,0.14540652201088847,0.989247311827957,,
fold1,59,ctrl_random[null],1.0,0.44456309592950244,0.946236559139785,,
fold1,60,ctrl_random[null],1.0,0.2903901053330143,0.946236559139785,,
fold1,61,ctrl_random[null],1.0,0.41660754561363444,0.989247311827957,,
fold1,62,ctrl_random[null],1.0,0.5773764065178878,0.989247311827957,,
fold1,63,ctrl_random[null],1.0,0.27059661666317,0.989247311827957,,
fold1,64,ctrl_random[null],1.0,0.21241360983980184,0.989247311827957,,
fold1,65,ctrl_random[null],1.0,0.21321811701593743,0.989247311827957,,
fold1,66,ctrl_random[null],1.0,0.15104120014402858,0.989247311827957,,
fold1,67,ctrl_random[null],1.0,0.2802438151251862,0.989247311827957,,
fold1,68,ctrl_random[null],1.0,0.32352472095091295,0.989247311827957,,
fold1,69,ctrl_random[null],1.0,0.4027709357918764,0.989247311827957,,
fold1,70,ctrl_random[null],1.0,0.7069875761679746,0.946236559139785,,
fold1,71,ctrl_random[null],1.0,0.2414974701473992,0.989247311827957,,
fold1,72,ctrl_random[null],1.0,0.2890569464490065,0.989247311827957,,
fold1,73,ctrl_random[null],1.0,0.19151495763557655,0.989247311827957,,
fold1,74,ctrl_random[null],1.0,0.5132325877537153,0.946236559139785,,
fold1,75,ctrl_random[null],1.0,0.43015213680581416,0.989247311827957,,
fold1,76,ctrl_random[null],1.0,0.38578478681524253,0.989247311827957,,
fold1,77,ctrl_random[null],1.0,0.46151195403975,0.989247311827957,,
fold1,78,ctrl_random[null],1.0,0.5151478558137178,0.989247311827957,,
fold1,79,ctrl_random[null],1.0,0.38638008910613425,0.989247311827957,,
fold1,80,ctrl_random[null],1.0,0.1844171061540497,0.989247311827957,,
fold1,81,ctrl_random[null],1.0,0.38285316368825495,0.989247311827957,,
fold1,82,ctrl_random[null],1.0,0.3888888888888889,0.989247311827957,,
fold1,83,ctrl_random[null],1.0,0.524306677650328,0.946236559139785,,
fold1,84,ctrl_random[null],1.0,0.18788404888709864,0.989247311827957,,
fold1,85,ctrl_random[null],1.0,0.43463583206202405,0.989247311827957,,
fold1,86,ctrl_random[null],1.0,0.11948587816198233,0.946236559139785,,
fold1,87,ctrl_random[null],1.0,0.4444444444444444,0.989247311827957,,
fold1,88,ctrl_random[null],1.0,0.046179883119043766,0.989247311827957,,
fold1,89,ctrl_random[null],1.0,0.2376948407546203,0.989247311827957,,
fold1,90,ctrl_random[null],1.0,0.4621948839318275,0.946236559139785,,
fold1,91,ctrl_random[null],1.0,0.5850848452579203,0.989247311827957,,
fold1,92,ctrl_random[null],1.0,0.43942684487893513,0.946236559139785,,
fold1,93,ctrl_random[null],1.0,0.4214409526768459,0.989247311827957,,
fold1,94,ctrl_random[null],1.0,0.3745056181440138,0.989247311827957,,
fold1,95,ctrl_random[null],1.0,0.39670305492429364,0.989247311827957,,
fold1,96,ctrl_random[null],1.0,0.4827192114157848,0.989247311827957,,
fold1,97,ctrl_random[null],1.0,0.4908458042935162,0.989247311827957,,
fold1,98,ctrl_random[null],1.0,0.37933130323383357,0.989247311827957,,
fold1,99,ctrl_random[null],1.0,0.5183897915040198,0.946236559139785,,
fold1,100,ctrl_random[null],1.0,0.5236333207961795,0.9032258064516129,,
fold1,101,ctrl_random[null],1.0,0.16176236047545647,0.989247311827957,,
fold1,102,ctrl_random[null],1.0,0.18704455742186227,0.946236559139785,,
fold1,103,ctrl_random[null],1.0,0.33908555327263623,0.946236559139785,,
fold1,104,ctrl_random[null],1.0,0.15947503129422913,0.989247311827957,,
fold1,105,ctrl_random[null],1.0,0.0,0.989247311827957,,
fold1,106,ctrl_random[null],1.0,0.21076114033244997,0.989247311827957,,
fold1,107,ctrl_random[null],1.0,0.30372227598387647,0.989247311827957,,
fold1,108,ctrl_random[null],1.0,0.21400456048899819,0.989247311827957,,
fold1,109,ctrl_random[null],1.0,0.3333333333333333,0.989247311827957,,
fold1,110,ctrl_random[null],1.0,0.3247022825277611,0.946236559139785,,
fold1,111,ctrl_random[null],1.0,0.27720516687787566,0.989247311827957,,
fold1,112,ctrl_random[null],1.0,0.29221783610527075,0.989247311827957,,
fold1,113,ctrl_random[null],1.0,0.7757976991260209,0.9032258064516129,,
fold1,114,ctrl_random[null],1.0,0.6498882534945551,0.989247311827957,,
fold1,115,ctrl_random[null],1.0,0.2860387974998353,0.946236559139785,,
fold1,116,ctrl_random[null],1.0,0.5236333207961795,0.946236559139785,,
fold1,117,ctrl_random[null],1.0,0.5560304149029357,0.989247311827957,,
fold1,118,ctrl_random[null],1.0,0.2777777777777778,0.989247311827957,,
fold1,119,ctrl_random[null],1.0,0.0,0.989247311827957,,
fold1,120,ctrl_random[null],1.0,0.5810077862169589,0.989247311827957,,
fold1,121,ctrl_random[null],1.0,0.4508193069244629,0.989247311827957,,
fold1,122,ctrl_random[null],1.0,0.30783376729161055,0.989247311827957,,
fold1,123,ctrl_random[null],1.0,0.268402105341266,0.989247311827957,,
fold1,124,ctrl_random[null],1.0,0.7034708773491987,0.946236559139785,,
fold1,125,ctrl_random[null],1.0,0.39813893894019325,0.9032258064516129,,
fold1,126,ctrl_random[null],1.0,0.3333333333333333,0.989247311827957,,
fold1,127,ctrl_random[null],1.0,0.38169725351645134,0.989247311827957,,
fold1,128,ctrl_random[null],1.0,0.28040522904559034,0.989247311827957,,
fold1,129,ctrl_random[null],1.0,0.41087688888063717,0.989247311827957,,
fold1,130,ctrl_random[null],1.0,0.536804210682532,0.989247311827957,,
fold1,131,ctrl_random[null],1.0,0.29221783610527075,0.989247311827957,,
fold1,132,ctrl_random[null],1.0,0.4062458339355986,0.989247311827957,,
fold1,133,ctrl_random[null],1.0,0.20783895147734713,0.989247311827957,,
fold1,134,ctrl_random[null],1.0,0.21241360983980184,0.989247311827957,,
fold1,135,ctrl_random[null],1.0,0.6188539031736884,0.989247311827957,,
fold1,136,ctrl_random[null],1.0,0.3091414502060379,0.989247311827957,,
fold1,137,ctrl_random[null],1.0,0.5868339271850569,0.989247311827957,,
fold1,138,ctrl_random[null],1.0,0.11740046870872188,0.989247311827957,,
fold1,139,ctrl_random[null],1.0,0.4444444444444444,0.989247311827957,,
fold1,140,ctrl_random[null],1.0,0.6325311456631274,0.989247311827957,,
fold1,141,ctrl_random[null],1.0,0.24478055956467962,0.989247311827957,,
fold1,142,ctrl_random[null],1.0,0.7590264329047542,0.989247311827957,,
fold1,143,ctrl_random[null],1.0,0.37667965395094205,0.989247311827957,,
fold1,144,ctrl_random[null],1.0,0.6111111111111112,0.989247311827957,,
fold1,145,ctrl_random[null],1.0,0.3333333333333333,0.989247311827957,,
fold1,146,ctrl_random[null],1.0,0.6648541968328194,0.989247311827957,,
fold1,147,ctrl_random[null],1.0,0.40867242577777174,0.989247311827957,,
fold1,148,ctrl_random[null],1.0,0.3987884643775541,0.989247311827957,,
fold1,149,ctrl_random[null],1.0,0.641932033053275,0.989247311827957,,
fold1,150,ctrl_random[null],1.0,0.43006117369956937,0.989247311827957,,
fold1,151,ctrl_random[null],1.0,0.26338450577575667,0.989247311827957,,
fold1,152,ctrl_random[null],1.0,0.40190505590005926,0.946236559139785,,
fold1,153,ctrl_random[null],1.0,0.32624792200554986,0.946236559139785,,
fold1,154,ctrl_random[null],1.0,0.4494728822490026,0.989247311827957,,
fold1,155,ctrl_random[null],1.0,0.3383977192243145,0.989247311827957,,
fold1,156,ctrl_random[null],1.0,0.49082661127267424,0.946236559139785,,
fold1,157,ctrl_random[null],1.0,0.21241360983980184,0.989247311827957,,
fold1,158,ctrl_random[null],1.0,0.2860387974998353,0.989247311827957,,
fold1,159,ctrl_random[null],1.0,0.5498344764719263,0.989247311827957,,
fold1,160,ctrl_random[null],1.0,0.5177504394873831,0.989247311827957,,
fold1,161,ctrl_random[null],1.0,0.05555555555555555,0.989247311827957,,
fold1,162,ctrl_random[null],1.0,0.43463583206202405,0.989247311827957,,
fold1,163,ctrl_random[null],1.0,0.4976098517023033,0.989247311827957,,
fold1,164,ctrl_random[null],1.0,0.15729099423015488,0.989247311827957,,
fold1,165,ctrl_random[null],1.0,0.6487397721845771,0.989247311827957,,
fold1,166,ctrl_random[null],1.0,0.4959101901844974,0.989247311827957,,
fold1,167,ctrl_random[null],1.0,0.3333333333333333,0.989247311827957,,
fold1,168,ctrl_random[null],1.0,0.4775537551354118,0.989247311827957,,
fold1,169,ctrl_random[null],1.0,0.2026049974573815,0.989247311827957,,
fold1,170,ctrl_random[null],1.0,0.3271251291860406,0.989247311827957,,
fold1,171,ctrl_random[null],1.0,0.4444444444444444,0.989247311827957,,
fold1,172,ctrl_random[null],1.0,0.3987752373695867,0.989247311827957,,
fold1,173,ctrl_random[null],1.0,0.2966200857570462,0.989247311827957,,
fold1,174,ctrl_random[null],1.0,0.08420647591724434,0.946236559139785,,
fold1,175,ctrl_random[null],1.0,0.2222222222222222,0.989247311827957,,
fold1,176,ctrl_random[null],1.0,0.4463479406791614,0.989247311827957,,
fold1,177,ctrl_random[null],1.0,0.536804210682532,0.989247311827957,,
fold1,178,ctrl_random[null],1.0,0.2222222222222222,0.989247311827957,,
fold1,179,ctrl_random[null],1.0,0.20282135191183784,0.989247311827957,,
fold1,180,ctrl_random[null],1.0,0.4065429200401361,0.989247311827957,,
fold1,181,ctrl_random[null],1.0,0.5710281740879536,0.989247311827957,,
fold1,182,ctrl_random[null],1.0,0.0,0.989247311827957,,
fold1,183,ctrl_random[null],1.0,0.35070944810044835,0.989247311827957,,
fold1,184,ctrl_random[null],1.0,0.21241360983980184,0.989247311827957,,
fold1,185,ctrl_random[null],1.0,0.5566349020859326,0.989247311827957,,
fold1,186,ctrl_random[null],1.0,0.34031265632751495,0.946236559139785,,
fold1,187,ctrl_random[null],1.0,0.2733483309339477,0.946236559139785,,
fold1,188,ctrl_random[null],1.0,0.10609351154560183,0.989247311827957,,
fold1,189,ctrl_random[null],1.0,0.22329160657184216,0.989247311827957,,
fold1,190,ctrl_random[null],1.0,0.5224209399376569,0.989247311827957,,
fold1,191,ctrl_random[null],1.0,0.5626315697999318,0.989247311827957,,
fold1,192,ctrl_random[null],1.0,0.31850712138540366,0.989247311827957,,
fold1,193,ctrl_random[null],1.0,0.43463583206202405,0.989247311827957,,
fold1,194,ctrl_random[null],1.0,0.42152228066489994,0.989247311827957,,
fold1,195,ctrl_random[null],1.0,0.5457469431731352,0.989247311827957,,
fold1,196,ctrl_random[null],1.0,0.08040384652446546,0.989247311827957,,
fold1,197,ctrl_random[null],1.0,0.10502919475992921,0.989247311827957,,
fold1,198,ctrl_random[null],1.0,0.4504800178246492,0.989247311827957,,
fold1,199,ctrl_random[null],1.0,0.49899909461435943,0.989247311827957,,
fold2,0,ctrl_random[null],1.0,0.30608154442858576,0.989247311827957,,
fold2,1,ctrl_random[null],1.0,0.3128321704278643,0.989247311827957,,
fold2,2,ctrl_random[null],1.0,0.45638622418943137,0.946236559139785,,
fold2,3,ctrl_random[null],1.0,0.49773762192405097,0.946236559139785,,
fold2,4,ctrl_random[null],1.0,0.4165534988847392,0.989247311827957,,
fold2,5,ctrl_random[null],1.0,0.1281214661417214,0.946236559139785,,
fold2,6,ctrl_random[null],1.0,0.2671549339182954,0.989247311827957,,
fold2,7,ctrl_random[null],1.0,0.47064972709985625,0.989247311827957,,
fold2,8,ctrl_random[null],1.0,0.5196566734256778,0.989247311827957,,
fold2,9,ctrl_random[null],1.0,0.2931680620054151,0.989247311827957,,
fold2,10,ctrl_random[null],1.0,0.30224516172906296,0.989247311827957,,
fold2,11,ctrl_random[null],1.0,0.29135237999973335,0.989247311827957,,
fold2,12,ctrl_random[null],1.0,0.25833388348191366,0.989247311827957,,
fold2,13,ctrl_random[null],1.0,0.3510667455774443,0.989247311827957,,
fold2,14,ctrl_random[null],1.0,0.2821141107549938,0.9032258064516129,,
fold2,15,ctrl_random[null],1.0,0.5770666657140191,0.989247311827957,,
fold2,16,ctrl_random[null],1.0,0.28557215917357526,0.989247311827957,,
fold2,17,ctrl_random[null],1.0,0.5527554470805738,0.989247311827957,,
fold2,18,ctrl_random[null],1.0,0.49677440027931546,0.989247311827957,,
fold2,19,ctrl_random[null],1.0,0.3629519104481374,0.989247311827957,,
fold2,20,ctrl_random[null],1.0,0.4382838155681586,0.946236559139785,,
fold2,21,ctrl_random[null],1.0,0.38682992486224244,0.989247311827957,,
fold2,22,ctrl_random[null],1.0,0.5465824900767223,0.989247311827957,,
fold2,23,ctrl_random[null],1.0,0.3523772890167369,0.946236559139785,,
fold2,24,ctrl_random[null],1.0,0.40616533192135085,0.989247311827957,,
fold2,25,ctrl_random[null],1.0,0.43388208410703694,0.989247311827957,,
fold2,26,ctrl_random[null],1.0,0.38200159471562195,0.989247311827957,,
fold2,27,ctrl_random[null],1.0,0.4089051380596768,0.946236559139785,,
fold2,28,ctrl_random[null],1.0,0.46841523964133636,0.989247311827957,,
fold2,29,ctrl_random[null],1.0,0.4067126028588201,0.989247311827957,,
fold2,30,ctrl_random[null],1.0,0.18582232271721846,0.989247311827957,,
fold2,31,ctrl_random[null],1.0,0.44036616901766096,0.989247311827957,,
fold2,32,ctrl_random[null],1.0,0.3223739290428053,0.946236559139785,,
fold2,33,ctrl_random[null],1.0,0.47298005050392583,0.989247311827957,,
fold2,34,ctrl_random[null],1.0,0.37617951269934646,0.946236559139785,,
fold2,35,ctrl_random[null],1.0,0.3150502034421089,0.989247311827957,,
fold2,36,ctrl_random[null],1.0,0.3831096932425436,0.989247311827957,,
fold2,37,ctrl_random[null],1.0,0.49547912123440346,0.989247311827957,,
fold2,38,ctrl_random[null],1.0,0.5164674725506826,0.989247311827957,,
fold2,39,ctrl_random[null],1.0,0.4093381578858966,0.989247311827957,,
fold2,40,ctrl_random[null],1.0,0.5908605077548216,0.989247311827957,,
fold2,41,ctrl_random[null],1.0,0.6929848899599224,0.989247311827957,,
fold2,42,ctrl_random[null],1.0,0.5831136982164477,0.989247311827957,,
fold2,43,ctrl_random[null],1.0,0.48486586118725433,0.989247311827957,,
fold2,44,ctrl_random[null],1.0,0.42534582885074407,0.989247311827957,,
fold2,45,ctrl_random[null],1.0,0.37612597195152014,0.989247311827957,,
fold2,46,ctrl_random[null],1.0,0.25928289463910265,0.989247311827957,,
fold2,47,ctrl_random[null],1.0,0.11246634631711751,0.989247311827957,,
fold2,48,ctrl_random[null],1.0,0.2747855550147342,0.989247311827957,,
fold2,49,ctrl_random[null],1.0,0.3332370680461247,0.989247311827957,,
fold2,50,ctrl_random[null],1.0,0.5988134695790455,0.946236559139785,,
fold2,51,ctrl_random[null],1.0,0.41383575185600713,0.989247311827957,,
fold2,52,ctrl_random[null],1.0,0.2156818123198924,0.946236559139785,,
fold2,53,ctrl_random[null],1.0,0.5638534882338622,0.989247311827957,,
fold2,54,ctrl_random[null],1.0,0.29579432414353163,0.989247311827957,,
fold2,55,ctrl_random[null],1.0,0.21428571428571427,0.989247311827957,,
fold2,56,ctrl_random[null],1.0,0.2875595208430372,0.946236559139785,,
fold2,57,ctrl_random[null],1.0,0.3915116360022256,0.989247311827957,,
fold2,58,ctrl_random[null],1.0,0.5079609590659161,0.989247311827957,,
fold2,59,ctrl_random[null],1.0,0.37588806313775375,0.989247311827957,,
fold2,60,ctrl_random[null],1.0,0.5435334879026328,0.989247311827957,,
fold2,61,ctrl_random[null],1.0,0.3852171250019002,0.989247311827957,,
fold2,62,ctrl_random[null],1.0,0.20864431634385375,0.989247311827957,,
fold2,63,ctrl_random[null],1.0,0.4881688499372187,0.9032258064516129,,
fold2,64,ctrl_random[null],1.0,0.29302565886300685,0.989247311827957,,
fold2,65,ctrl_random[null],1.0,0.3019135704157088,0.989247311827957,,
fold2,66,ctrl_random[null],1.0,0.2623912308090423,0.989247311827957,,
fold2,67,ctrl_random[null],1.0,0.21894541475682133,0.989247311827957,,
fold2,68,ctrl_random[null],1.0,0.38843146688666413,0.9032258064516129,,
fold2,69,ctrl_random[null],1.0,0.4074129821435117,0.989247311827957,,
fold2,70,ctrl_random[null],1.0,0.3350683171417063,0.989247311827957,,
fold2,71,ctrl_random[null],1.0,0.2857142857142857,0.989247311827957,,
fold2,72,ctrl_random[null],1.0,0.3870966937350751,0.989247311827957,,
fold2,73,ctrl_random[null],1.0,0.2426321616422893,0.989247311827957,,
fold2,74,ctrl_random[null],1.0,0.5124213077325599,0.989247311827957,,
fold2,75,ctrl_random[null],1.0,0.25,0.989247311827957,,
fold2,76,ctrl_random[null],1.0,0.3204336904326239,0.989247311827957,,
fold2,77,ctrl_random[null],1.0,0.24846347609433783,0.989247311827957,,
fold2,78,ctrl_random[null],1.0,0.4274889630357527,0.989247311827957,,
fold2,79,ctrl_random[null],1.0,0.37173640731756813,0.946236559139785,,
fold2,80,ctrl_random[null],1.0,0.4232112496541066,0.989247311827957,,
fold2,81,ctrl_random[null],1.0,0.2426321616422893,0.989247311827957,,
fold2,82,ctrl_random[null],1.0,0.16797799049303333,0.989247311827957,,
fold2,83,ctrl_random[null],1.0,0.2553106555356084,0.989247311827957,,
fold2,84,ctrl_random[null],1.0,0.23148391279406622,0.989247311827957,,
fold2,85,ctrl_random[null],1.0,0.27661470056396664,0.989247311827957,,
fold2,86,ctrl_random[null],1.0,0.3551473629526559,0.989247311827957,,
fold2,87,ctrl_random[null],1.0,0.7686016013149507,0.989247311827957,,
fold2,88,ctrl_random[null],1.0,0.25,0.989247311827957,,
fold2,89,ctrl_random[null],1.0,0.3965399149456642,0.989247311827957,,
fold2,90,ctrl_random[null],1.0,0.5807349682662155,0.989247311827957,,
fold2,91,ctrl_random[null],1.0,0.149129050212567,0.989247311827957,,
fold2,92,ctrl_random[null],1.0,0.3254538658536768,0.989247311827957,,
fold2,93,ctrl_random[null],1.0,0.3609503424040436,0.989247311827957,,
fold2,94,ctrl_random[null],1.0,0.2736598497244848,0.946236559139785,,
fold2,95,ctrl_random[null],1.0,0.3897426768281543,0.989247311827957,,
fold2,96,ctrl_random[null],1.0,0.17254421057652816,0.989247311827957,,
fold2,97,ctrl_random[null],1.0,0.2961304015316558,0.946236559139785,,
fold2,98,ctrl_random[null],1.0,0.5093359499607137,0.946236559139785,,
fold2,99,ctrl_random[null],1.0,0.3803851548004672,0.946236559139785,,
fold2,100,ctrl_random[null],1.0,0.2325918939214182,0.9032258064516129,,
fold2,101,ctrl_random[null],1.0,0.3387828846215003,0.989247311827957,,
fold2,102,ctrl_random[null],1.0,0.4479372377099506,0.989247311827957,,
fold2,103,ctrl_random[null],1.0,0.3799312215933607,0.946236559139785,,
fold2,104,ctrl_random[null],1.0,0.35905791342424903,0.946236559139785,,
fold2,105,ctrl_random[null],1.0,0.5715248665047561,0.989247311827957,,
fold2,106,ctrl_random[null],1.0,0.34797274476154616,0.989247311827957,,
fold2,107,ctrl_random[null],1.0,0.5421417019925222,0.989247311827957,,
fold2,108,ctrl_random[null],1.0,0.30508009485280774,0.989247311827957,,
fold2,109,ctrl_random[null],1.0,0.6223357062261154,0.989247311827957,,
fold2,110,ctrl_random[null],1.0,0.48365152342423634,0.989247311827957,,
fold2,111,ctrl_random[null],1.0,0.36744202874830645,0.989247311827957,,
fold2,112,ctrl_random[null],1.0,0.5482234976808444,0.989247311827957,,
fold2,113,ctrl_random[null],1.0,0.16151903381625038,0.989247311827957,,
fold2,114,ctrl_random[null],1.0,0.12556130594679993,0.989247311827957,,
fold2,115,ctrl_random[null],1.0,0.23497960573813456,0.989247311827957,,
fold2,116,ctrl_random[null],1.0,0.4789298030386247,0.989247311827957,,
fold2,117,ctrl_random[null],1.0,0.3241700439583732,0.946236559139785,,
fold2,118,ctrl_random[null],1.0,0.35121163015227314,0.989247311827957,,
fold2,119,ctrl_random[null],1.0,0.39094496370273063,0.989247311827957,,
fold2,120,ctrl_random[null],1.0,0.3800654974950946,0.989247311827957,,
fold2,121,ctrl_random[null],1.0,0.3150851058082769,0.989247311827957,,
fold2,122,ctrl_random[null],1.0,0.16805082194793988,0.946236559139785,,
fold2,123,ctrl_random[null],1.0,0.1989223953455585,0.989247311827957,,
fold2,124,ctrl_random[null],1.0,0.29940475526389354,0.946236559139785,,
fold2,125,ctrl_random[null],1.0,0.5811370825920958,0.989247311827957,,
fold2,126,ctrl_random[null],1.0,0.510315065811031,0.989247311827957,,
fold2,127,ctrl_random[null],1.0,0.5471550676232187,0.946236559139785,,
fold2,128,ctrl_random[null],1.0,0.3654308707860122,0.989247311827957,,
fold2,129,ctrl_random[null],1.0,0.18998242538474622,0.989247311827957,,
fold2,130,ctrl_random[null],1.0,0.23371765061196442,0.989247311827957,,
fold2,131,ctrl_random[null],1.0,0.34775753934851483,0.989247311827957,,
fold2,132,ctrl_random[null],1.0,0.15995492355937152,0.946236559139785,,
fold2,133,ctrl_random[null],1.0,0.26892556249554017,0.946236559139785,,
fold2,134,ctrl_random[null],1.0,0.6601227709865972,0.989247311827957,,
fold2,135,ctrl_random[null],1.0,0.39910007514058565,0.989247311827957,,
fold2,136,ctrl_random[null],1.0,0.16914640739161552,0.989247311827957,,
fold2,137,ctrl_random[null],1.0,0.4012369568711423,0.989247311827957,,
fold2,138,ctrl_random[null],1.0,0.26151613945702173,0.989247311827957,,
fold2,139,ctrl_random[null],1.0,0.4339552073898458,0.989247311827957,,
fold2,140,ctrl_random[null],1.0,0.32142857142857145,0.989247311827957,,
fold2,141,ctrl_random[null],1.0,0.5073876491034013,0.946236559139785,,
fold2,142,ctrl_random[null],1.0,0.2993250563554392,0.989247311827957,,
fold2,143,ctrl_random[null],1.0,0.3580153833021845,0.989247311827957,,
fold2,144,ctrl_random[null],1.0,0.5011148912536055,0.946236559139785,,
fold2,145,ctrl_random[null],1.0,0.3228969369399846,0.9032258064516129,,
fold2,146,ctrl_random[null],1.0,0.5282295031446542,0.989247311827957,,
fold2,147,ctrl_random[null],1.0,0.3441327625455695,0.989247311827957,,
fold2,148,ctrl_random[null],1.0,0.2855973415023649,0.989247311827957,,
fold2,149,ctrl_random[null],1.0,0.16820606839665006,0.989247311827957,,
fold2,150,ctrl_random[null],1.0,0.33444474244162226,0.989247311827957,,
fold2,151,ctrl_random[null],1.0,0.42289335559123087,0.989247311827957,,
fold2,152,ctrl_random[null],1.0,0.44187961763563655,0.989247311827957,,
fold2,153,ctrl_random[null],1.0,0.29758245489544016,0.989247311827957,,
fold2,154,ctrl_random[null],1.0,0.2279619663019606,0.989247311827957,,
fold2,155,ctrl_random[null],1.0,0.35348676594564904,0.989247311827957,,
fold2,156,ctrl_random[null],1.0,0.3900856015064446,0.989247311827957,,
fold2,157,ctrl_random[null],1.0,0.3608535464567752,0.989247311827957,,
fold2,158,ctrl_random[null],1.0,0.27289366528025616,0.989247311827957,,
fold2,159,ctrl_random[null],1.0,0.3734361128405464,0.989247311827957,,
fold2,160,ctrl_random[null],1.0,0.40598354265183706,0.989247311827957,,
fold2,161,ctrl_random[null],1.0,0.4715366084315042,0.989247311827957,,
fold2,162,ctrl_random[null],1.0,0.38661008260817287,0.989247311827957,,
fold2,163,ctrl_random[null],1.0,0.30272387829524644,0.989247311827957,,
fold2,164,ctrl_random[null],1.0,0.24684723173422204,0.989247311827957,,
fold2,165,ctrl_random[null],1.0,0.5078250107255475,0.9032258064516129,,
fold2,166,ctrl_random[null],1.0,0.5581310128296851,0.989247311827957,,
fold2,167,ctrl_random[null],1.0,0.4238058604453084,0.989247311827957,,
fold2,168,ctrl_random[null],1.0,0.34370777260432567,0.946236559139785,,
fold2,169,ctrl_random[null],1.0,0.3727884346616804,0.989247311827957,,
fold2,170,ctrl_random[null],1.0,0.3450884211530563,0.989247311827957,,
fold2,171,ctrl_random[null],1.0,0.21749695883407824,0.989247311827957,,
fold2,172,ctrl_random[null],1.0,0.33354148370095826,0.989247311827957,,
fold2,173,ctrl_random[null],1.0,0.38148823021615363,0.989247311827957,,
fold2,174,ctrl_random[null],1.0,0.254735383449762,0.989247311827957,,
fold2,175,ctrl_random[null],1.0,0.37906682375595535,0.946236559139785,,
fold2,176,ctrl_random[null],1.0,0.4816216975539812,0.989247311827957,,
fold2,177,ctrl_random[null],1.0,0.4170469964043711,0.9032258064516129,,
fold2,178,ctrl_random[null],1.0,0.36524410542145097,0.989247311827957,,
fold2,179,ctrl_random[null],1.0,0.5160701043083995,0.989247311827957,,
fold2,180,ctrl_random[null],1.0,0.5135774557916247,0.989247311827957,,
fold2,181,ctrl_random[null],1.0,0.4017444554088451,0.946236559139785,,
fold2,182,ctrl_random[null],1.0,0.5924731063319421,0.946236559139785,,
fold2,183,ctrl_random[null],1.0,0.26307284102568346,0.989247311827957,,
fold2,184,ctrl_random[null],1.0,0.19689849536293377,0.989247311827957,,
fold2,185,ctrl_random[null],1.0,0.21428571428571427,0.9032258064516129,,
fold2,186,ctrl_random[null],1.0,0.23824168139212523,0.989247311827957,,
fold2,187,ctrl_random[null],1.0,0.24259853246615748,0.946236559139785,,
fold2,188,ctrl_random[null],1.0,0.2584745702966793,0.989247311827957,,
fold2,189,ctrl_random[null],1.0,0.31861757618922076,0.989247311827957,,
fold2,190,ctrl_random[null],1.0,0.25732717010046996,0.989247311827957,,
fold2,191,ctrl_random[null],1.0,0.4430523168272371,0.989247311827957,,
fold2,192,ctrl_random[null],1.0,0.24842370644276923,0.989247311827957,,
fold2,193,ctrl_random[null],1.0,0.2432562195458075,0.989247311827957,,
fold2,194,ctrl_random[null],1.0,0.46451814955412346,0.946236559139785,,
fold2,195,ctrl_random[null],1.0,0.35944952262987034,0.989247311827957,,
fold2,196,ctrl_random[null],1.0,0.5584708020484753,0.989247311827957,,
fold2,197,ctrl_random[null],1.0,0.44153709529905255,0.989247311827957,,
fold2,198,ctrl_random[null],1.0,0.33495137292978544,0.989247311827957,,
fold2,199,ctrl_random[null],1.0,0.3661661421394585,0.989247311827957,,
fold3,0,ctrl_random[null],1.0,0.2857142857142857,0.946236559139785,,
fold3,1,ctrl_random[null],1.0,0.2857142857142857,0.989247311827957,,
fold3,2,ctrl_random[null],1.0,0.42857142857142855,0.989247311827957,,
fold3,3,ctrl_random[null],1.0,0.5947779081280721,0.989247311827957,,
fold3,4,ctrl_random[null],1.0,0.599019080700466,0.989247311827957,,
fold3,5,ctrl_random[null],1.0,0.14285714285714285,0.989247311827957,,
fold3,6,ctrl_random[null],1.0,0.4100786518994463,0.989247311827957,,
fold3,7,ctrl_random[null],1.0,0.22120178426390183,0.989247311827957,,
fold3,8,ctrl_random[null],1.0,0.261605413734684,0.989247311827957,,
fold3,9,ctrl_random[null],1.0,0.2857142857142857,0.989247311827957,,
fold3,10,ctrl_random[null],1.0,0.4811499576403739,0.989247311827957,,
fold3,11,ctrl_random[null],1.0,0.6482995886219837,0.989247311827957,,
fold3,12,ctrl_random[null],1.0,0.0,0.989247311827957,,
fold3,13,ctrl_random[null],1.0,0.5228219936266353,0.989247311827957,,
fold3,14,ctrl_random[null],1.0,0.3539172574221726,0.946236559139785,,
fold3,15,ctrl_random[null],1.0,0.5762226589200429,0.989247311827957,,
fold3,16,ctrl_random[null],1.0,0.4100786518994463,0.946236559139785,,
fold3,17,ctrl_random[null],1.0,0.14285714285714285,0.946236559139785,,
fold3,18,ctrl_random[null],1.0,0.6783631614135023,0.946236559139785,,
fold3,19,ctrl_random[null],1.0,0.36131296877270486,0.989247311827957,,
fold3,20,ctrl_random[null],1.0,0.18481436085487138,0.989247311827957,,
fold3,21,ctrl_random[null],1.0,0.5319478026743127,0.989247311827957,,
fold3,22,ctrl_random[null],1.0,0.14285714285714285,0.989247311827957,,
fold3,23,ctrl_random[null],1.0,0.5534672949924655,0.989247311827957,,
fold3,24,ctrl_random[null],1.0,0.14285714285714285,0.989247311827957,,
fold3,25,ctrl_random[null],1.0,0.25112261189359986,0.989247311827957,,
fold3,26,ctrl_random[null],1.0,0.24156520571198398,0.946236559139785,,
fold3,27,ctrl_random[null],1.0,0.2801712030128892,0.989247311827957,,
fold3,28,ctrl_random[null],1.0,0.2963355967855025,0.989247311827957,,
fold3,29,ctrl_random[null],1.0,0.7027346488680892,0.989247311827957,,
fold3,30,ctrl_random[null],1.0,0.20798017775415834,0.989247311827957,,
fold3,31,ctrl_random[null],1.0,0.06218218309258029,0.9032258064516129,,
fold3,32,ctrl_random[null],1.0,0.34790993570979,0.946236559139785,,
fold3,33,ctrl_random[null],1.0,0.2562429322834428,0.989247311827957,,
fold3,34,ctrl_random[null],1.0,0.3605210087729019,0.989247311827957,,
fold3,35,ctrl_random[null],1.0,0.0,0.946236559139785,,
fold3,36,ctrl_random[null],1.0,0.11606703015192053,0.989247311827957,,
fold3,37,ctrl_random[null],1.0,0.3540698093315328,0.989247311827957,,
fold3,38,ctrl_random[null],1.0,0.302230742809365,0.989247311827957,,
fold3,39,ctrl_random[null],1.0,0.42857142857142855,0.946236559139785,,
fold3,40,ctrl_random[null],1.0,0.3383653325546256,0.989247311827957,,
fold3,41,ctrl_random[null],1.0,0.439338986208263,0.989247311827957,,
fold3,42,ctrl_random[null],1.0,0.0820498824997882,0.989247311827957,,
fold3,43,ctrl_random[null],1.0,0.19295862791004786,0.989247311827957,,
fold3,44,ctrl_random[null],1.0,0.0,0.989247311827957,,
fold3,45,ctrl_random[null],1.0,0.4879455640101992,0.989247311827957,,
fold3,46,ctrl_random[null],1.0,0.48149436456883005,0.989247311827957,,
fold3,47,ctrl_random[null],1.0,0.2857142857142857,0.989247311827957,,
fold3,48,ctrl_random[null],1.0,0.7282851769869758,0.989247311827957,,
fold3,49,ctrl_random[null],1.0,0.23285150356391954,0.989247311827957,,
fold3,50,ctrl_random[null],1.0,0.4577585289208506,0.989247311827957,,
fold3,51,ctrl_random[null],1.0,0.2857142857142857,0.946236559139785,,
fold3,52,ctrl_random[null],1.0,0.2731032126511738,0.989247311827957,,
fold3,53,ctrl_random[null],1.0,0.20505279285264716,0.989247311827957,,
fold3,54,ctrl_random[null],1.0,0.37996485076949243,0.989247311827957,,
fold3,55,ctrl_random[null],1.0,0.5403593746760397,0.989247311827957,,
fold3,56,ctrl_random[null],1.0,0.078344641406759,0.989247311827957,,
fold3,57,ctrl_random[null],1.0,0.09425056505520672,0.989247311827957,,
fold3,58,ctrl_random[null],1.0,0.14285714285714285,0.989247311827957,,
fold3,59,ctrl_random[null],1.0,0.5185657892782053,0.946236559139785,,
fold3,60,ctrl_random[null],1.0,0.2857142857142857,0.989247311827957,,
fold3,61,ctrl_random[null],1.0,0.39910007514058565,0.989247311827957,,
fold3,62,ctrl_random[null],1.0,0.4221202291300595,0.989247311827957,,
fold3,63,ctrl_random[null],1.0,0.2830232720044513,0.946236559139785,,
fold3,64,ctrl_random[null],1.0,0.22120178426390183,0.946236559139785,,
fold3,65,ctrl_random[null],1.0,0.2731032126511738,0.989247311827957,,
fold3,66,ctrl_random[null],1.0,0.20798017775415834,0.989247311827957,,
fold3,67,ctrl_random[null],1.0,0.3450884211530563,0.989247311827957,,
fold3,68,ctrl_random[null],1.0,0.42857142857142855,0.989247311827957,,
fold3,69,ctrl_random[null],1.0,0.3053106796202365,0.989247311827957,,
fold3,70,ctrl_random[null],1.0,0.2857142857142857,0.946236559139785,,
fold3,71,ctrl_random[null],1.0,0.2309534812495416,0.989247311827957,,
fold3,72,ctrl_random[null],1.0,0.17259520646196572,0.946236559139785,,
fold3,73,ctrl_random[null],1.0,0.5145017882915798,0.989247311827957,,
fold3,74,ctrl_random[null],1.0,0.19825982974323367,0.989247311827957,,
fold3,75,ctrl_random[null],1.0,0.0,0.989247311827957,,
fold3,76,ctrl_random[null],1.0,0.056692894713149984,0.946236559139785,,
fold3,77,ctrl_random[null],1.0,0.3757086464210624,0.946236559139785,,
fold3,78,ctrl_random[null],1.0,0.3722977959416188,0.946236559139785,,
fold3,79,ctrl_random[null],1.0,0.14285714285714285,0.946236559139785,,
fold3,80,ctrl_random[null],1.0,0.27789467897705183,0.989247311827957,,
fold3,81,ctrl_random[null],1.0,0.2857142857142857,0.989247311827957,,
fold3,82,ctrl_random[null],1.0,0.25112261189359986,0.989247311827957,,
fold3,83,ctrl_random[null],1.0,0.42532997726529054,0.989247311827957,,
fold3,84,ctrl_random[null],1.0,0.17338850393347247,0.989247311827957,,
fold3,85,ctrl_random[null],1.0,0.23710770791234959,0.989247311827957,,
fold3,86,ctrl_random[null],1.0,0.42857142857142855,0.9032258064516129,,
fold3,87,ctrl_random[null],1.0,0.0,0.989247311827957,,
fold3,88,ctrl_random[null],1.0,0.2277131375523062,0.989247311827957,,
fold3,89,ctrl_random[null],1.0,0.21106011456502977,0.989247311827957,,
fold3,90,ctrl_random[null],1.0,0.09870806285484114,0.989247311827957,,
fold3,91,ctrl_random[null],1.0,0.2857142857142857,0.989247311827957,,
fold3,92,ctrl_random[null],1.0,0.20697353189129813,0.989247311827957,,
fold3,93,ctrl_random[null],1.0,0.4722608349920266,0.989247311827957,,
fold3,94,ctrl_random[null],1.0,0.3624789608642725,0.989247311827957,,
fold3,95,ctrl_random[null],1.0,0.5228219936266353,0.989247311827957,,
fold3,96,ctrl_random[null],1.0,0.4873889269368881,0.989247311827957,,
fold3,97,ctrl_random[null],1.0,0.14285714285714285,0.989247311827957,,
fold3,98,ctrl_random[null],1.0,0.30713214398405303,0.989247311827957,,
fold3,99,ctrl_random[null],1.0,0.23710770791234959,0.989247311827957,,
fold3,100,ctrl_random[null],1.0,0.0,0.989247311827957,,
fold3,101,ctrl_random[null],1.0,0.12757710714665746,0.989247311827957,,
fold3,102,ctrl_random[null],1.0,0.5407545878809682,0.946236559139785,,
fold3,103,ctrl_random[null],1.0,0.2857142857142857,0.989247311827957,,
fold3,104,ctrl_random[null],1.0,0.4936944634684441,0.989247311827957,,
fold3,105,ctrl_random[null],1.0,0.108265469036457,0.989247311827957,,
fold3,106,ctrl_random[null],1.0,0.35083732061130124,0.989247311827957,,
fold3,107,ctrl_random[null],1.0,0.5106213110712168,0.989247311827957,,
fold3,108,ctrl_random[null],1.0,0.14285714285714285,0.989247311827957,,
fold3,109,ctrl_random[null],1.0,0.0,0.946236559139785,,
fold3,110,ctrl_random[null],1.0,0.3035942256359102,0.989247311827957,,
fold3,111,ctrl_random[null],1.0,0.3939797547507427,0.989247311827957,,
fold3,112,ctrl_random[null],1.0,0.22878750257729405,0.989247311827957,,
fold3,113,ctrl_random[null],1.0,0.23285150356391954,0.989247311827957,,
fold3,114,ctrl_random[null],1.0,0.14285714285714285,0.989247311827957,,
fold3,115,ctrl_random[null],1.0,0.39980191987621966,0.989247311827957,,
fold3,116,ctrl_random[null],1.0,0.06512303489701549,0.946236559139785,,
fold3,117,ctrl_random[null],1.0,0.0,0.989247311827957,,
fold3,118,ctrl_random[null],1.0,0.14285714285714285,0.989247311827957,,
fold3,119,ctrl_random[null],1.0,0.3267284486316995,0.989247311827957,,
fold3,120,ctrl_random[null],1.0,0.13024606979403097,0.9032258064516129,,
fold3,121,ctrl_random[null],1.0,0.08593035972015119,0.989247311827957,,
fold3,122,ctrl_random[null],1.0,0.41596035550831667,0.989247311827957,,
fold3,123,ctrl_random[null],1.0,0.09870806285484114,0.989247311827957,,
fold3,124,ctrl_random[null],1.0,0.11606703015192053,0.989247311827957,,
fold3,125,ctrl_random[null],1.0,0.404273976358975,0.989247311827957,,
fold3,126,ctrl_random[null],1.0,0.26722150904230346,0.946236559139785,,
fold3,127,ctrl_random[null],1.0,0.2950336866564998,0.989247311827957,,
fold3,128,ctrl_random[null],1.0,0.2857142857142857,0.989247311827957,,
fold3,129,ctrl_random[null],1.0,0.30713214398405303,0.989247311827957,,
fold3,130,ctrl_random[null],1.0,0.19955003757029283,0.989247311827957,,
fold3,131,ctrl_random[null],1.0,0.22490702535693105,0.946236559139785,,
fold3,132,ctrl_random[null],1.0,0.632475852301242,0.989247311827957,,
fold3,133,ctrl_random[null],1.0,0.2857142857142857,0.989247311827957,,
fold3,134,ctrl_random[null],1.0,0.261605413734684,0.946236559139785,,
fold3,135,ctrl_random[null],1.0,0.11338578942629997,0.989247311827957,,
fold3,136,ctrl_random[null],1.0,0.0,0.989247311827957,,
fold3,137,ctrl_random[null],1.0,0.5319478026743127,0.989247311827957,,
fold3,138,ctrl_random[null],1.0,0.5473196994489696,0.989247311827957,,
fold3,139,ctrl_random[null],1.0,0.30105447527180645,0.9032258064516129,,
fold3,140,ctrl_random[null],1.0,0.55669289471315,0.989247311827957,,
fold3,141,ctrl_random[null],1.0,0.25461043597919153,0.946236559139785,,
fold3,142,ctrl_random[null],1.0,0.40446255659182684,0.989247311827957,,
fold3,143,ctrl_random[null],1.0,0.0820498824997882,0.989247311827957,,
fold3,144,ctrl_random[null],1.0,0.5254966032329437,0.989247311827957,,
fold3,145,ctrl_random[null],1.0,0.46604776239900386,0.989247311827957,,
fold3,146,ctrl_random[null],1.0,0.280296823989028,0.989247311827957,,
fold3,147,ctrl_random[null],1.0,0.17044765212903729,0.989247311827957,,
fold3,148,ctrl_random[null],1.0,0.2120938522811411,0.989247311827957,,
fold3,149,ctrl_random[null],1.0,0.2230724290400017,0.989247311827957,,
fold3,150,ctrl_random[null],1.0,0.31135655185704253,0.989247311827957,,
fold3,151,ctrl_random[null],1.0,0.14285714285714285,0.946236559139785,,
fold3,152,ctrl_random[null],1.0,0.22120178426390183,0.989247311827957,,
fold3,153,ctrl_random[null],1.0,0.6816794437699834,0.989247311827957,,
fold3,154,ctrl_random[null],1.0,0.2562429322834428,0.989247311827957,,
fold3,155,ctrl_random[null],1.0,0.6261983677295194,0.946236559139785,,
fold3,156,ctrl_random[null],1.0,0.5254966032329437,0.989247311827957,,
fold3,157,ctrl_random[null],1.0,0.08999436070677666,0.989247311827957,,
fold3,158,ctrl_random[null],1.0,0.14285714285714285,0.989247311827957,,
fold3,159,ctrl_random[null],1.0,0.2792630862729166,0.989247311827957,,
fold3,160,ctrl_random[null],1.0,0.391585875227464,0.989247311827957,,
fold3,161,ctrl_random[null],1.0,0.14285714285714285,0.946236559139785,,
fold3,162,ctrl_random[null],1.0,0.22878750257729405,0.946236559139785,,
fold3,163,ctrl_random[null],1.0,0.45847421057935617,0.989247311827957,,
fold3,164,ctrl_random[null],1.0,0.20798017775415834,0.989247311827957,,
fold3,165,ctrl_random[null],1.0,0.17646844074434392,0.989247311827957,,
fold3,166,ctrl_random[null],1.0,0.28632481916091734,0.989247311827957,,
fold3,167,ctrl_random[null],1.0,0.4317420480180965,0.989247311827957,,
fold3,168,ctrl_random[null],1.0,0.2857142857142857,0.989247311827957,,
fold3,169,ctrl_random[null],1.0,0.7667976761196178,0.989247311827957,,
fold3,170,ctrl_random[null],1.0,0.14285714285714285,0.989247311827957,,
fold3,171,ctrl_random[null],1.0,0.2617322206628731,0.989247311827957,,
fold3,172,ctrl_random[null],1.0,0.3939797547507427,0.946236559139785,,
fold3,173,ctrl_random[null],1.0,0.3844223485691268,0.989247311827957,,
fold3,174,ctrl_random[null],1.0,0.40446255659182684,0.989247311827957,,
fold3,175,ctrl_random[null],1.0,0.14285714285714285,0.989247311827957,,
fold3,176,ctrl_random[null],1.0,0.42857142857142855,0.989247311827957,,
fold3,177,ctrl_random[null],1.0,0.19173043083305896,0.946236559139785,,
fold3,178,ctrl_random[null],1.0,0.2938006026254995,0.989247311827957,,
fold3,179,ctrl_random[null],1.0,0.10337637410288415,0.989247311827957,,
fold3,180,ctrl_random[null],1.0,0.2792630862729166,0.989247311827957,,
fold3,181,ctrl_random[null],1.0,0.4907536116640089,0.989247311827957,,
fold3,182,ctrl_random[null],1.0,0.2798460490083393,0.989247311827957,,
fold3,183,ctrl_random[null],1.0,0.5080863169112139,0.989247311827957,,
fold3,184,ctrl_random[null],1.0,0.14285714285714285,0.9032258064516129,,
fold3,185,ctrl_random[null],1.0,0.6209996814580399,0.989247311827957,,
fold3,186,ctrl_random[null],1.0,0.2857142857142857,0.989247311827957,,
fold3,187,ctrl_random[null],1.0,0.078344641406759,0.989247311827957,,
fold3,188,ctrl_random[null],1.0,0.3496098910629111,0.989247311827957,,
fold3,189,ctrl_random[null],1.0,0.0,0.989247311827957,,
fold3,190,ctrl_random[null],1.0,0.22120178426390183,0.989247311827957,,
fold3,191,ctrl_random[null],1.0,0.17818309716150035,0.989247311827957,,
fold3,192,ctrl_random[null],1.0,0.42226589203987264,0.989247311827957,,
fold3,193,ctrl_random[null],1.0,0.108265469036457,0.989247311827957,,
fold3,194,ctrl_random[null],1.0,0.34202823210091965,0.989247311827957,,
fold3,195,ctrl_random[null],1.0,0.21106011456502977,0.946236559139785,,
fold3,196,ctrl_random[null],1.0,0.2857142857142857,0.989247311827957,,
fold3,197,ctrl_random[null],1.0,0.3640589271210447,0.989247311827957,,
fold3,198,ctrl_random[null],1.0,0.42857142857142855,0.989247311827957,,
fold3,199,ctrl_random[null],1.0,0.37996485076949243,0.989247311827957,,
fold0,0,base_california,0.25,0.04296517986007559,0.21505376344086022,0.053264318034060995,0.07142857142857142
fold0,0,base_california,1.0,0.5232425378418011,0.989247311827957,-0.18744815140961815,0.6428571428571429
fold0,0,base_iforest,0.25,0.09677749696807865,0.21505376344086022,0.7080891430377962,0.14285714285714285
fold0,0,base_iforest,1.0,0.1788038638398378,0.946236559139785,0.6926980912685394,0.21428571428571427
fold0,0,base_pca,0.25,0.13361075452115173,0.21505376344086022,4.90554547309876,0.14285714285714285
fold0,0,base_pca,1.0,0.14285714285714285,0.989247311827957,3.7775837182998675,0.14285714285714285
fold0,0,base_snd,0.25,0.25784403895852565,0.21505376344086022,2.468667149543763,0.35714285714285715
fold0,0,base_snd,1.0,0.35226651565005823,0.989247311827957,2.0259367227554685,0.5
fold0,0,ctrl_random,0.25,0.06820297170788689,0.21505376344086022,3.070773959159853,0.07142857142857142
fold0,0,ctrl_random,1.0,0.24074718228441502,0.989247311827957,2.9277266263961796,0.2857142857142857
fold0,0,ctrl_untrained,0.25,0.1231167584800135,0.12903225806451613,17.371134757995613,0.14285714285714285
fold0,0,ctrl_untrained,1.0,0.14285714285714285,0.989247311827957,14.62163496017456,0.14285714285714285
fold0,1,base_california,0.25,0.04296517986007559,0.21505376344086022,0.053264318034060995,0.07142857142857142
fold0,1,base_california,1.0,0.5232425378418011,0.989247311827957,-0.18744815140961815,0.6428571428571429
fold0,1,base_iforest,0.25,0.18675682566406168,0.21505376344086022,0.6949299275875092,0.21428571428571427
fold0,1,base_iforest,1.0,0.24838720013965773,0.946236559139785,0.68272140622139,0.2857142857142857
fold0,1,base_pca,0.25,0.13361075452115173,0.21505376344086022,4.90554547309876,0.14285714285714285
fold0,1,base_pca,1.0,0.14285714285714285,0.989247311827957,3.7775837182998675,0.14285714285714285
fold0,1,base_snd,0.25,0.25784403895852565,0.21505376344086022,2.468667149543763,0.35714285714285715
fold0,1,base_snd,1.0,0.35226651565005823,0.989247311827957,2.0259367227554685,0.5
fold0,1,ctrl_random,0.25,0.33449413258028937,0.21505376344086022,3.0866075754165667,0.42857142857142855
fold0,1,ctrl_random,1.0,0.40379460183464577,0.946236559139785,2.9459835290908822,0.5
fold0,1,ctrl_untrained,0.25,0.1231167584800135,0.12903225806451613,17.626269340515144,0.14285714285714285
fold0,1,ctrl_untrained,1.0,0.14285714285714285,0.989247311827957,14.887797832489019,0.14285714285714285
fold0,2,base_california,0.25,0.04296517986007559,0.21505376344086022,0.053264318034060995,0.07142857142857142
fold0,2,base_california,1.0,0.5232425378418011,0.989247311827957,-0.18744815140961815,0.6428571428571429
fold0,2,base_iforest,0.25,0.09347562129271401,0.21505376344086022,0.707435816526413,0.14285714285714285
fold0,2,base_iforest,1.0,0.22380104419322613,0.989247311827957,0.6883059442043304,0.2857142857142857
fold0,2,base_pca,0.25,0.13361075452115173,0.21505376344086022,4.90554547309876,0.14285714285714285
fold0,2,base_pca,1.0,0.14285714285714285,0.989247311827957,3.7775837182998675,0.14285714285714285
fold0,2,base_snd,0.25,0.25784403895852565,0.21505376344086022,2.468667149543763,0.35714285714285715
fold0,2,base_snd,1.0,0.35226651565005823,0.989247311827957,2.0259367227554685,0.5
fold0,2,ctrl_random,0.25,0.10111563914795671,0.21505376344086022,3.1088348627090485,0.14285714285714285
fold0,2,ctrl_random,1.0,0.29332681343252015,0.989247311827957,2.9016114473342913,0.35714285714285715
fold0,2,ctrl_untrained,0.25,0.1231167584800135,0.17204301075268819,17.53614521026612,0.14285714285714285
fold0,2,ctrl_untrained,1.0,0.14285714285714285,0.989247311827957,14.758528232574468,0.14285714285714285
fold0,3,base_california,0.25,0.04296517986007559,0.21505376344086022,0.053264318034060995,0.07142857142857142
fold0,3,base_california,1.0,0.5232425378418011,0.989247311827957,-0.18744815140961815,0.6428571428571429
fold0,3,base_iforest,0.25,0.059374135438770556,0.17204301075268819,0.7217094004154208,0.07142857142857142
fold0,3,base_iforest,1.0,0.20849093155922307,0.989247311827957,0.6989918053150179,0.2857142857142857
fold0,3,base_pca,0.25,0.13361075452115173,0.21505376344086022,4.90554547309876,0.14285714285714285
fold0,3,base_pca,1.0,0.14285714285714285,0.989247311827957,3.7775837182998675,0.14285714285714285
fold0,3,base_snd,0.25,0.25784403895852565,0.21505376344086022,2.468667149543763,0.35714285714285715
fold0,3,base_snd,1.0,0.35226651565005823,0.989247311827957,2.0259367227554685,0.5
fold0,3,ctrl_random,0.25,0.230647862568045,0.21505376344086022,3.019800543785097,0.2857142857142857
fold0,3,ctrl_random,1.0,0.2603349302874303,0.989247311827957,2.925972342491151,0.35714285714285715
fold0,3,ctrl_untrained,0.25,0.1231167584800135,0.12903225806451613,17.450507164001465,0.14285714285714285
fold0,3,ctrl_untrained,1.0,0.14285714285714285,0.989247311827957,14.755870342254644,0.14285714285714285
fold0,4,base_california,0.25,0.04296517986007559,0.21505376344086022,0.053264318034060995,0.07142857142857142
fold0,4,base_california,1.0,0.5232425378418011,0.989247311827957,-0.18744815140961815,0.6428571428571429
fold0,4,base_iforest,0.25,0.21497220792410981,0.21505376344086022,0.7031686604022982,0.2857142857142857
fold0,4,base_iforest,1.0,0.2859467209826949,0.946236559139785,0.6902916729450228,0.35714285714285715
fold0,4,base_pca,0.25,0.13361075452115173,0.21505376344086022,4.90554547309876,0.14285714285714285
fold0,4,base_pca,1.0,0.14285714285714285,0.989247311827957,3.7775837182998675,0.14285714285714285
fold0,4,base_snd,0.25,0.25784403895852565,0.21505376344086022,2.468667149543763,0.35714285714285715
fold0,4,base_snd,1.0,0.35226651565005823,0.989247311827957,2.0259367227554685,0.5
fold0,4,ctrl_random,0.25,0.07706666571401903,0.21505376344086022,3.059367775917055,0.14285714285714285
fold0,4,ctrl_random,1.0,0.4409973255021983,0.989247311827957,2.908641219139101,0.5714285714285714
fold0,4,ctrl_untrained,0.25,0.1231167584800135,0.12903225806451613,17.553954124450698,0.14285714285714285
fold0,4,ctrl_untrained,1.0,0.14285714285714285,0.989247311827957,14.759764194488536,0.14285714285714285
fold1,0,base_california,0.25,0.0,0.17204301075268819,0.3513686507940381,0.0
fold1,0,base_california,1.0,0.10130249872869075,0.989247311827957,-0.0036297839833362216,0.1111111111111111
fold1,0,base_iforest,0.25,0.1111111111111111,0.17204301075268819,0.7394529879093172,0.1111111111111111
fold1,0,base_iforest,1.0,0.17794583533789537,0.989247311827957,0.7213290631771089,0.2222222222222222
fold1,0,base_pca,0.25,0.0,0.17204301075268819,6.463346242904664,0.0
fold1,0,base_pca,1.0,0.05304675577280092,0.989247311827957,5.158422708511353,0.1111111111111111
fold1,0,base_snd,0.25,0.2222222222222222,0.21505376344086022,2.969415307045069,0.2222222222222222
fold1,0,base_snd,1.0,0.4444444444444444,0.946236559139785,2.1884633302689283,0.4444444444444444
fold1,0,ctrl_random,0.25,0.16176236047545647,0.21505376344086022,3.0553175210952785,0.2222222222222222
fold1,0,ctrl_random,1.0,0.34462880979704585,0.989247311827957,2.9188951253891,0.4444444444444444
fold1,0,ctrl_untrained,0.25,0.0,0.21505376344086022,20.790623664855968,0.0
fold1,0,ctrl_untrained,1.0,0.0,0.989247311827957,18.804486274719245,0.0
fold1,1,base_california,0.25,0.0,0.17204301075268819,0.3513686507940381,0.0
fold1,1,base_california,1.0,0.10130249872869075,0.989247311827957,-0.0036297839833362216,0.1111111111111111
fold1,1,base_iforest,0.25,0.1111111111111111,0.21505376344086022,0.7248829305171967,0.1111111111111111
fold1,1,base_iforest,1.0,0.1111111111111111,0.989247311827957,0.7096985876560213,0.1111111111111111
fold1,1,base_pca,0.25,0.0,0.17204301075268819,6.463346242904664,0.0
fold1,1,base_pca,1.0,0.05304675577280092,0.989247311827957,5.158422708511353,0.1111111111111111
fold1,1,base_snd,0.25,0.2222222222222222,0.21505376344086022,2.969415307045069,0.2222222222222222
fold1,1,base_snd,1.0,0.4444444444444444,0.946236559139785,2.1884633302689283,0.4444444444444444
fold1,1,ctrl_random,0.25,0.0,0.21505376344086022,3.1710463762283347,0.0
fold1,1,ctrl_random,1.0,0.2222222222222222,0.989247311827957,2.974189162254334,0.2222222222222222
fold1,1,ctrl_untrained,0.25,0.0,0.21505376344086022,21.040375709533706,0.0
fold1,1,ctrl_untrained,1.0,0.0,0.989247311827957,19.032349586486827,0.0
fold1,2,base_california,0.25,0.0,0.17204301075268819,0.3513686507940381,0.0
fold1,2,base_california,1.0,0.10130249872869075,0.989247311827957,-0.0036297839833362216,0.1111111111111111
fold1,2,base_iforest,0.25,0.1111111111111111,0.17204301075268819,0.7328161895275116,0.1111111111111111
fold1,2,base_iforest,1.0,0.17794583533789537,0.989247311827957,0.7132643759250643,0.2222222222222222
fold1,2,base_pca,0.25,0.0,0.17204301075268819,6.463346242904664,0.0
fold1,2,base_pca,1.0,0.05304675577280092,0.989247311827957,5.158422708511353,0.1111111111111111
fold1,2,base_snd,0.25,0.2222222222222222,0.21505376344086022,2.969415307045069,0.2222222222222222
fold1,2,base_snd,1.0,0.4444444444444444,0.946236559139785,2.1884633302689283,0.4444444444444444
fold1,2,ctrl_random,0.25,0.16666666666666666,0.21505376344086022,3.1088348627090485,0.2222222222222222
fold1,2,ctrl_random,1.0,0.27058614240534024,0.989247311827957,2.9049712419509905,0.3333333333333333
fold1,2,ctrl_untrained,0.25,0.0,0.21505376344086022,20.896473884582537,0.0
fold1,2,ctrl_untrained,1.0,0.0,0.989247311827957,18.844265937805194,0.0
fold1,3,base_california,0.25,0.0,0.17204301075268819,0.3513686507940381,0.0
fold1,3,base_california,1.0,0.10130249872869075,0.989247311827957,-0.0036297839833362216,0.1111111111111111
fold1,3,base_iforest,0.25,0.1111111111111111,0.21505376344086022,0.7339026033878328,0.1111111111111111
fold1,3,base_iforest,1.0,0.17794583533789537,0.989247311827957,0.7154840528964999,0.2222222222222222
fold1,3,base_pca,0.25,0.0,0.17204301075268819,6.463346242904664,0.0
fold1,3,base_pca,1.0,0.05304675577280092,0.989247311827957,5.158422708511353,0.1111111111111111
fold1,3,base_snd,0.25,0.2222222222222222,0.21505376344086022,2.969415307045069,0.2222222222222222
fold1,3,base_snd,1.0,0.4444444444444444,0.946236559139785,2.1884633302689283,0.4444444444444444
fold1,3,ctrl_random,0.25,0.2222222222222222,0.21505376344086022,3.027421355247498,0.2222222222222222
fold1,3,ctrl_random,1.0,0.5026274512678126,0.946236559139785,2.927173733711244,0.5555555555555556
fold1,3,ctrl_untrained,0.25,0.0,0.21505376344086022,20.988902091979984,0.0
fold1,3,ctrl_untrained,1.0,0.0,0.989247311827957,18.87132167816162,0.0
fold1,4,base_california,0.25,0.0,0.17204301075268819,0.3513686507940381,0.0
fold1,4,base_california,1.0,0.10130249872869075,0.989247311827957,-0.0036297839833362216,0.1111111111111111
fold1,4,base_iforest,0.25,0.1111111111111111,0.21505376344086022,0.7331769764423373,0.1111111111111111
fold1,4,base_iforest,1.0,0.2890569464490065,0.989247311827957,0.7169004976749422,0.3333333333333333
fold1,4,base_pca,0.25,0.0,0.17204301075268819,6.463346242904664,0.0
fold1,4,base_pca,1.0,0.05304675577280092,0.989247311827957,5.158422708511353,0.1111111111111111
fold1,4,base_snd,0.25,0.2222222222222222,0.21505376344086022,2.969415307045069,0.2222222222222222
fold1,4,base_snd,1.0,0.4444444444444444,0.946236559139785,2.1884633302689283,0.4444444444444444
fold1,4,ctrl_random,0.25,0.0,0.21505376344086022,3.0791519880294818,0.0
fold1,4,ctrl_random,1.0,0.39151634015670145,0.989247311827957,2.918623089790346,0.4444444444444444
fold1,4,ctrl_untrained,0.25,0.0,0.21505376344086022,20.94850254058839,0.0
fold1,4,ctrl_untrained,1.0,0.0,0.989247311827957,19.01383495330811,0.0
fold2,0,base_california,0.25,0.0,0.12903225806451613,1.0471062064170984,0.0
fold2,0,base_california,1.0,0.0,0.946236559139785,0.15542156249286132,0.0
fold2,0,base_iforest,0.25,0.20503932594972316,0.21505376344086022,0.7188623845577241,0.21428571428571427
fold2,0,base_iforest,1.0,0.36158735220093297,0.989247311827957,0.7088815271854403,0.42857142857142855
fold2,0,base_pca,0.25,0.07142857142857142,0.21505376344086022,7.26469159126282,0.07142857142857142
fold2,0,base_pca,1.0,0.17541866030565062,0.946236559139785,4.617393732070933,0.21428571428571427
fold2,0,base_snd,0.25,0.14285714285714285,0.21505376344086022,2.5640274286270643,0.14285714285714285
fold2,0,base_snd,1.0,0.2764678973782946,0.989247311827957,2.2003217935562214,0.2857142857142857
fold2,0,ctrl_random,0.25,0.0,0.21505376344086022,3.1169849634170554,0.0
fold2,0,ctrl_random,1.0,0.30608154442858576,0.989247311827957,2.9250656366348275,0.35714285714285715
fold2,0,ctrl_untrained,0.25,0.07142857142857142,0.21505376344086022,19.890866279602065,0.07142857142857142
fold2,0,ctrl_untrained,1.0,0.07142857142857142,0.989247311827957,16.96938037872315,0.07142857142857142
fold2,1,base_california,0.25,0.0,0.12903225806451613,1.0471062064170984,0.0
fold2,1,base_california,1.0,0.0,0.946236559139785,0.15542156249286132,0.0
fold2,1,base_iforest,0.25,0.14285714285714285,0.17204301075268819,0.7115955054759979,0.14285714285714285
fold2,1,base_iforest,1.0,0.1878543232105312,0.989247311827957,0.7027545273303988,0.21428571428571427
fold2,1,base_pca,0.25,0.07142857142857142,0.21505376344086022,7.26469159126282,0.07142857142857142
fold2,1,base_pca,1.0,0.17541866030565062,0.946236559139785,4.617393732070933,0.21428571428571427
fold2,1,base_snd,0.25,0.14285714285714285,0.21505376344086022,2.5640274286270643,0.14285714285714285
fold2,1,base_snd,1.0,0.2764678973782946,0.989247311827957,2.2003217935562214,0.2857142857142857
fold2,1,ctrl_random,0.25,0.20223127829591342,0.21505376344086022,3.130674242973329,0.21428571428571427
fold2,1,ctrl_random,1.0,0.3128321704278643,0.989247311827957,2.958755850791933,0.35714285714285715
fold2,1,ctrl_untrained,0.25,0.07142857142857142,0.21505376344086022,20.154379844665534,0.07142857142857142
fold2,1,ctrl_untrained,1.0,0.07142857142857142,0.989247311827957,17.189780235290527,0.07142857142857142
fold2,2,base_california,0.25,0.0,0.12903225806451613,1.0471062064170984,0.0
fold2,2,base_california,1.0,0.0,0.946236559139785,0.15542156249286132,0.0
fold2,2,base_iforest,0.25,0.14285714285714285,0.21505376344086022,0.71335044503212,0.14285714285714285
fold2,2,base_iforest,1.0,0.1922111742845634,0.9032258064516129,0.7036229670047762,0.21428571428571427
fold2,2,base_pca,0.25,0.07142857142857142,0.21505376344086022,7.26469159126282,0.07142857142857142
fold2,2,base_pca,1.0,0.17541866030565062,0.946236559139785,4.617393732070933,0.21428571428571427
fold2,2,base_snd,0.25,0.14285714285714285,0.21505376344086022,2.5640274286270643,0.14285714285714285
fold2,2,base_snd,1.0,0.2764678973782946,0.989247311827957,2.2003217935562214,0.2857142857142857
fold2,2,ctrl_random,0.25,0.2857142857142857,0.21505376344086022,3.0443917512893703,0.2857142857142857
fold2,2,ctrl_random,1.0,0.45638622418943137,0.946236559139785,2.8770846128463763,0.5714285714285714
fold2,2,ctrl_untrained,0.25,0.07142857142857142,0.21505376344086022,20.05106449127199,0.07142857142857142
fold2,2,ctrl_untrained,1.0,0.07142857142857142,0.989247311827957,17.160634040832527,0.07142857142857142
fold2,3,base_california,0.25,0.0,0.12903225806451613,1.0471062064170984,0.0
fold2,3,base_california,1.0,0.0,0.946236559139785,0.15542156249286132,0.0
fold2,3,base_iforest,0.25,0.14285714285714285,0.17204301075268819,0.7169605195522308,0.14285714285714285
fold2,3,base_iforest,1.0,0.24634390880279192,0.946236559139785,0.7081559598445892,0.2857142857142857
fold2,3,base_pca,0.25,0.07142857142857142,0.21505376344086022,7.26469159126282,0.07142857142857142
fold2,3,base_pca,1.0,0.17541866030565062,0.946236559139785,4.617393732070933,0.21428571428571427
fold2,3,base_snd,0.25,0.14285714285714285,0.21505376344086022,2.5640274286270643,0.14285714285714285
fold2,3,base_snd,1.0,0.2764678973782946,0.989247311827957,2.2003217935562214,0.2857142857142857
fold2,3,ctrl_random,0.25,0.07547172988417836,0.21505376344086022,3.0381389856338528,0.14285714285714285
fold2,3,ctrl_random,1.0,0.49773762192405097,0.946236559139785,2.88291656970978,0.5714285714285714
fold2,3,ctrl_untrained,0.25,0.07142857142857142,0.21505376344086022,20.020110130310073,0.07142857142857142
fold2,3,ctrl_untrained,1.0,0.07142857142857142,0.989247311827957,17.08838367462159,0.07142857142857142
fold2,4,base_california,0.25,0.0,0.12903225806451613,1.0471062064170984,0.0
fold2,4,base_california,1.0,0.0,0.946236559139785,0.15542156249286132,0.0
fold2,4,base_iforest,0.25,0.20798017775415834,0.17204301075268819,0.7165188491344452,0.21428571428571427
fold2,4,base_iforest,1.0,0.20798017775415834,0.989247311827957,0.7068757712841034,0.21428571428571427
fold2,4,base_pca,0.25,0.07142857142857142,0.21505376344086022,7.26469159126282,0.07142857142857142
fold2,4,base_pca,1.0,0.17541866030565062,0.946236559139785,4.617393732070933,0.21428571428571427
fold2,4,base_snd,0.25,0.14285714285714285,0.21505376344086022,2.5640274286270643,0.14285714285714285
fold2,4,base_snd,1.0,0.2764678973782946,0.989247311827957,2.2003217935562214,0.2857142857142857
fold2,4,ctrl_random,0.25,0.0,0.21505376344086022,3.0791519880294818,0.0
fold2,4,ctrl_random,1.0,0.4165534988847392,0.989247311827957,2.91769564151764,0.5
fold2,4,ctrl_untrained,0.25,0.07142857142857142,0.21505376344086022,20.021134376525886,0.07142857142857142
fold2,4,ctrl_untrained,1.0,0.07142857142857142,0.989247311827957,17.108664512634277,0.07142857142857142
fold3,0,base_california,0.25,0.0,0.17204301075268819,0.3218780308961875,0.0
fold3,0,base_california,1.0,0.3267284486316995,0.9032258064516129,-0.07765760645270266,0.42857142857142855
fold3,0,base_iforest,0.25,0.13024606979403097,0.17204301075268819,0.7395763099193573,0.14285714285714285
fold3,0,base_iforest,1.0,0.19536910469104646,0.989247311827957,0.7262153327465057,0.2857142857142857
fold3,0,base_pca,0.25,0.0,0.21505376344086022,24.746764183044455,0.0
fold3,0,base_pca,1.0,0.059374135438770556,0.946236559139785,23.90079212188723,0.14285714285714285
fold3,0,base_snd,0.25,0.14285714285714285,0.21505376344086022,2.900692105293654,0.14285714285714285
fold3,0,base_snd,1.0,0.37548697807876047,0.946236559139785,2.423999428749723,0.42857142857142855
fold3,0,ctrl_random,0.25,0.2857142857142857,0.21505376344086022,3.0553175210952785,0.2857142857142857
fold3,0,ctrl_random,1.0,0.2857142857142857,0.946236559139785,2.9419494867324847,0.2857142857142857
fold3,0,ctrl_untrained,0.25,0.06218218309258029,0.21505376344086022,23.07583522796631,0.14285714285714285
fold3,0,ctrl_untrained,1.0,0.0682029717078869,0.989247311827957,20.577626228332534,0.14285714285714285
fold3,1,base_california,0.25,0.0,0.17204301075268819,0.3218780308961875,0.0
fold3,1,base_california,1.0,0.3267284486316995,0.9032258064516129,-0.07765760645270266,0.42857142857142855
fold3,1,base_iforest,0.25,0.13024606979403097,0.17204301075268819,0.7247918546199799,0.14285714285714285
fold3,1,base_iforest,1.0,0.13024606979403097,0.9032258064516129,0.7145464122295382,0.14285714285714285
fold3,1,base_pca,0.25,0.0,0.21505376344086022,24.746764183044455,0.0
fold3,1,base_pca,1.0,0.059374135438770556,0.946236559139785,23.90079212188723,0.14285714285714285
fold3,1,base_snd,0.25,0.14285714285714285,0.21505376344086022,2.900692105293654,0.14285714285714285
fold3,1,base_snd,1.0,0.37548697807876047,0.946236559139785,2.423999428749723,0.42857142857142855
fold3,1,ctrl_random,0.25,0.0,0.21505376344086022,3.1710463762283347,0.0
fold3,1,ctrl_random,1.0,0.2857142857142857,0.989247311827957,2.974189162254334,0.2857142857142857
fold3,1,ctrl_untrained,0.25,0.06218218309258029,0.21505376344086022,23.400986671447768,0.14285714285714285
fold3,1,ctrl_untrained,1.0,0.06512303489701549,0.989247311827957,20.98208904266359,0.14285714285714285
fold3,2,base_california,0.25,0.0,0.17204301075268819,0.3218780308961875,0.0
fold3,2,base_california,1.0,0.3267284486316995,0.9032258064516129,-0.07765760645270266,0.42857142857142855
fold3,2,base_iforest,0.25,0.13024606979403097,0.21505376344086022,0.7268729507923128,0.14285714285714285
fold3,2,base_iforest,1.0,0.13024606979403097,0.9032258064516129,0.7231063544750214,0.14285714285714285
fold3,2,base_pca,0.25,0.0,0.21505376344086022,24.746764183044455,0.0
fold3,2,base_pca,1.0,0.059374135438770556,0.946236559139785,23.90079212188723,0.14285714285714285
fold3,2,base_snd,0.25,0.14285714285714285,0.21505376344086022,2.900692105293654,0.14285714285714285
fold3,2,base_snd,1.0,0.37548697807876047,0.946236559139785,2.423999428749723,0.42857142857142855
fold3,2,ctrl_random,0.25,0.2857142857142857,0.21505376344086022,3.1088348627090485,0.2857142857142857
fold3,2,ctrl_random,1.0,0.42857142857142855,0.989247311827957,2.904089808464051,0.42857142857142855
fold3,2,ctrl_untrained,0.25,0.06218218309258029,0.21505376344086022,23.24367237091066,0.14285714285714285
fold3,2,ctrl_untrained,1.0,0.0682029717078869,0.989247311827957,20.766640663146983,0.14285714285714285
fold3,3,base_california,0.25,0.0,0.17204301075268819,0.3218780308961875,0.0
fold3,3,base_california,1.0,0.3267284486316995,0.9032258064516129,-0.07765760645270266,0.42857142857142855
fold3,3,base_iforest,0.25,0.13024606979403097,0.21505376344086022,0.7325905263423922,0.14285714285714285
fold3,3,base_iforest,1.0,0.13024606979403097,0.9032258064516129,0.7213090360164643,0.14285714285714285
fold3,3,base_pca,0.25,0.0,0.21505376344086022,24.746764183044455,0.0
fold3,3,base_pca,1.0,0.059374135438770556,0.946236559139785,23.90079212188723,0.14285714285714285
fold3,3,base_snd,0.25,0.14285714285714285,0.21505376344086022,2.900692105293654,0.14285714285714285
fold3,3,base_snd,1.0,0.37548697807876047,0.946236559139785,2.423999428749723,0.42857142857142855
fold3,3,ctrl_random,0.25,0.11874827087754111,0.21505376344086022,3.064874529838562,0.14285714285714285
fold3,3,ctrl_random,1.0,0.5947779081280721,0.989247311827957,2.923773646354676,0.7142857142857143
fold3,3,ctrl_untrained,0.25,0.06218218309258029,0.21505376344086022,23.16704463958741,0.14285714285714285
fold3,3,ctrl_untrained,1.0,0.06512303489701549,0.989247311827957,20.7552194595337,0.14285714285714285
fold3,4,base_california,0.25,0.0,0.17204301075268819,0.3218780308961875,0.0
fold3,4,base_california,1.0,0.3267284486316995,0.9032258064516129,-0.07765760645270266,0.42857142857142855
fold3,4,base_iforest,0.25,0.108265469036457,0.21505376344086022,0.7410740554332733,0.14285714285714285
fold3,4,base_iforest,1.0,0.13024606979403097,0.9032258064516129,0.7304924428462982,0.14285714285714285
fold3,4,base_pca,0.25,0.0,0.21505376344086022,24.746764183044455,0.0
fold3,4,base_pca,1.0,0.059374135438770556,0.946236559139785,23.90079212188723,0.14285714285714285
fold3,4,base_snd,0.25,0.14285714285714285,0.21505376344086022,2.900692105293654,0.14285714285714285
fold3,4,base_snd,1.0,0.37548697807876047,0.946236559139785,2.423999428749723,0.42857142857142855
fold3,4,ctrl_random,0.25,0.20503932594972316,0.21505376344086022,3.059367775917055,0.2857142857142857
fold3,4,ctrl_random,1.0,0.599019080700466,0.989247311827957,2.9236646890640277,0.7142857142857143
fold3,4,ctrl_untrained,0.25,0.06218218309258029,0.21505376344086022,23.210831642150897,0.14285714285714285
fold3,4,ctrl_untrained,1.0,0.0682029717078869,0.989247311827957,20.735497474670417,0.14285714285714285
