dataset,seed,threshold,padf,event_recall,alarms_per_hour,alarm_windows_per_hour,episodes_per_hour,padf_ORACLE_0.25ph,alarms_per_hour_ORACLE_0.25ph,padf_ORACLE_1ph,alarms_per_hour_ORACLE_1ph,padf_runs,threshold_runs,in_run
fold0,0,3.1312254667282122,0.06820297170788689,0.07142857142857142,0.12903225806451613,0.12903225806451613,0.12903225806451613,0.06820297170788689,0.21505376344086022,0.24074718228441502,0.989247311827957,0.0682029717078868,3.131225466728212,True
fold0,1,3.016839861869813,0.37949131293367777,0.5,0.5591397849462365,0.5591397849462365,0.43010752688172044,0.33449413258028937,0.21505376344086022,0.40379460183464577,0.946236559139785,0.3794913129336777,3.016839861869813,True
fold0,2,3.142265200614929,0.10111563914795671,0.14285714285714285,0.21505376344086022,0.21505376344086022,0.17204301075268819,0.10111563914795671,0.21505376344086022,0.29332681343252015,0.989247311827957,0.1011156391479567,3.142265200614929,True
fold0,3,3.136123061180115,0.1932445010387369,0.21428571428571427,0.08602150537634409,0.08602150537634409,0.08602150537634409,0.230647862568045,0.21505376344086022,0.2603349302874303,0.989247311827957,0.1932445010387369,3.136123061180115,True
fold0,4,3.132897257804871,0.0,0.0,0.08602150537634409,0.08602150537634409,0.08602150537634409,0.07706666571401903,0.21505376344086022,0.4409973255021983,0.989247311827957,0.0,3.132897257804871,True
fold0,5,2.97842562198639,0.18823979337702898,0.21428571428571427,0.5591397849462365,0.5591397849462365,0.3870967741935484,0.051688187051442076,0.21505376344086022,0.21658624073360397,0.989247311827957,,,False
fold0,6,3.152530074119568,0.09409625624245808,0.14285714285714285,0.21505376344086022,0.21505376344086022,0.12903225806451613,0.09409625624245808,0.21505376344086022,0.21052200802441784,0.946236559139785,,,False
fold0,7,3.1171101331710815,0.06512303489701549,0.07142857142857142,0.3010752688172043,0.3010752688172043,0.21505376344086022,0.06512303489701549,0.21505376344086022,0.1662386740449722,0.946236559139785,,,False
fold0,8,3.17817771434784,0.0391723207033795,0.07142857142857142,0.17204301075268819,0.17204301075268819,0.08602150537634409,0.15356607199202651,0.21505376344086022,0.459270806916725,0.989247311827957,,,False
fold0,9,3.1294788122177133,0.14285714285714285,0.14285714285714285,0.43010752688172044,0.43010752688172044,0.3010752688172043,0.07142857142857142,0.21505376344086022,0.3787394019464338,0.989247311827957,,,False
fold0,10,3.0584715604782122,0.19251644100787924,0.2857142857142857,0.3870967741935484,0.3870967741935484,0.3870967741935484,0.14316240958045867,0.21505376344086022,0.4517993356469819,0.946236559139785,,,False
fold0,11,3.0569061040878296,0.17394823440343302,0.21428571428571427,0.43010752688172044,0.43010752688172044,0.3010752688172043,0.10251966297486158,0.21505376344086022,0.3660828271036694,0.989247311827957,,,False
fold0,12,3.3314951658248906,0.0,0.0,0.0,0.0,0.0,0.11439375128864702,0.21505376344086022,0.27471918587752564,0.989247311827957,,,False
fold0,13,3.076860785484314,0.12556130594679993,0.14285714285714285,0.25806451612903225,0.25806451612903225,0.25806451612903225,0.07142857142857142,0.21505376344086022,0.33984702023251423,0.989247311827957,,,False
fold0,14,3.058599829673767,0.07142857142857142,0.07142857142857142,0.3010752688172043,0.3010752688172043,0.25806451612903225,0.07142857142857142,0.21505376344086022,0.3604172426812135,0.989247311827957,,,False
fold0,15,3.016784787178042,0.1279319919784634,0.21428571428571427,0.3010752688172043,0.3010752688172043,0.25806451612903225,0.1279319919784634,0.21505376344086022,0.3032125090241567,0.989247311827957,,,False
fold0,16,3.0978847742080697,0.11642575178195977,0.14285714285714285,0.17204301075268819,0.17204301075268819,0.12903225806451613,0.26182200882401274,0.21505376344086022,0.5129963065366516,0.989247311827957,,,False
fold0,17,3.1185640096664446,0.10399008887707917,0.14285714285714285,0.21505376344086022,0.21505376344086022,0.12903225806451613,0.10399008887707917,0.21505376344086022,0.14695526873715475,0.989247311827957,,,False
fold0,18,3.041209816932681,0.19926532002384884,0.2857142857142857,0.43010752688172044,0.43010752688172044,0.3870967741935484,0.029687067719385278,0.21505376344086022,0.4770317316680352,0.989247311827957,,,False
fold0,19,3.154832482337954,0.11245351267846553,0.14285714285714285,0.12903225806451613,0.12903225806451613,0.12903225806451613,0.16914640739161552,0.17204301075268819,0.34834409779725845,0.989247311827957,,,False
fold0,20,3.070983767509461,0.051688187051442076,0.07142857142857142,0.34408602150537637,0.34408602150537637,0.3010752688172043,0.0,0.21505376344086022,0.20987415143674215,0.989247311827957,,,False
fold0,21,3.1602503061294573,0.0651925774002336,0.14285714285714285,0.17204301075268819,0.17204301075268819,0.12903225806451613,0.0651925774002336,0.21505376344086022,0.24215120611131993,0.989247311827957,,,False
fold0,22,3.097904562950136,0.06218218309258029,0.07142857142857142,0.043010752688172046,0.043010752688172046,0.043010752688172046,0.13361075452115173,0.21505376344086022,0.46229022009551307,0.989247311827957,,,False
fold0,23,3.1427999734878562,0.13992302450416966,0.21428571428571427,0.043010752688172046,0.043010752688172046,0.043010752688172046,0.3754932956626487,0.21505376344086022,0.3995913893097702,0.946236559139785,,,False
fold0,24,3.0656398534774785,0.18582232271721846,0.21428571428571427,0.43010752688172044,0.43010752688172044,0.43010752688172044,0.04296517986007559,0.21505376344086022,0.40050823528626883,0.989247311827957,,,False
fold0,25,3.2571469545364398,0.04712528252760336,0.07142857142857142,0.043010752688172046,0.043010752688172046,0.043010752688172046,0.22592914636744116,0.21505376344086022,0.4094152504745767,0.989247311827957,,,False
fold0,26,2.977429747581483,0.1878543232105312,0.21428571428571427,0.7741935483870968,0.7741935483870968,0.6021505376344086,0.11642575178195977,0.21505376344086022,0.306408177166706,0.989247311827957,,,False
fold0,27,3.032770276069643,0.238171297633265,0.35714285714285715,0.3870967741935484,0.3870967741935484,0.3870967741935484,0.15187369440228213,0.21505376344086022,0.3197947147505652,0.946236559139785,,,False
fold0,28,3.210116505622865,0.07142857142857142,0.07142857142857142,0.043010752688172046,0.043010752688172046,0.043010752688172046,0.2573342091815789,0.21505376344086022,0.5043157745396608,0.946236559139785,,,False
fold0,29,3.184556841850281,0.04935403142742057,0.07142857142857142,0.043010752688172046,0.043010752688172046,0.043010752688172046,0.04935403142742057,0.21505376344086022,0.3611077084372631,0.989247311827957,,,False
fold0,30,3.0684217214584364,0.16815988105653565,0.2857142857142857,0.34408602150537637,0.34408602150537637,0.34408602150537637,0.0391723207033795,0.21505376344086022,0.21774374927480805,0.989247311827957,,,False
fold0,31,2.9623297452926654,0.3909449637027307,0.42857142857142855,0.5161290322580645,0.5161290322580645,0.34408602150537637,0.08191554887592832,0.17204301075268819,0.49996637082386824,0.989247311827957,,,False
fold0,32,3.1308804750442514,0.11245351267846553,0.14285714285714285,0.08602150537634409,0.08602150537634409,0.08602150537634409,0.11245351267846553,0.21505376344086022,0.31620747751768563,0.946236559139785,,,False
fold0,33,3.168916344642642,0.0,0.0,0.043010752688172046,0.043010752688172046,0.043010752688172046,0.21428571428571427,0.21505376344086022,0.3411786177844393,0.989247311827957,,,False
fold0,34,3.0916653871536273,0.06218218309258029,0.07142857142857142,0.34408602150537637,0.34408602150537637,0.34408602150537637,0.06218218309258029,0.21505376344086022,0.16617227196965947,0.989247311827957,,,False
fold0,35,3.043832182884217,0.26895040124874325,0.35714285714285715,0.08602150537634409,0.08602150537634409,0.08602150537634409,0.26895040124874325,0.21505376344086022,0.4336840278989227,0.989247311827957,,,False
fold0,36,3.105114817619325,0.14285714285714285,0.14285714285714285,0.08602150537634409,0.08602150537634409,0.08602150537634409,0.25003650630311147,0.21505376344086022,0.3641455096755091,0.989247311827957,,,False
fold0,37,3.078951478004456,0.17101411605045982,0.21428571428571427,0.12903225806451613,0.12903225806451613,0.12903225806451613,0.28161500818241075,0.21505376344086022,0.52436490955121,0.989247311827957,,,False
fold0,38,3.1151403188705453,0.09771783596304408,0.21428571428571427,0.08602150537634409,0.08602150537634409,0.08602150537634409,0.13014954787214453,0.21505376344086022,0.5301382629165524,0.989247311827957,,,False
fold0,39,3.162967562675477,0.0391723207033795,0.07142857142857142,0.08602150537634409,0.08602150537634409,0.08602150537634409,0.0391723207033795,0.21505376344086022,0.09854645614215005,0.989247311827957,,,False
fold0,40,3.055706143379213,0.10233931529884614,0.14285714285714285,0.4731182795698925,0.4731182795698925,0.43010752688172044,0.0,0.21505376344086022,0.2715845054855957,0.989247311827957,,,False
fold0,41,3.118021607398989,0.0,0.0,0.08602150537634409,0.08602150537634409,0.08602150537634409,0.24537680583200444,0.17204301075268819,0.38697230276011757,0.989247311827957,,,False
fold0,42,3.083747267723085,0.10883193295787952,0.14285714285714285,0.17204301075268819,0.17204301075268819,0.12903225806451613,0.15772617465955427,0.21505376344086022,0.3525927284176947,0.989247311827957,,,False
fold0,43,3.0680443048477195,0.17295335340748544,0.2857142857142857,0.21505376344086022,0.21505376344086022,0.17204301075268819,0.17295335340748544,0.21505376344086022,0.2936593746791504,0.989247311827957,,,False
fold0,44,3.2045634984970097,0.12556130594679993,0.14285714285714285,0.12903225806451613,0.12903225806451613,0.12903225806451613,0.12556130594679993,0.21505376344086022,0.2419870577287597,0.989247311827957,,,False
fold0,45,3.225026965141299,0.0,0.0,0.25806451612903225,0.25806451612903225,0.25806451612903225,0.0,0.21505376344086022,0.2100899500037114,0.989247311827957,,,False
fold0,46,3.070412278175356,0.26141099681331764,0.2857142857142857,0.3010752688172043,0.3010752688172043,0.12903225806451613,0.26141099681331764,0.21505376344086022,0.5250507425264526,0.946236559139785,,,False
fold0,47,3.0902615785598773,0.07142857142857142,0.07142857142857142,0.17204301075268819,0.17204301075268819,0.17204301075268819,0.07142857142857142,0.17204301075268819,0.18202946356052235,0.989247311827957,,,False
fold0,48,3.2300375699996957,0.0,0.0,0.12903225806451613,0.12903225806451613,0.12903225806451613,0.07142857142857142,0.21505376344086022,0.2909052748097888,0.989247311827957,,,False
fold0,49,3.040426850318909,0.11153621452000086,0.14285714285714285,0.3870967741935484,0.3870967741935484,0.25806451612903225,0.11153621452000086,0.21505376344086022,0.31074712015519507,0.989247311827957,,,False
fold0,50,3.1004482507705706,0.17024204100761686,0.21428571428571427,0.08602150537634409,0.08602150537634409,0.08602150537634409,0.18998242538474622,0.21505376344086022,0.3506654089749754,0.989247311827957,,,False
fold0,51,3.1083909273147596,0.1396315431364583,0.14285714285714285,0.12903225806451613,0.12903225806451613,0.08602150537634409,0.3710589164157882,0.21505376344086022,0.5843744661401841,0.989247311827957,,,False
fold0,52,3.2544254064559937,0.0,0.0,0.043010752688172046,0.043010752688172046,0.043010752688172046,0.17120359021371787,0.21505376344086022,0.34192622489646635,0.989247311827957,,,False
fold0,53,3.078580975532532,0.07142857142857142,0.07142857142857142,0.34408602150537637,0.34408602150537637,0.3010752688172043,0.0,0.21505376344086022,0.31762293599549823,0.989247311827957,,,False
fold0,54,3.0830215215682997,0.04712528252760336,0.07142857142857142,0.17204301075268819,0.17204301075268819,0.17204301075268819,0.04712528252760336,0.21505376344086022,0.2644134613884937,0.989247311827957,,,False
fold0,55,3.1171716451644897,0.15364938702781555,0.21428571428571427,0.3010752688172043,0.3010752688172043,0.21505376344086022,0.11224831742461884,0.21505376344086022,0.1880635250228379,0.989247311827957,,,False
fold0,56,3.065972447395325,0.1455681578707262,0.21428571428571427,0.08602150537634409,0.08602150537634409,0.08602150537634409,0.264122011826901,0.21505376344086022,0.28927648863892325,0.989247311827957,,,False
fold0,57,3.165606141090395,0.0,0.0,0.12903225806451613,0.12903225806451613,0.12903225806451613,0.0,0.21505376344086022,0.4143162272764195,0.989247311827957,,,False
fold0,58,3.0646356344223022,0.1281214661417214,0.14285714285714285,0.3870967741935484,0.3870967741935484,0.3010752688172043,0.1281214661417214,0.21505376344086022,0.28691947037407634,0.989247311827957,,,False
fold0,59,3.092526316642762,0.1633642243158497,0.21428571428571427,0.3010752688172043,0.3010752688172043,0.17204301075268819,0.1633642243158497,0.21505376344086022,0.4356774538386375,0.989247311827957,,,False
fold0,60,3.0487223863601702,0.28248868599360116,0.2857142857142857,0.25806451612903225,0.25806451612903225,0.21505376344086022,0.21106011456502974,0.21505376344086022,0.5341777618086235,0.989247311827957,,,False
fold0,61,3.063830018043519,0.10399008887707917,0.14285714285714285,0.3010752688172043,0.3010752688172043,0.25806451612903225,0.10399008887707917,0.21505376344086022,0.38824068214060936,0.989247311827957,,,False
fold0,62,2.9933303594589233,0.16344020013841215,0.21428571428571427,0.7741935483870968,0.7741935483870968,0.5161290322580645,0.11350686995699906,0.21505376344086022,0.3464049860869845,0.989247311827957,,,False
fold0,63,3.0234652757644676,0.1757998872207303,0.21428571428571427,0.08602150537634409,0.08602150537634409,0.08602150537634409,0.21497220792410981,0.21505376344086022,0.3749271314834813,0.989247311827957,,,False
fold0,64,3.0448585748672503,0.1438025004713768,0.21428571428571427,0.7741935483870968,0.7741935483870968,0.43010752688172044,0.0748866064176652,0.21505376344086022,0.20317663591014737,0.989247311827957,,,False
fold0,65,3.102726101875307,0.22362166424642801,0.2857142857142857,0.17204301075268819,0.17204301075268819,0.17204301075268819,0.29505023567499944,0.21505376344086022,0.47416704348381844,0.989247311827957,,,False
fold0,66,3.1335784196853664,0.029687067719385278,0.07142857142857142,0.0,0.0,0.0,0.029687067719385278,0.21505376344086022,0.2439727820050996,0.989247311827957,,,False
fold0,67,3.019504189491274,0.16911312377409465,0.21428571428571427,0.6021505376344086,0.6021505376344086,0.43010752688172044,0.06512303489701549,0.21505376344086022,0.31824217398666166,0.989247311827957,,,False
fold0,68,3.0747021436691284,0.08247918187480349,0.14285714285714285,0.043010752688172046,0.043010752688172046,0.043010752688172046,0.2878503851301929,0.21505376344086022,0.5077587428823275,0.989247311827957,,,False
fold0,69,3.0835472345352186,0.18154878667897525,0.21428571428571427,0.12903225806451613,0.12903225806451613,0.08602150537634409,0.41400459180846566,0.21505376344086022,0.5688956701138288,0.989247311827957,,,False
fold0,70,3.098586916923524,0.14285714285714285,0.14285714285714285,0.21505376344086022,0.21505376344086022,0.17204301075268819,0.21428571428571427,0.21505376344086022,0.27673364749623275,0.989247311827957,,,False
fold0,71,3.2111099958419818,0.10553005728251488,0.14285714285714285,0.043010752688172046,0.043010752688172046,0.043010752688172046,0.26365288067782255,0.21505376344086022,0.41135186761576575,0.989247311827957,,,False
fold0,72,3.0991848707199114,0.07142857142857142,0.07142857142857142,0.08602150537634409,0.08602150537634409,0.08602150537634409,0.14285714285714285,0.21505376344086022,0.14285714285714285,0.989247311827957,,,False
fold0,73,3.137166142463685,0.029687067719385278,0.07142857142857142,0.21505376344086022,0.21505376344086022,0.17204301075268819,0.029687067719385278,0.21505376344086022,0.43754790483535233,0.989247311827957,,,False
fold0,74,3.1821855306625384,0.1382406821406093,0.21428571428571427,0.0,0.0,0.0,0.17542210480542414,0.21505376344086022,0.3963914538009167,0.946236559139785,,,False
fold0,75,3.2575117349624643,0.06820297170788689,0.07142857142857142,0.08602150537634409,0.08602150537634409,0.08602150537634409,0.15899735227498032,0.21505376344086022,0.41572486527614555,0.989247311827957,,,False
fold0,76,3.0539432764053354,0.21106011456502974,0.21428571428571427,0.34408602150537637,0.34408602150537637,0.25806451612903225,0.1396315431364583,0.21505376344086022,0.29297566344095805,0.989247311827957,,,False
fold0,77,3.1585866212844875,0.07142857142857142,0.07142857142857142,0.08602150537634409,0.08602150537634409,0.08602150537634409,0.07142857142857142,0.17204301075268819,0.07142857142857142,0.989247311827957,,,False
fold0,78,3.213516354560855,0.0410249412498941,0.07142857142857142,0.043010752688172046,0.043010752688172046,0.043010752688172046,0.0410249412498941,0.21505376344086022,0.27434731109209765,0.989247311827957,,,False
fold0,79,3.130372166633607,0.03256151744850774,0.07142857142857142,0.043010752688172046,0.043010752688172046,0.043010752688172046,0.09768455234552323,0.21505376344086022,0.19171067167242475,0.989247311827957,,,False
fold0,80,3.183116078376771,0.07142857142857142,0.07142857142857142,0.0,0.0,0.0,0.11642575178195977,0.21505376344086022,0.3589348413363038,0.989247311827957,,,False
fold0,81,2.9547919034957895,0.2512382246217349,0.2857142857142857,0.8602150537634409,0.8602150537634409,0.6881720430107527,0.04935403142742057,0.21505376344086022,0.2512382246217349,0.989247311827957,,,False
fold0,82,3.162011981010438,0.1365516063255869,0.14285714285714285,0.08602150537634409,0.08602150537634409,0.08602150537634409,0.22234127923097244,0.21505376344086022,0.5593514386061494,0.989247311827957,,,False
fold0,83,3.1089414358139043,0.07142857142857142,0.07142857142857142,0.17204301075268819,0.17204301075268819,0.12903225806451613,0.07142857142857142,0.21505376344086022,0.40178131586620625,0.989247311827957,,,False
fold0,84,3.2179955244064335,0.0,0.0,0.08602150537634409,0.08602150537634409,0.043010752688172046,0.14285714285714285,0.21505376344086022,0.39910007514058565,0.946236559139785,,,False
fold0,85,3.1091362237930307,0.0,0.0,0.12903225806451613,0.12903225806451613,0.12903225806451613,0.1281214661417214,0.21505376344086022,0.2709786089988643,0.989247311827957,,,False
fold0,86,3.2617455720901516,0.07142857142857142,0.07142857142857142,0.043010752688172046,0.043010752688172046,0.043010752688172046,0.20503932594972316,0.21505376344086022,0.3124146183609895,0.989247311827957,,,False
fold0,87,3.1716762781143206,0.0,0.0,0.08602150537634409,0.08602150537634409,0.08602150537634409,0.04499718035338833,0.21505376344086022,0.5072874004489014,0.989247311827957,,,False
fold0,88,3.045465350151064,0.0,0.0,0.43010752688172044,0.43010752688172044,0.43010752688172044,0.0,0.21505376344086022,0.1373163916408845,0.989247311827957,,,False
fold0,89,3.2274736166000375,0.0,0.0,0.0,0.0,0.0,0.14285714285714285,0.21505376344086022,0.24838720013965773,0.946236559139785,,,False
fold0,90,3.229145646095277,0.0,0.0,0.0,0.0,0.0,0.2439727820050996,0.21505376344086022,0.426241110213625,0.989247311827957,,,False
fold0,91,3.0741344690322885,0.33019726195327365,0.42857142857142855,0.25806451612903225,0.25806451612903225,0.12903225806451613,0.2571558906643599,0.21505376344086022,0.3970093726653115,0.989247311827957,,,False
fold0,92,3.029875397682192,0.10553005728251488,0.14285714285714285,0.25806451612903225,0.25806451612903225,0.21505376344086022,0.10553005728251488,0.21505376344086022,0.42690967991255874,0.9032258064516129,,,False
fold0,93,3.0186520814895648,0.1511153714046825,0.21428571428571427,0.5161290322580645,0.5161290322580645,0.4731182795698925,0.1511153714046825,0.21505376344086022,0.6297427468626008,0.989247311827957,,,False
fold0,94,3.054100155830384,0.1396315431364583,0.14285714285714285,0.12903225806451613,0.12903225806451613,0.12903225806451613,0.17373302899040177,0.21505376344086022,0.3165901718475446,0.989247311827957,,,False
fold0,95,3.254779458045961,0.03410148585394345,0.07142857142857142,0.0,0.0,0.0,0.09654941906446189,0.21505376344086022,0.2594378105858898,0.946236559139785,,,False
fold0,96,3.1692975759506226,0.0,0.0,0.17204301075268819,0.17204301075268819,0.17204301075268819,0.0,0.21505376344086022,0.13740436078082402,0.989247311827957,,,False
fold0,97,3.0950628519058236,0.1903036492343017,0.21428571428571427,0.25806451612903225,0.25806451612903225,0.21505376344086022,0.1903036492343017,0.21505376344086022,0.3718412874349596,0.946236559139785,,,False
fold0,98,3.184569954872133,0.0541327345182285,0.07142857142857142,0.043010752688172046,0.043010752688172046,0.043010752688172046,0.2684184488039428,0.17204301075268819,0.46540832617931416,0.946236559139785,,,False
fold0,99,3.0504668951034546,0.18202946356052235,0.21428571428571427,0.08602150537634409,0.08602150537634409,0.08602150537634409,0.3678517862777408,0.21505376344086022,0.5107089291348836,0.989247311827957,,,False
fold0,100,3.0889722108840956,0.07142857142857142,0.07142857142857142,0.17204301075268819,0.17204301075268819,0.12903225806451613,0.14285714285714285,0.21505376344086022,0.3248866064176652,0.989247311827957,,,False
fold0,101,2.9750703573226946,0.2382205987933172,0.35714285714285715,0.7741935483870968,0.7741935483870968,0.4731182795698925,0.11784848450301881,0.21505376344086022,0.30964917022188854,0.989247311827957,,,False
fold0,102,3.137042641639712,0.06512303489701549,0.07142857142857142,0.12903225806451613,0.12903225806451613,0.12903225806451613,0.06512303489701549,0.21505376344086022,0.41476825208250506,0.989247311827957,,,False
fold0,103,3.046535849571228,0.1497732128353304,0.21428571428571427,0.43010752688172044,0.43010752688172044,0.3010752688172043,0.07142857142857142,0.21505376344086022,0.4445040500947554,0.9032258064516129,,,False
fold0,104,3.037105917930605,0.12556130594679993,0.14285714285714285,0.3010752688172043,0.3010752688172043,0.25806451612903225,0.12556130594679993,0.21505376344086022,0.3025199346578863,0.989247311827957,,,False
fold0,105,3.1429148912429827,0.0,0.0,0.08602150537634409,0.08602150537634409,0.08602150537634409,0.25,0.21505376344086022,0.6182709869107113,0.989247311827957,,,False
fold0,106,3.307752490043641,0.0,0.0,0.043010752688172046,0.043010752688172046,0.043010752688172046,0.0,0.21505376344086022,0.2709786089988643,0.989247311827957,,,False
fold0,107,3.0645829439163235,0.06820297170788689,0.07142857142857142,0.43010752688172044,0.43010752688172044,0.43010752688172044,0.06820297170788689,0.21505376344086022,0.4391123195363564,0.989247311827957,,,False
fold0,108,2.9877985715866107,0.2572508941457899,0.2857142857142857,0.4731182795698925,0.4731182795698925,0.25806451612903225,0.11439375128864702,0.21505376344086022,0.49063666745208806,0.989247311827957,,,False
fold0,109,3.156230568885804,0.0541327345182285,0.07142857142857142,0.043010752688172046,0.043010752688172046,0.043010752688172046,0.20963474209255864,0.21505376344086022,0.29105300070566337,0.946236559139785,,,False
fold0,110,3.0569766759872437,0.10323305377424019,0.21428571428571427,0.5161290322580645,0.5161290322580645,0.43010752688172044,0.028346447356574992,0.21505376344086022,0.3680716873356551,0.989247311827957,,,False
fold0,111,3.0862745046615614,0.04296517986007559,0.07142857142857142,0.3870967741935484,0.3870967741935484,0.34408602150537637,0.0,0.21505376344086022,0.2572508941457899,0.989247311827957,,,False
fold0,112,3.2007886171340956,0.0,0.0,0.0,0.0,0.0,0.0,0.21505376344086022,0.32218584051933696,0.989247311827957,,,False
fold0,113,3.106175303459168,0.17120359021371787,0.21428571428571427,0.12903225806451613,0.12903225806451613,0.08602150537634409,0.17120359021371787,0.21505376344086022,0.5867573929567287,0.946236559139785,,,False
fold0,114,3.045875191688538,0.1665534988847392,0.2857142857142857,0.3870967741935484,0.3870967741935484,0.3010752688172043,0.10717936344596864,0.17204301075268819,0.3650138021623281,0.9032258064516129,,,False
fold0,115,3.112418055534363,0.0,0.0,0.3870967741935484,0.3870967741935484,0.21505376344086022,0.0,0.21505376344086022,0.24893900875664196,0.989247311827957,,,False
fold0,116,3.3291684389114398,0.0,0.0,0.0,0.0,0.0,0.0391723207033795,0.21505376344086022,0.2901176783176135,0.989247311827957,,,False
fold0,117,3.12898647785187,0.1396315431364583,0.14285714285714285,0.043010752688172046,0.043010752688172046,0.043010752688172046,0.1396315431364583,0.17204301075268819,0.2983725732843125,0.989247311827957,,,False
fold0,118,3.0453222990036015,0.17024204100761686,0.21428571428571427,0.34408602150537637,0.34408602150537637,0.25806451612903225,0.0,0.17204301075268819,0.30608154442858576,0.989247311827957,,,False
fold0,119,3.0797501802444462,0.24389936133600548,0.2857142857142857,0.21505376344086022,0.21505376344086022,0.21505376344086022,0.24389936133600548,0.21505376344086022,0.367016119816019,0.946236559139785,,,False
fold0,120,3.370904803276062,0.0,0.0,0.0,0.0,0.0,0.17857142857142858,0.21505376344086022,0.2736598497244848,0.9032258064516129,,,False
fold0,121,3.121952891349793,0.07142857142857142,0.07142857142857142,0.043010752688172046,0.043010752688172046,0.043010752688172046,0.07142857142857142,0.21505376344086022,0.3307114660676741,0.989247311827957,,,False
fold0,122,3.083671689033509,0.149129050212567,0.21428571428571427,0.17204301075268819,0.17204301075268819,0.17204301075268819,0.149129050212567,0.21505376344086022,0.5023005264478898,0.946236559139785,,,False
fold0,123,3.041555047035218,0.3508189906866392,0.42857142857142855,0.12903225806451613,0.12903225806451613,0.12903225806451613,0.3675483636755596,0.21505376344086022,0.47469122081841675,0.946236559139785,,,False
fold0,124,3.1451624631881723,0.031091091546290146,0.07142857142857142,0.17204301075268819,0.17204301075268819,0.17204301075268819,0.17394823440343302,0.21505376344086022,0.4854151781032404,0.989247311827957,,,False
fold0,125,3.0296460390090956,0.2673543131929289,0.2857142857142857,0.5161290322580645,0.5161290322580645,0.3870967741935484,0.1365516063255869,0.21505376344086022,0.4165169925816277,0.989247311827957,,,False
fold0,126,3.1302798986434937,0.07142857142857142,0.07142857142857142,0.12903225806451613,0.12903225806451613,0.12903225806451613,0.07142857142857142,0.17204301075268819,0.20503932594972316,0.989247311827957,,,False
fold0,127,3.026962161064148,0.20286519891569996,0.35714285714285715,0.5161290322580645,0.5161290322580645,0.43010752688172044,0.12880892750933423,0.21505376344086022,0.3170886313319911,0.989247311827957,,,False
fold0,128,3.0337163209915174,0.14285714285714285,0.14285714285714285,0.5591397849462365,0.5591397849462365,0.5161290322580645,0.14285714285714285,0.21505376344086022,0.3982409216755601,0.989247311827957,,,False
fold0,129,3.172245144844057,0.0541327345182285,0.07142857142857142,0.0,0.0,0.0,0.2159402786241146,0.21505376344086022,0.37915610889538176,0.989247311827957,,,False
fold0,130,3.1247516870498666,0.0,0.0,0.08602150537634409,0.08602150537634409,0.08602150537634409,0.028346447356574992,0.17204301075268819,0.41797799049303336,0.989247311827957,,,False
fold0,131,2.962585330009462,0.2966862561684107,0.35714285714285715,0.8172043010752689,0.8172043010752689,0.6021505376344086,0.0374033615293081,0.21505376344086022,0.4148809671244419,0.989247311827957,,,False
fold0,132,3.11475169658661,0.04712528252760336,0.07142857142857142,0.25806451612903225,0.25806451612903225,0.25806451612903225,0.04712528252760336,0.21505376344086022,0.3307114660676741,0.989247311827957,,,False
fold0,133,2.9987300634384155,0.1637477827160676,0.21428571428571427,0.3010752688172043,0.3010752688172043,0.3010752688172043,0.1637477827160676,0.21505376344086022,0.4098120499156849,0.989247311827957,,,False
fold0,134,3.2582002878189114,0.0,0.0,0.043010752688172046,0.043010752688172046,0.043010752688172046,0.0,0.17204301075268819,0.06885938842276478,0.946236559139785,,,False
fold0,135,3.10664451122284,0.1281214661417214,0.14285714285714285,0.0,0.0,0.0,0.24099655755520785,0.21505376344086022,0.44155455698784773,0.989247311827957,,,False
fold0,136,3.0894662141799936,0.07142857142857142,0.07142857142857142,0.08602150537634409,0.08602150537634409,0.08602150537634409,0.21428571428571427,0.21505376344086022,0.41417254667524855,0.946236559139785,,,False
fold0,137,3.1197553873062156,0.13565163465840344,0.21428571428571427,0.3870967741935484,0.3870967741935484,0.3010752688172043,0.13565163465840344,0.21505376344086022,0.5835868696480088,0.989247311827957,,,False
fold0,138,3.0651415586471558,0.21428571428571427,0.21428571428571427,0.12903225806451613,0.12903225806451613,0.08602150537634409,0.21428571428571427,0.21505376344086022,0.5653279327645769,0.989247311827957,,,False
fold0,139,3.032795071601869,0.2639450124364507,0.35714285714285715,0.3010752688172043,0.3010752688172043,0.21505376344086022,0.22477269173307118,0.21505376344086022,0.40386803694062035,0.989247311827957,,,False
fold0,140,3.162364602088929,0.0,0.0,0.17204301075268819,0.17204301075268819,0.12903225806451613,0.0,0.21505376344086022,0.26597390133715637,0.989247311827957,,,False
fold0,141,3.2984906435012826,0.07142857142857142,0.07142857142857142,0.0,0.0,0.0,0.07142857142857142,0.21505376344086022,0.35714285714285715,0.989247311827957,,,False
fold0,142,3.067743420600893,0.23720835463795176,0.2857142857142857,0.21505376344086022,0.21505376344086022,0.21505376344086022,0.23720835463795176,0.21505376344086022,0.49445924878374165,0.946236559139785,,,False
fold0,143,3.1248036623001116,0.059437538902865135,0.14285714285714285,0.08602150537634409,0.08602150537634409,0.08602150537634409,0.1586620596538241,0.21505376344086022,0.32848092791081646,0.989247311827957,,,False
fold0,144,3.230810046195984,0.0,0.0,0.043010752688172046,0.043010752688172046,0.043010752688172046,0.0,0.21505376344086022,0.33984702023251423,0.989247311827957,,,False
fold0,145,3.0441337823867816,0.30437617667339323,0.35714285714285715,0.3870967741935484,0.3870967741935484,0.3010752688172043,0.30437617667339323,0.21505376344086022,0.340090462387679,0.989247311827957,,,False
fold0,146,3.119171738624574,0.059374135438770556,0.14285714285714285,0.08602150537634409,0.08602150537634409,0.08602150537634409,0.059374135438770556,0.21505376344086022,0.4106589379529945,0.989247311827957,,,False
fold0,147,3.194245219230652,0.0,0.0,0.08602150537634409,0.08602150537634409,0.08602150537634409,0.059374135438770556,0.21505376344086022,0.44452225718276905,0.989247311827957,,,False
fold0,148,3.1285909414291386,0.03571428571428571,0.07142857142857142,0.043010752688172046,0.043010752688172046,0.043010752688172046,0.19901210795482274,0.17204301075268819,0.4806379574566696,0.946236559139785,,,False
fold0,149,3.083068251609804,0.028346447356574992,0.07142857142857142,0.34408602150537637,0.34408602150537637,0.3010752688172043,0.028346447356574992,0.21505376344086022,0.4317546995395935,0.989247311827957,,,False
fold0,150,3.036624789237977,0.20790734629925176,0.2857142857142857,0.3870967741935484,0.3870967741935484,0.3010752688172043,0.1039172574221726,0.21505376344086022,0.41896746086428155,0.989247311827957,,,False
fold0,151,3.184718489646912,0.11642575178195977,0.14285714285714285,0.043010752688172046,0.043010752688172046,0.043010752688172046,0.2288792644604253,0.21505376344086022,0.5134960526282415,0.989247311827957,,,False
fold0,152,3.041683077812196,0.13992302450416966,0.21428571428571427,0.43010752688172044,0.43010752688172044,0.34408602150537637,0.13992302450416966,0.17204301075268819,0.4099895489916972,0.989247311827957,,,False
fold0,153,2.99080264568329,0.173954967854895,0.21428571428571427,0.5591397849462365,0.5591397849462365,0.4731182795698925,0.10252639642632358,0.21505376344086022,0.33031588398027373,0.989247311827957,,,False
fold0,154,3.248334527015687,0.0,0.0,0.043010752688172046,0.043010752688172046,0.043010752688172046,0.06512303489701549,0.21505376344086022,0.21754139092991645,0.989247311827957,,,False
fold0,155,3.104007840156556,0.26141099681331764,0.2857142857142857,0.3870967741935484,0.3870967741935484,0.3870967741935484,0.21428571428571427,0.21505376344086022,0.438369625524404,0.946236559139785,,,False
fold0,156,3.11054861545563,0.2426321616422893,0.2857142857142857,0.17204301075268819,0.17204301075268819,0.12903225806451613,0.31406073307086074,0.21505376344086022,0.43048648485282043,0.989247311827957,,,False
fold0,157,3.0934234857559213,0.18026050438645094,0.21428571428571427,0.12903225806451613,0.12903225806451613,0.12903225806451613,0.18026050438645094,0.21505376344086022,0.3307301749618282,0.989247311827957,,,False
fold0,158,3.0971869230270386,0.0,0.0,0.25806451612903225,0.25806451612903225,0.25806451612903225,0.0,0.21505376344086022,0.1633642243158497,0.946236559139785,,,False
fold0,159,3.1358283758163457,0.0,0.0,0.12903225806451613,0.12903225806451613,0.12903225806451613,0.0,0.21505376344086022,0.3128321704278643,0.989247311827957,,,False
fold0,160,3.10393822193146,0.1032071243424744,0.14285714285714285,0.5161290322580645,0.5161290322580645,0.4731182795698925,0.0,0.21505376344086022,0.3566651593315681,0.989247311827957,,,False
fold0,161,3.2342141866683973,0.0,0.0,0.0,0.0,0.0,0.14285714285714285,0.21505376344086022,0.36615940868799646,0.989247311827957,,,False
fold0,162,3.2000976800918597,0.0,0.0,0.17204301075268819,0.17204301075268819,0.12903225806451613,0.07142857142857142,0.21505376344086022,0.4013637637993314,0.989247311827957,,,False
fold0,163,3.1312655210494995,0.06512303489701549,0.07142857142857142,0.3870967741935484,0.3870967741935484,0.3870967741935484,0.06512303489701549,0.21505376344086022,0.2667248446647113,0.989247311827957,,,False
fold0,164,3.0480047464370745,0.08823422037217196,0.14285714285714285,0.34408602150537637,0.34408602150537637,0.3010752688172043,0.08823422037217196,0.21505376344086022,0.21563912405460134,0.989247311827957,,,False
fold0,165,3.1227136850357073,0.04712528252760336,0.07142857142857142,0.043010752688172046,0.043010752688172046,0.043010752688172046,0.1807360370487551,0.21505376344086022,0.40450057493886976,0.989247311827957,,,False
fold0,166,3.0988904237747215,0.0,0.0,0.21505376344086022,0.21505376344086022,0.17204301075268819,0.0,0.21505376344086022,0.5708306716856812,0.946236559139785,,,False
fold0,167,2.953961730003358,0.4211007328609709,0.5,0.9032258064516129,0.9032258064516129,0.7311827956989247,0.07142857142857142,0.21505376344086022,0.4211007328609709,0.989247311827957,,,False
fold0,168,3.175499081611634,0.04712528252760336,0.07142857142857142,0.0,0.0,0.0,0.12556130594679993,0.21505376344086022,0.35714285714285715,0.989247311827957,,,False
fold0,169,3.0705331563949594,0.2174679702608224,0.2857142857142857,0.25806451612903225,0.25806451612903225,0.17204301075268819,0.16577978320938033,0.21505376344086022,0.5625563914138786,0.989247311827957,,,False
fold0,170,3.0301920175552377,0.06218218309258029,0.07142857142857142,0.25806451612903225,0.25806451612903225,0.21505376344086022,0.06218218309258029,0.17204301075268819,0.3085260918953722,0.989247311827957,,,False
fold0,171,3.1062175035476702,0.20503932594972316,0.21428571428571427,0.21505376344086022,0.21505376344086022,0.17204301075268819,0.20503932594972316,0.21505376344086022,0.6094167730083964,0.989247311827957,,,False
fold0,172,3.088277935981752,0.20798017775415834,0.21428571428571427,0.3870967741935484,0.3870967741935484,0.3010752688172043,0.14285714285714285,0.21505376344086022,0.2794087491827298,0.946236559139785,,,False
fold0,173,3.0490680932998675,0.194932694553269,0.2857142857142857,0.25806451612903225,0.25806451612903225,0.17204301075268819,0.194932694553269,0.21505376344086022,0.45734570354858456,0.989247311827957,,,False
fold0,174,3.037484765052798,0.15649688857027771,0.21428571428571427,0.3870967741935484,0.3870967741935484,0.3870967741935484,0.10714285714285714,0.21505376344086022,0.24003837227123598,0.989247311827957,,,False
fold0,175,3.0359874963760385,0.14285714285714285,0.14285714285714285,0.6881720430107527,0.6881720430107527,0.5591397849462365,0.0,0.21505376344086022,0.24838720013965773,0.989247311827957,,,False
fold0,176,3.055537343025208,0.11916980299564973,0.21428571428571427,0.21505376344086022,0.21505376344086022,0.17204301075268819,0.11916980299564973,0.21505376344086022,0.338234220372172,0.989247311827957,,,False
fold0,177,3.073217511177064,0.11060089213195091,0.14285714285714285,0.21505376344086022,0.21505376344086022,0.17204301075268819,0.11060089213195091,0.21505376344086022,0.5534591247468211,0.989247311827957,,,False
fold0,178,3.0943039655685434,0.0,0.0,0.21505376344086022,0.21505376344086022,0.12903225806451613,0.0,0.21505376344086022,0.10567916469210156,0.989247311827957,,,False
fold0,179,3.129337906837464,0.07142857142857142,0.07142857142857142,0.08602150537634409,0.08602150537634409,0.08602150537634409,0.14285714285714285,0.21505376344086022,0.299509540350233,0.989247311827957,,,False
fold0,180,3.2199939489364637,0.09977501878514641,0.14285714285714285,0.08602150537634409,0.08602150537634409,0.08602150537634409,0.26555480199452675,0.21505376344086022,0.28656238606537227,0.989247311827957,,,False
fold0,181,3.10176479816437,0.1922111742845634,0.21428571428571427,0.08602150537634409,0.08602150537634409,0.08602150537634409,0.1922111742845634,0.21505376344086022,0.36563197591038193,0.946236559139785,,,False
fold0,182,3.070289969444275,0.19698987737537135,0.21428571428571427,0.25806451612903225,0.25806451612903225,0.17204301075268819,0.12556130594679993,0.21505376344086022,0.5843942381561955,0.989247311827957,,,False
fold0,183,3.1359781026840228,0.0,0.0,0.08602150537634409,0.08602150537634409,0.08602150537634409,0.10553005728251488,0.21505376344086022,0.2420816636081018,0.946236559139785,,,False
fold0,184,2.992608904838562,0.21428571428571427,0.21428571428571427,0.5591397849462365,0.5591397849462365,0.4731182795698925,0.07142857142857142,0.21505376344086022,0.35714285714285715,0.989247311827957,,,False
fold0,185,3.1139575242996247,0.0391723207033795,0.07142857142857142,0.17204301075268819,0.17204301075268819,0.17204301075268819,0.1402879598513362,0.21505376344086022,0.2553869314902885,0.989247311827957,,,False
fold0,186,3.061745762825015,0.21428571428571427,0.21428571428571427,0.3870967741935484,0.3870967741935484,0.21505376344086022,0.21428571428571427,0.21505376344086022,0.41021145605007175,0.946236559139785,,,False
fold0,187,3.1453047990798972,0.0541327345182285,0.07142857142857142,0.17204301075268819,0.17204301075268819,0.12903225806451613,0.0541327345182285,0.21505376344086022,0.2419870577287597,0.946236559139785,,,False
fold0,188,3.2946590185165414,0.0,0.0,0.043010752688172046,0.043010752688172046,0.043010752688172046,0.13662114882880502,0.21505376344086022,0.34804711883401795,0.989247311827957,,,False
fold0,189,3.0259517431259164,0.0,0.0,0.7311827956989247,0.7311827956989247,0.4731182795698925,0.0,0.21505376344086022,0.0,0.989247311827957,,,False
fold0,190,2.996940016746522,0.14606838740550682,0.21428571428571427,0.6021505376344086,0.6021505376344086,0.43010752688172044,0.059374135438770556,0.21505376344086022,0.28123958187532117,0.989247311827957,,,False
fold0,191,3.2113479375839233,0.10399008887707917,0.14285714285714285,0.12903225806451613,0.12903225806451613,0.12903225806451613,0.1397043745913649,0.21505376344086022,0.43611981586717236,0.989247311827957,,,False
fold0,192,3.0278738737106328,0.14316240958045867,0.21428571428571427,0.6021505376344086,0.6021505376344086,0.34408602150537637,0.07142857142857142,0.21505376344086022,0.2502324352684092,0.989247311827957,,,False
fold0,193,3.197705864906312,0.07142857142857142,0.07142857142857142,0.34408602150537637,0.34408602150537637,0.3010752688172043,0.07142857142857142,0.21505376344086022,0.11642575178195977,0.989247311827957,,,False
fold0,194,3.0496877431869525,0.25168907581502237,0.2857142857142857,0.5161290322580645,0.5161290322580645,0.43010752688172044,0.25168907581502237,0.21505376344086022,0.29881435834262576,0.946236559139785,,,False
fold0,195,3.048194050788881,0.30669289471315003,0.35714285714285715,0.08602150537634409,0.08602150537634409,0.08602150537634409,0.30669289471315003,0.21505376344086022,0.37812146614172143,0.946236559139785,,,False
fold0,196,3.1012314558029184,0.0,0.0,0.12903225806451613,0.12903225806451613,0.08602150537634409,0.20503932594972316,0.21505376344086022,0.20503932594972316,0.989247311827957,,,False
fold0,197,3.1124771833419818,0.17880386383983785,0.21428571428571427,0.25806451612903225,0.25806451612903225,0.21505376344086022,0.17880386383983785,0.17204301075268819,0.3711705470472136,0.989247311827957,,,False
fold0,198,3.05953323841095,0.2439727820050996,0.2857142857142857,0.17204301075268819,0.17204301075268819,0.17204301075268819,0.2439727820050996,0.21505376344086022,0.6781823048619758,0.989247311827957,,,False
fold0,199,3.0760806798934954,0.13086611033143655,0.21428571428571427,0.3010752688172043,0.3010752688172043,0.21505376344086022,0.13086611033143655,0.21505376344086022,0.24537680583200444,0.946236559139785,,,False
fold1,0,3.1409658193588257,0.1111111111111111,0.1111111111111111,0.12903225806451613,0.12903225806451613,0.12903225806451613,0.16176236047545647,0.21505376344086022,0.34462880979704585,0.989247311827957,0.1111111111111111,3.1409658193588257,True
fold1,1,3.016839861869813,0.2222222222222222,0.2222222222222222,0.9032258064516129,0.9032258064516129,0.6881720430107527,0.0,0.21505376344086022,0.2222222222222222,0.989247311827957,0.2222222222222222,3.016839861869813,True
fold1,2,3.1472424268722548,0.16666666666666666,0.2222222222222222,0.21505376344086022,0.21505376344086022,0.17204301075268819,0.16666666666666666,0.21505376344086022,0.27058614240534024,0.989247311827957,0.1666666666666666,3.1472424268722548,True
fold1,3,3.1859434843063372,0.1111111111111111,0.1111111111111111,0.08602150537634409,0.08602150537634409,0.08602150537634409,0.2222222222222222,0.21505376344086022,0.5026274512678126,0.946236559139785,0.1111111111111111,3.185943484306337,True
fold1,4,3.132897257804871,0.0,0.0,0.08602150537634409,0.08602150537634409,0.08602150537634409,0.0,0.21505376344086022,0.39151634015670145,0.989247311827957,0.0,3.132897257804871,True
fold1,5,2.997522950172425,0.40332894721638185,0.4444444444444444,0.3010752688172043,0.3010752688172043,0.17204301075268819,0.40332894721638185,0.21505376344086022,0.5650913076918384,0.989247311827957,,,False
fold1,6,3.152530074119569,0.12742418714033293,0.2222222222222222,0.21505376344086022,0.21505376344086022,0.12903225806451613,0.191240762417946,0.21505376344086022,0.5637197043405892,0.989247311827957,,,False
fold1,7,3.157142996788025,0.0,0.0,0.34408602150537637,0.34408602150537637,0.25806451612903225,0.0,0.21505376344086022,0.3535021482429706,0.989247311827957,,,False
fold1,8,3.17817771434784,0.0,0.0,0.21505376344086022,0.21505376344086022,0.12903225806451613,0.1111111111111111,0.21505376344086022,0.16666666666666666,0.989247311827957,,,False
fold1,9,3.139140486717225,0.10609351154560183,0.1111111111111111,0.43010752688172044,0.43010752688172044,0.34408602150537637,0.0,0.21505376344086022,0.16929411793447924,0.989247311827957,,,False
fold1,10,3.080203890800478,0.172045832205257,0.2222222222222222,0.3870967741935484,0.3870967741935484,0.34408602150537637,0.06093472109414588,0.21505376344086022,0.3421037022218074,0.989247311827957,,,False
fold1,11,3.064236521720887,0.058183006823368154,0.1111111111111111,0.5161290322580645,0.5161290322580645,0.3870967741935484,0.058183006823368154,0.21505376344086022,0.18632060238876658,0.989247311827957,,,False
fold1,12,3.344501137733461,0.0,0.0,0.0,0.0,0.0,0.16929411793447924,0.21505376344086022,0.3333333333333333,0.989247311827957,,,False
fold1,13,3.081389546394349,0.1111111111111111,0.1111111111111111,0.34408602150537637,0.34408602150537637,0.34408602150537637,0.1111111111111111,0.21505376344086022,0.5082610197220574,0.989247311827957,,,False
fold1,14,3.058599829673767,0.2631166337202908,0.3333333333333333,0.17204301075268819,0.17204301075268819,0.12903225806451613,0.3742277448314019,0.21505376344086022,0.6072082981308048,0.989247311827957,,,False
fold1,15,3.0167897939682007,0.1111111111111111,0.1111111111111111,0.3870967741935484,0.3870967741935484,0.3010752688172043,0.050651249364345376,0.21505376344086022,0.26077753002291987,0.989247311827957,,,False
fold1,16,3.1462668180465703,0.1111111111111111,0.1111111111111111,0.12903225806451613,0.12903225806451613,0.12903225806451613,0.1111111111111111,0.21505376344086022,0.344091664410514,0.989247311827957,,,False
fold1,17,3.1386586427688608,0.1111111111111111,0.1111111111111111,0.34408602150537637,0.34408602150537637,0.25806451612903225,0.0,0.21505376344086022,0.27526897799502315,0.989247311827957,,,False
fold1,18,3.041209816932681,0.2732135936731528,0.4444444444444444,0.43010752688172044,0.43010752688172044,0.43010752688172044,0.1137385623789237,0.21505376344086022,0.42952889747130285,0.989247311827957,,,False
fold1,19,3.1054667234420794,0.19531758702835544,0.2222222222222222,0.17204301075268819,0.17204301075268819,0.17204301075268819,0.30642869813946655,0.21505376344086022,0.6877911876800915,0.989247311827957,,,False
fold1,20,3.0755771398544316,0.2222222222222222,0.2222222222222222,0.3010752688172043,0.3010752688172043,0.25806451612903225,0.2222222222222222,0.21505376344086022,0.32352472095091295,0.989247311827957,,,False
fold1,21,3.1602503061294573,0.18788404888709864,0.2222222222222222,0.12903225806451613,0.12903225806451613,0.12903225806451613,0.23197852255288198,0.21505376344086022,0.24547994156172154,0.989247311827957,,,False
fold1,22,3.097904562950136,0.050651249364345376,0.1111111111111111,0.043010752688172046,0.043010752688172046,0.043010752688172046,0.16176236047545647,0.21505376344086022,0.27526897799502315,0.946236559139785,,,False
fold1,23,3.1723245382308973,0.0,0.0,0.12903225806451613,0.12903225806451613,0.08602150537634409,0.0,0.21505376344086022,0.19930005844267773,0.989247311827957,,,False
fold1,24,3.0960274934768686,0.058183006823368154,0.1111111111111111,0.43010752688172044,0.43010752688172044,0.3870967741935484,0.058183006823368154,0.21505376344086022,0.2331106932120923,0.989247311827957,,,False
fold1,25,3.204899430274965,0.08040384652446546,0.1111111111111111,0.043010752688172046,0.043010752688172046,0.043010752688172046,0.08040384652446546,0.21505376344086022,0.2395441138428682,0.989247311827957,,,False
fold1,26,2.97834074497223,0.05304675577280092,0.1111111111111111,0.8602150537634409,0.8602150537634409,0.6451612903225806,0.04409447366578332,0.21505376344086022,0.2565176331219996,0.989247311827957,,,False
fold1,27,3.037348866462708,0.2401944699407463,0.3333333333333333,0.5161290322580645,0.5161290322580645,0.4731182795698925,0.17637789466313328,0.21505376344086022,0.3011291910348922,0.989247311827957,,,False
fold1,28,3.135123372077943,0.0,0.0,0.08602150537634409,0.08602150537634409,0.08602150537634409,0.0,0.21505376344086022,0.18286644932158938,0.989247311827957,,,False
fold1,29,3.2129145860672006,0.0,0.0,0.08602150537634409,0.08602150537634409,0.08602150537634409,0.0,0.17204301075268819,0.4656231886043384,0.989247311827957,,,False
fold1,30,3.0923732519149785,0.0,0.0,0.3870967741935484,0.3870967741935484,0.3010752688172043,0.0,0.17204301075268819,0.3366900468641807,0.946236559139785,,,False
fold1,31,2.9842036962509164,0.2728734715865676,0.3333333333333333,0.5591397849462365,0.5591397849462365,0.43010752688172044,0.050651249364345376,0.21505376344086022,0.3532773181110331,0.946236559139785,,,False
fold1,32,3.1308804750442514,0.1111111111111111,0.1111111111111111,0.17204301075268819,0.17204301075268819,0.12903225806451613,0.1111111111111111,0.21505376344086022,0.17492768638872416,0.989247311827957,,,False
fold1,33,3.2797120809555063,0.0,0.0,0.043010752688172046,0.043010752688172046,0.043010752688172046,0.16929411793447924,0.21505376344086022,0.41660754561363444,0.989247311827957,,,False
fold1,34,3.118845105171204,0.1111111111111111,0.1111111111111111,0.25806451612903225,0.25806451612903225,0.25806451612903225,0.1111111111111111,0.21505376344086022,0.536804210682532,0.989247311827957,,,False
fold1,35,3.064520955085756,0.2225837881953033,0.3333333333333333,0.17204301075268819,0.17204301075268819,0.17204301075268819,0.22546564237877043,0.21505376344086022,0.3415943530553908,0.989247311827957,,,False
fold1,36,3.2077351808547987,0.0,0.0,0.0,0.0,0.0,0.2653206342222681,0.21505376344086022,0.609763106610235,0.989247311827957,,,False
fold1,37,3.059721350669862,0.05555555555555555,0.1111111111111111,0.21505376344086022,0.21505376344086022,0.21505376344086022,0.10391947573867356,0.21505376344086022,0.10391947573867356,0.989247311827957,,,False
fold1,38,3.1412855386734027,0.0,0.0,0.08602150537634409,0.08602150537634409,0.08602150537634409,0.0,0.21505376344086022,0.5248482909689098,0.989247311827957,,,False
fold1,39,3.140712141990663,0.0,0.0,0.21505376344086022,0.21505376344086022,0.21505376344086022,0.058183006823368154,0.21505376344086022,0.3504008429286389,0.989247311827957,,,False
fold1,40,3.067209124565126,0.16929411793447924,0.2222222222222222,0.4731182795698925,0.4731182795698925,0.3870967741935484,0.058183006823368154,0.21505376344086022,0.31041116955378883,0.989247311827957,,,False
fold1,41,3.13361704349518,0.04409447366578332,0.1111111111111111,0.043010752688172046,0.043010752688172046,0.043010752688172046,0.04409447366578332,0.21505376344086022,0.16609405576676453,0.989247311827957,,,False
fold1,42,3.11309325695038,0.0,0.0,0.3010752688172043,0.3010752688172043,0.21505376344086022,0.0,0.21505376344086022,0.5414970536578616,0.989247311827957,,,False
fold1,43,3.0681611299514784,0.058183006823368154,0.1111111111111111,0.34408602150537637,0.34408602150537637,0.3010752688172043,0.0,0.21505376344086022,0.286642225115256,0.989247311827957,,,False
fold1,44,3.267360806465151,0.1111111111111111,0.1111111111111111,0.08602150537634409,0.08602150537634409,0.08602150537634409,0.1111111111111111,0.21505376344086022,0.15947503129422913,0.989247311827957,,,False
fold1,45,3.228939890861513,0.18788404888709864,0.2222222222222222,0.17204301075268819,0.17204301075268819,0.17204301075268819,0.18788404888709864,0.21505376344086022,0.6323284933315431,0.946236559139785,,,False
fold1,46,3.117577910423279,0.08040384652446546,0.1111111111111111,0.25806451612903225,0.25806451612903225,0.21505376344086022,0.0,0.21505376344086022,0.20207376175052202,0.946236559139785,,,False
fold1,47,3.1062411069870004,0.0,0.0,0.21505376344086022,0.21505376344086022,0.21505376344086022,0.0,0.21505376344086022,0.2417624106155084,0.989247311827957,,,False
fold1,48,3.253123164176941,0.19845327778368935,0.2222222222222222,0.043010752688172046,0.043010752688172046,0.043010752688172046,0.3095643888948005,0.21505376344086022,0.4206755000059116,0.989247311827957,,,False
fold1,49,3.040426850318909,0.1111111111111111,0.1111111111111111,0.43010752688172044,0.43010752688172044,0.3010752688172043,0.1111111111111111,0.21505376344086022,0.49749120021724536,0.989247311827957,,,False
fold1,50,3.1174649000167864,0.15947503129422913,0.2222222222222222,0.21505376344086022,0.21505376344086022,0.12903225806451613,0.15947503129422913,0.21505376344086022,0.6039194757386736,0.989247311827957,,,False
fold1,51,3.236969590187073,0.06999561388304851,0.1111111111111111,0.043010752688172046,0.043010752688172046,0.043010752688172046,0.16235538012113604,0.21505376344086022,0.34677248627518575,0.989247311827957,,,False
fold1,52,3.269470095634461,0.0,0.0,0.043010752688172046,0.043010752688172046,0.043010752688172046,0.050651249364345376,0.21505376344086022,0.42215827927962724,0.989247311827957,,,False
fold1,53,3.103296160697939,0.1111111111111111,0.1111111111111111,0.25806451612903225,0.25806451612903225,0.25806451612903225,0.1111111111111111,0.21505376344086022,0.5501914197616697,0.946236559139785,,,False
fold1,54,3.0830215215682997,0.2222222222222222,0.2222222222222222,0.12903225806451613,0.12903225806451613,0.12903225806451613,0.2222222222222222,0.21505376344086022,0.2728734715865676,0.989247311827957,,,False
fold1,55,3.1304413080215463,0.1111111111111111,0.1111111111111111,0.3870967741935484,0.3870967741935484,0.3010752688172043,0.1111111111111111,0.21505376344086022,0.3333333333333333,0.989247311827957,,,False
fold1,56,3.065972447395325,0.08818894733156664,0.1111111111111111,0.17204301075268819,0.17204301075268819,0.17204301075268819,0.27607299621866527,0.21505376344086022,0.4256930995714209,0.989247311827957,,,False
fold1,57,3.189152359962465,0.0,0.0,0.12903225806451613,0.12903225806451613,0.12903225806451613,0.1111111111111111,0.21505376344086022,0.41252220968506836,0.989247311827957,,,False
fold1,58,3.0646356344223022,0.046179883119043766,0.1111111111111111,0.43010752688172044,0.43010752688172044,0.34408602150537637,0.046179883119043766,0.21505376344086022,0.14540652201088847,0.989247311827957,,,False
fold1,59,3.1346908807754525,0.0,0.0,0.21505376344086022,0.21505376344086022,0.08602150537634409,0.0,0.21505376344086022,0.44456309592950244,0.946236559139785,,,False
fold1,60,3.0924335718154925,0.18908760660432355,0.2222222222222222,0.21505376344086022,0.21505376344086022,0.17204301075268819,0.18908760660432355,0.21505376344086022,0.2903901053330143,0.946236559139785,,,False
fold1,61,3.1160269975662236,0.0,0.0,0.3010752688172043,0.3010752688172043,0.25806451612903225,0.0,0.21505376344086022,0.41660754561363444,0.989247311827957,,,False
fold1,62,3.014509797096254,0.36736341923361243,0.4444444444444444,0.5591397849462365,0.5591397849462365,0.34408602150537637,0.3635607898408335,0.21505376344086022,0.5773764065178878,0.989247311827957,,,False
fold1,63,3.0663853883743295,0.05304675577280092,0.1111111111111111,0.17204301075268819,0.17204301075268819,0.17204301075268819,0.05304675577280092,0.21505376344086022,0.27059661666317,0.989247311827957,,,False
fold1,64,3.095035672187807,0.21241360983980184,0.2222222222222222,0.17204301075268819,0.17204301075268819,0.17204301075268819,0.21241360983980184,0.21505376344086022,0.21241360983980184,0.989247311827957,,,False
fold1,65,3.114212393760681,0.11649027664970142,0.2222222222222222,0.25806451612903225,0.25806451612903225,0.25806451612903225,0.06093472109414588,0.21505376344086022,0.21321811701593743,0.989247311827957,,,False
fold1,66,3.136582732200624,0.0,0.0,0.043010752688172046,0.043010752688172046,0.043010752688172046,0.08420647591724434,0.21505376344086022,0.15104120014402858,0.989247311827957,,,False
fold1,67,3.019504189491274,0.14072368642120553,0.2222222222222222,0.5161290322580645,0.5161290322580645,0.4731182795698925,0.09235976623808753,0.21505376344086022,0.2802438151251862,0.989247311827957,,,False
fold1,68,3.0747021436691284,0.0,0.0,0.12903225806451613,0.12903225806451613,0.08602150537634409,0.0,0.21505376344086022,0.32352472095091295,0.989247311827957,,,False
fold1,69,3.2241755723953256,0.0,0.0,0.08602150537634409,0.08602150537634409,0.08602150537634409,0.09672784036623601,0.21505376344086022,0.4027709357918764,0.989247311827957,,,False
fold1,70,3.117849230766298,0.28416894805028015,0.3333333333333333,0.08602150537634409,0.08602150537634409,0.08602150537634409,0.4002976587269005,0.21505376344086022,0.7069875761679746,0.946236559139785,,,False
fold1,71,3.2111099958419818,0.046179883119043766,0.1111111111111111,0.08602150537634409,0.08602150537634409,0.08602150537634409,0.046179883119043766,0.21505376344086022,0.2414974701473992,0.989247311827957,,,False
fold1,72,3.1093846559524545,0.0,0.0,0.08602150537634409,0.08602150537634409,0.08602150537634409,0.1111111111111111,0.21505376344086022,0.2890569464490065,0.989247311827957,,,False
fold1,73,3.146260142326355,0.0,0.0,0.3010752688172043,0.3010752688172043,0.21505376344086022,0.0,0.21505376344086022,0.19151495763557655,0.989247311827957,,,False
fold1,74,3.192485690116883,0.11446782464195843,0.2222222222222222,0.043010752688172046,0.043010752688172046,0.043010752688172046,0.3537575564594862,0.21505376344086022,0.5132325877537153,0.946236559139785,,,False
fold1,75,3.1926599740982073,0.09672784036623601,0.1111111111111111,0.25806451612903225,0.25806451612903225,0.17204301075268819,0.09672784036623601,0.21505376344086022,0.43015213680581416,0.989247311827957,,,False
fold1,76,3.1248072385787973,0.0,0.0,0.25806451612903225,0.25806451612903225,0.17204301075268819,0.0,0.21505376344086022,0.38578478681524253,0.989247311827957,,,False
fold1,77,3.253781914711001,0.0,0.0,0.0,0.0,0.0,0.12304236965584943,0.21505376344086022,0.46151195403975,0.989247311827957,,,False
fold1,78,3.2985082864761366,0.0,0.0,0.08602150537634409,0.08602150537634409,0.08602150537634409,0.2857196048827404,0.21505376344086022,0.5151478558137178,0.989247311827957,,,False
fold1,79,3.157414793968201,0.0,0.0,0.08602150537634409,0.08602150537634409,0.08602150537634409,0.08818894733156664,0.21505376344086022,0.38638008910613425,0.989247311827957,,,False
fold1,80,3.2390240430831927,0.0,0.0,0.043010752688172046,0.043010752688172046,0.043010752688172046,0.07330599504293857,0.21505376344086022,0.1844171061540497,0.989247311827957,,,False
fold1,81,2.9547919034957895,0.38285316368825495,0.5555555555555556,0.989247311827957,0.989247311827957,0.7741935483870968,0.1894914460602574,0.21505376344086022,0.38285316368825495,0.989247311827957,,,False
fold1,82,3.162011981010437,0.1111111111111111,0.1111111111111111,0.12903225806451613,0.12903225806451613,0.12903225806451613,0.31895006258845826,0.21505376344086022,0.3888888888888889,0.989247311827957,,,False
fold1,83,3.1526237726211557,0.15520558477689442,0.2222222222222222,0.08602150537634409,0.08602150537634409,0.043010752688172046,0.2602347795368236,0.21505376344086022,0.524306677650328,0.946236559139785,,,False
fold1,84,3.321828007698061,0.0,0.0,0.08602150537634409,0.08602150537634409,0.043010752688172046,0.0,0.21505376344086022,0.18788404888709864,0.989247311827957,,,False
fold1,85,3.0572041273117083,0.32352472095091295,0.3333333333333333,0.21505376344086022,0.21505376344086022,0.17204301075268819,0.32352472095091295,0.21505376344086022,0.43463583206202405,0.989247311827957,,,False
fold1,86,3.031882882118227,0.11740046870872188,0.2222222222222222,0.6021505376344086,0.6021505376344086,0.5161290322580645,0.07330599504293857,0.21505376344086022,0.11948587816198233,0.946236559139785,,,False
fold1,87,3.1716762781143206,0.0,0.0,0.08602150537634409,0.08602150537634409,0.08602150537634409,0.0,0.17204301075268819,0.4444444444444444,0.989247311827957,,,False
fold1,88,3.0595363378524785,0.046179883119043766,0.1111111111111111,0.34408602150537637,0.34408602150537637,0.34408602150537637,0.046179883119043766,0.21505376344086022,0.046179883119043766,0.989247311827957,,,False
fold1,89,3.2274736166000375,0.0,0.0,0.0,0.0,0.0,0.0,0.21505376344086022,0.2376948407546203,0.989247311827957,,,False
fold1,90,3.288228154182435,0.0,0.0,0.0,0.0,0.0,0.20783895147734713,0.21505376344086022,0.4621948839318275,0.946236559139785,,,False
fold1,91,3.0810986757278456,0.3827666378660713,0.4444444444444444,0.3870967741935484,0.3870967741935484,0.21505376344086022,0.172045832205257,0.21505376344086022,0.5850848452579203,0.989247311827957,,,False
fold1,92,3.165020108222963,0.09235976623808753,0.1111111111111111,0.12903225806451613,0.12903225806451613,0.12903225806451613,0.20783895147734713,0.21505376344086022,0.43942684487893513,0.946236559139785,,,False
fold1,93,3.0290981531143197,0.1309303349771944,0.2222222222222222,0.5591397849462365,0.5591397849462365,0.4731182795698925,0.0,0.21505376344086022,0.4214409526768459,0.989247311827957,,,False
fold1,94,3.082774281501771,0.0,0.0,0.21505376344086022,0.21505376344086022,0.17204301075268819,0.05555555555555555,0.21505376344086022,0.3745056181440138,0.989247311827957,,,False
fold1,95,3.2582646608352688,0.046179883119043766,0.1111111111111111,0.0,0.0,0.0,0.09027435678482708,0.21505376344086022,0.39670305492429364,0.989247311827957,,,False
fold1,96,3.1692975759506226,0.0,0.0,0.17204301075268819,0.17204301075268819,0.17204301075268819,0.0,0.21505376344086022,0.4827192114157848,0.989247311827957,,,False
fold1,97,3.1242989301681527,0.16176236047545647,0.2222222222222222,0.17204301075268819,0.17204301075268819,0.12903225806451613,0.2222222222222222,0.21505376344086022,0.4908458042935162,0.989247311827957,,,False
fold1,98,3.192999482154848,0.0,0.0,0.043010752688172046,0.043010752688172046,0.043010752688172046,0.06381657527761304,0.21505376344086022,0.37933130323383357,0.989247311827957,,,False
fold1,99,3.0758477449417136,0.18110672499415964,0.2222222222222222,0.08602150537634409,0.08602150537634409,0.08602150537634409,0.23415348076696058,0.21505376344086022,0.5183897915040198,0.946236559139785,,,False
fold1,100,3.126050353050232,0.0,0.0,0.12903225806451613,0.12903225806451613,0.12903225806451613,0.0,0.21505376344086022,0.5236333207961795,0.9032258064516129,,,False
fold1,101,3.1463974714279175,0.0,0.0,0.12903225806451613,0.12903225806451613,0.12903225806451613,0.0,0.21505376344086022,0.16176236047545647,0.989247311827957,,,False
fold1,102,3.1552935838699367,0.05555555555555555,0.1111111111111111,0.043010752688172046,0.043010752688172046,0.043010752688172046,0.1137385623789237,0.21505376344086022,0.18704455742186227,0.946236559139785,,,False
fold1,103,3.1258755922317514,0.1111111111111111,0.1111111111111111,0.21505376344086022,0.21505376344086022,0.12903225806451613,0.1111111111111111,0.21505376344086022,0.33908555327263623,0.946236559139785,,,False
fold1,104,3.046716570854189,0.048363920183118005,0.1111111111111111,0.3010752688172043,0.3010752688172043,0.3010752688172043,0.0,0.21505376344086022,0.15947503129422913,0.989247311827957,,,False
fold1,105,3.1429148912429827,0.0,0.0,0.08602150537634409,0.08602150537634409,0.08602150537634409,0.0,0.21505376344086022,0.0,0.989247311827957,,,False
fold1,106,3.307752490043641,0.0,0.0,0.043010752688172046,0.043010752688172046,0.043010752688172046,0.0,0.21505376344086022,0.21076114033244997,0.989247311827957,,,False
fold1,107,3.0645829439163235,0.0,0.0,0.4731182795698925,0.4731182795698925,0.4731182795698925,0.0,0.21505376344086022,0.30372227598387647,0.989247311827957,,,False
fold1,108,3.0178064107894915,0.04409447366578332,0.1111111111111111,0.3010752688172043,0.3010752688172043,0.21505376344086022,0.0,0.21505376344086022,0.21400456048899819,0.989247311827957,,,False
fold1,109,3.2499536275863647,0.0,0.0,0.043010752688172046,0.043010752688172046,0.043010752688172046,0.0,0.21505376344086022,0.3333333333333333,0.989247311827957,,,False
fold1,110,3.1037853956222534,0.2716555267549602,0.3333333333333333,0.34408602150537637,0.34408602150537637,0.3010752688172043,0.1111111111111111,0.21505376344086022,0.3247022825277611,0.946236559139785,,,False
fold1,111,3.068529963493348,0.21338859160026258,0.3333333333333333,0.3010752688172043,0.3010752688172043,0.3010752688172043,0.21338859160026258,0.21505376344086022,0.27720516687787566,0.989247311827957,,,False
fold1,112,3.200788617134096,0.0,0.0,0.0,0.0,0.0,0.0,0.21505376344086022,0.29221783610527075,0.989247311827957,,,False
fold1,113,2.984917998313904,0.7757976991260209,0.8888888888888888,0.7741935483870968,0.7741935483870968,0.6881720430107527,0.2222222222222222,0.21505376344086022,0.7757976991260209,0.9032258064516129,,,False
fold1,114,3.058794140815736,0.24899664038049757,0.3333333333333333,0.43010752688172044,0.43010752688172044,0.25806451612903225,0.24899664038049757,0.17204301075268819,0.6498882534945551,0.989247311827957,,,False
fold1,115,3.1369568109512347,0.1111111111111111,0.1111111111111111,0.3010752688172043,0.3010752688172043,0.12903225806451613,0.1111111111111111,0.21505376344086022,0.2860387974998353,0.946236559139785,,,False
fold1,116,3.3417307138443006,0.0,0.0,0.0,0.0,0.0,0.29899515999820975,0.21505376344086022,0.5236333207961795,0.946236559139785,,,False
fold1,117,3.1201394796371464,0.21844719205432878,0.3333333333333333,0.043010752688172046,0.043010752688172046,0.043010752688172046,0.21844719205432878,0.21505376344086022,0.5560304149029357,0.989247311827957,,,False
fold1,118,3.045322299003601,0.16415786688391204,0.2222222222222222,0.34408602150537637,0.34408602150537637,0.3010752688172043,0.16415786688391204,0.21505376344086022,0.2777777777777778,0.989247311827957,,,False
fold1,119,3.0810650587081927,0.0,0.0,0.3870967741935484,0.3870967741935484,0.3870967741935484,0.0,0.21505376344086022,0.0,0.989247311827957,,,False
fold1,120,3.4378260374069223,0.0,0.0,0.0,0.0,0.0,0.1111111111111111,0.21505376344086022,0.5810077862169589,0.989247311827957,,,False
fold1,121,3.121952891349794,0.0,0.0,0.08602150537634409,0.08602150537634409,0.08602150537634409,0.050651249364345376,0.21505376344086022,0.4508193069244629,0.989247311827957,,,False
fold1,122,3.083671689033509,0.1649618851075542,0.2222222222222222,0.21505376344086022,0.21505376344086022,0.21505376344086022,0.1649618851075542,0.21505376344086022,0.30783376729161055,0.989247311827957,,,False
fold1,123,3.1033092737197885,0.2222222222222222,0.2222222222222222,0.21505376344086022,0.21505376344086022,0.21505376344086022,0.2222222222222222,0.21505376344086022,0.268402105341266,0.989247311827957,,,False
fold1,124,3.1451624631881723,0.2548556139982333,0.3333333333333333,0.08602150537634409,0.08602150537634409,0.08602150537634409,0.2548556139982333,0.21505376344086022,0.7034708773491987,0.946236559139785,,,False
fold1,125,3.052860617637636,0.20282135191183784,0.2222222222222222,0.3870967741935484,0.3870967741935484,0.3870967741935484,0.09672784036623601,0.21505376344086022,0.39813893894019325,0.9032258064516129,,,False
fold1,126,3.1302798986434937,0.1111111111111111,0.1111111111111111,0.12903225806451613,0.12903225806451613,0.12903225806451613,0.1111111111111111,0.17204301075268819,0.3333333333333333,0.989247311827957,,,False
fold1,127,3.069407820701599,0.050651249364345376,0.1111111111111111,0.4731182795698925,0.4731182795698925,0.43010752688172044,0.050651249364345376,0.21505376344086022,0.38169725351645134,0.989247311827957,,,False
fold1,128,3.033716320991517,0.16929411793447924,0.2222222222222222,0.6021505376344086,0.6021505376344086,0.5161290322580645,0.0,0.21505376344086022,0.28040522904559034,0.989247311827957,,,False
fold1,129,3.1926103830337533,0.09672784036623601,0.1111111111111111,0.0,0.0,0.0,0.1870021971510631,0.21505376344086022,0.41087688888063717,0.989247311827957,,,False
fold1,130,3.196640372276307,0.046179883119043766,0.1111111111111111,0.0,0.0,0.0,0.21822571532430077,0.21505376344086022,0.536804210682532,0.989247311827957,,,False
fold1,131,2.962585330009462,0.2890569464490065,0.3333333333333333,0.8602150537634409,0.8602150537634409,0.6451612903225806,0.1306512995043973,0.21505376344086022,0.29221783610527075,0.989247311827957,,,False
fold1,132,3.1506143808364877,0.1371225703205516,0.2222222222222222,0.17204301075268819,0.17204301075268819,0.17204301075268819,0.23385041068678764,0.21505376344086022,0.4062458339355986,0.989247311827957,,,False
fold1,133,3.0280545949935918,0.1111111111111111,0.1111111111111111,0.25806451612903225,0.25806451612903225,0.21505376344086022,0.0,0.21505376344086022,0.20783895147734713,0.989247311827957,,,False
fold1,134,3.1638592481613177,0.10130249872869075,0.1111111111111111,0.21505376344086022,0.21505376344086022,0.12903225806451613,0.21241360983980184,0.21505376344086022,0.21241360983980184,0.989247311827957,,,False
fold1,135,3.10664451122284,0.1111111111111111,0.1111111111111111,0.043010752688172046,0.043010752688172046,0.043010752688172046,0.21720462265671292,0.21505376344086022,0.6188539031736884,0.989247311827957,,,False
fold1,136,3.0020629167556776,0.1111111111111111,0.1111111111111111,0.43010752688172044,0.43010752688172044,0.43010752688172044,0.1111111111111111,0.21505376344086022,0.3091414502060379,0.989247311827957,,,False
fold1,137,3.1197553873062156,0.30642869813946655,0.3333333333333333,0.3870967741935484,0.3870967741935484,0.3010752688172043,0.1111111111111111,0.21505376344086022,0.5868339271850569,0.989247311827957,,,False
fold1,138,3.0651415586471558,0.0,0.0,0.3870967741935484,0.3870967741935484,0.25806451612903225,0.0,0.21505376344086022,0.11740046870872188,0.989247311827957,,,False
fold1,139,3.116997599601746,0.1111111111111111,0.1111111111111111,0.25806451612903225,0.25806451612903225,0.21505376344086022,0.0,0.21505376344086022,0.4444444444444444,0.989247311827957,,,False
fold1,140,3.2463389635086077,0.1111111111111111,0.1111111111111111,0.043010752688172046,0.043010752688172046,0.043010752688172046,0.3208713460579205,0.21505376344086022,0.6325311456631274,0.989247311827957,,,False
fold1,141,3.4099277257919316,0.0,0.0,0.043010752688172046,0.043010752688172046,0.043010752688172046,0.1111111111111111,0.21505376344086022,0.24478055956467962,0.989247311827957,,,False
fold1,142,3.067743420600893,0.33728306650986023,0.4444444444444444,0.21505376344086022,0.21505376344086022,0.21505376344086022,0.33728306650986023,0.21505376344086022,0.7590264329047542,0.989247311827957,,,False
fold1,143,3.206589102745056,0.0,0.0,0.08602150537634409,0.08602150537634409,0.08602150537634409,0.268402105341266,0.21505376344086022,0.37667965395094205,0.989247311827957,,,False
fold1,144,3.3254848718643215,0.0,0.0,0.0,0.0,0.0,0.05555555555555555,0.21505376344086022,0.6111111111111112,0.989247311827957,,,False
fold1,145,2.938004851341249,0.3333333333333333,0.3333333333333333,1.4193548387096775,1.4193548387096775,0.9032258064516129,0.0,0.21505376344086022,0.3333333333333333,0.989247311827957,,,False
fold1,146,3.119171738624574,0.0,0.0,0.17204301075268819,0.17204301075268819,0.17204301075268819,0.0,0.21505376344086022,0.6648541968328194,0.989247311827957,,,False
fold1,147,3.194245219230652,0.0,0.0,0.08602150537634409,0.08602150537634409,0.08602150537634409,0.14661199008587714,0.21505376344086022,0.40867242577777174,0.989247311827957,,,False
fold1,148,3.0558420419693006,0.20895777228900325,0.3333333333333333,0.43010752688172044,0.43010752688172044,0.3010752688172043,0.1451411970113902,0.17204301075268819,0.3987884643775541,0.989247311827957,,,False
fold1,149,3.083068251609804,0.172045832205257,0.2222222222222222,0.25806451612903225,0.25806451612903225,0.25806451612903225,0.1111111111111111,0.21505376344086022,0.641932033053275,0.989247311827957,,,False
fold1,150,3.1237903833389296,0.1111111111111111,0.1111111111111111,0.21505376344086022,0.21505376344086022,0.21505376344086022,0.1111111111111111,0.21505376344086022,0.43006117369956937,0.989247311827957,,,False
fold1,151,3.184718489646912,0.046179883119043766,0.1111111111111111,0.08602150537634409,0.08602150537634409,0.08602150537634409,0.046179883119043766,0.21505376344086022,0.26338450577575667,0.989247311827957,,,False
fold1,152,3.041683077812196,0.050651249364345376,0.1111111111111111,0.4731182795698925,0.4731182795698925,0.43010752688172044,0.0,0.21505376344086022,0.40190505590005926,0.946236559139785,,,False
fold1,153,3.013408780097963,0.2562523081225013,0.3333333333333333,0.5591397849462365,0.5591397849462365,0.4731182795698925,0.19531758702835544,0.21505376344086022,0.32624792200554986,0.946236559139785,,,False
fold1,154,3.254636406898499,0.0,0.0,0.043010752688172046,0.043010752688172046,0.043010752688172046,0.058183006823368154,0.21505376344086022,0.4494728822490026,0.989247311827957,,,False
fold1,155,3.104007840156556,0.050651249364345376,0.1111111111111111,0.5591397849462365,0.5591397849462365,0.5591397849462365,0.0,0.21505376344086022,0.3383977192243145,0.989247311827957,,,False
fold1,156,3.1368089914321913,0.10609351154560183,0.1111111111111111,0.17204301075268819,0.17204301075268819,0.12903225806451613,0.2976084691811784,0.21505376344086022,0.49082661127267424,0.946236559139785,,,False
fold1,157,3.157897353172303,0.0,0.0,0.08602150537634409,0.08602150537634409,0.08602150537634409,0.0,0.21505376344086022,0.21241360983980184,0.989247311827957,,,False
fold1,158,3.101451754570008,0.1111111111111111,0.1111111111111111,0.21505376344086022,0.21505376344086022,0.21505376344086022,0.1111111111111111,0.21505376344086022,0.2860387974998353,0.989247311827957,,,False
fold1,159,3.0337892770767225,0.06999561388304851,0.1111111111111111,0.4731182795698925,0.4731182795698925,0.34408602150537637,0.0,0.21505376344086022,0.5498344764719263,0.989247311827957,,,False
fold1,160,3.133179068565369,0.1844171061540497,0.2222222222222222,0.21505376344086022,0.21505376344086022,0.17204301075268819,0.1844171061540497,0.21505376344086022,0.5177504394873831,0.989247311827957,,,False
fold1,161,3.1816972494125384,0.0,0.0,0.08602150537634409,0.08602150537634409,0.08602150537634409,0.0,0.21505376344086022,0.05555555555555555,0.989247311827957,,,False
fold1,162,3.2000976800918597,0.0,0.0,0.17204301075268819,0.17204301075268819,0.12903225806451613,0.0,0.21505376344086022,0.43463583206202405,0.989247311827957,,,False
fold1,163,3.1312655210494995,0.2222222222222222,0.2222222222222222,0.34408602150537637,0.34408602150537637,0.34408602150537637,0.2222222222222222,0.21505376344086022,0.4976098517023033,0.989247311827957,,,False
fold1,164,3.1974514722824097,0.09235976623808753,0.1111111111111111,0.0,0.0,0.0,0.09235976623808753,0.21505376344086022,0.15729099423015488,0.989247311827957,,,False
fold1,165,3.1227136850357073,0.08420647591724434,0.1111111111111111,0.043010752688172046,0.043010752688172046,0.043010752688172046,0.21906420119883405,0.21505376344086022,0.6487397721845771,0.989247311827957,,,False
fold1,166,3.112204670906068,0.0,0.0,0.21505376344086022,0.21505376344086022,0.17204301075268819,0.08420647591724434,0.21505376344086022,0.4959101901844974,0.989247311827957,,,False
fold1,167,2.9786964654922508,0.29899515999820975,0.3333333333333333,0.946236559139785,0.946236559139785,0.7311827956989247,0.1111111111111111,0.21505376344086022,0.3333333333333333,0.989247311827957,,,False
fold1,168,3.175499081611634,0.0,0.0,0.043010752688172046,0.043010752688172046,0.043010752688172046,0.172045832205257,0.17204301075268819,0.4775537551354118,0.989247311827957,,,False
fold1,169,3.0979624986648577,0.10130249872869075,0.1111111111111111,0.34408602150537637,0.34408602150537637,0.25806451612903225,0.10130249872869075,0.21505376344086022,0.2026049974573815,0.989247311827957,,,False
fold1,170,3.0335949659347543,0.0,0.0,0.21505376344086022,0.21505376344086022,0.21505376344086022,0.0,0.21505376344086022,0.3271251291860406,0.989247311827957,,,False
fold1,171,3.1097649335861215,0.1111111111111111,0.1111111111111111,0.3010752688172043,0.3010752688172043,0.25806451612903225,0.1111111111111111,0.21505376344086022,0.4444444444444444,0.989247311827957,,,False
fold1,172,3.17766058444977,0.058183006823368154,0.1111111111111111,0.12903225806451613,0.12903225806451613,0.12903225806451613,0.1863616275297848,0.21505376344086022,0.3987752373695867,0.989247311827957,,,False
fold1,173,3.146509289741518,0.10130249872869075,0.1111111111111111,0.21505376344086022,0.21505376344086022,0.12903225806451613,0.10130249872869075,0.21505376344086022,0.2966200857570462,0.989247311827957,,,False
fold1,174,3.037484765052798,0.08420647591724434,0.1111111111111111,0.5591397849462365,0.5591397849462365,0.4731182795698925,0.08420647591724434,0.21505376344086022,0.08420647591724434,0.946236559139785,,,False
fold1,175,3.158985018730164,0.0,0.0,0.17204301075268819,0.17204301075268819,0.12903225806451613,0.0,0.21505376344086022,0.2222222222222222,0.989247311827957,,,False
fold1,176,3.0998600721359253,0.046179883119043766,0.1111111111111111,0.25806451612903225,0.25806451612903225,0.21505376344086022,0.046179883119043766,0.21505376344086022,0.4463479406791614,0.989247311827957,,,False
fold1,177,3.073217511177064,0.2222222222222222,0.2222222222222222,0.25806451612903225,0.25806451612903225,0.17204301075268819,0.2222222222222222,0.21505376344086022,0.536804210682532,0.989247311827957,,,False
fold1,178,3.16234815120697,0.0,0.0,0.12903225806451613,0.12903225806451613,0.08602150537634409,0.0,0.21505376344086022,0.2222222222222222,0.989247311827957,,,False
fold1,179,3.1727072000503553,0.0,0.0,0.0,0.0,0.0,0.0,0.21505376344086022,0.20282135191183784,0.989247311827957,,,False
fold1,180,3.2199939489364637,0.0,0.0,0.17204301075268819,0.17204301075268819,0.17204301075268819,0.0,0.21505376344086022,0.4065429200401361,0.989247311827957,,,False
fold1,181,3.10176479816437,0.1111111111111111,0.1111111111111111,0.17204301075268819,0.17204301075268819,0.17204301075268819,0.17492768638872416,0.21505376344086022,0.5710281740879536,0.989247311827957,,,False
fold1,182,3.1009782552719134,0.0,0.0,0.3010752688172043,0.3010752688172043,0.21505376344086022,0.0,0.21505376344086022,0.0,0.989247311827957,,,False
fold1,183,3.1359781026840228,0.0,0.0,0.08602150537634409,0.08602150537634409,0.08602150537634409,0.06093472109414588,0.21505376344086022,0.35070944810044835,0.989247311827957,,,False
fold1,184,3.0539928674697885,0.16666666666666666,0.2222222222222222,0.43010752688172044,0.43010752688172044,0.34408602150537637,0.1111111111111111,0.21505376344086022,0.21241360983980184,0.989247311827957,,,False
fold1,185,3.1445673704147357,0.0,0.0,0.08602150537634409,0.08602150537634409,0.08602150537634409,0.0,0.21505376344086022,0.5566349020859326,0.989247311827957,,,False
fold1,186,3.061745762825015,0.23443549923636947,0.3333333333333333,0.3870967741935484,0.3870967741935484,0.21505376344086022,0.15766256146038188,0.21505376344086022,0.34031265632751495,0.946236559139785,,,False
fold1,187,3.158014178276063,0.10130249872869075,0.1111111111111111,0.08602150537634409,0.08602150537634409,0.08602150537634409,0.10130249872869075,0.21505376344086022,0.2733483309339477,0.946236559139785,,,False
fold1,188,3.2981587648391737,0.0,0.0,0.043010752688172046,0.043010752688172046,0.043010752688172046,0.0,0.21505376344086022,0.10609351154560183,0.989247311827957,,,False
fold1,189,3.0259517431259164,0.22329160657184216,0.3333333333333333,0.5591397849462365,0.5591397849462365,0.34408602150537637,0.22329160657184216,0.21505376344086022,0.22329160657184216,0.989247311827957,,,False
fold1,190,3.044368863105776,0.3806025642399001,0.4444444444444444,0.21505376344086022,0.21505376344086022,0.17204301075268819,0.4917136753510112,0.21505376344086022,0.5224209399376569,0.989247311827957,,,False
fold1,191,3.1885830163955697,0.1111111111111111,0.1111111111111111,0.21505376344086022,0.21505376344086022,0.21505376344086022,0.1111111111111111,0.21505376344086022,0.5626315697999318,0.989247311827957,,,False
fold1,192,3.0543714761734018,0.09235976623808753,0.1111111111111111,0.4731182795698925,0.4731182795698925,0.3010752688172043,0.09235976623808753,0.21505376344086022,0.31850712138540366,0.989247311827957,,,False
fold1,193,3.2442492246627825,0.1111111111111111,0.1111111111111111,0.17204301075268819,0.17204301075268819,0.17204301075268819,0.1111111111111111,0.17204301075268819,0.43463583206202405,0.989247311827957,,,False
fold1,194,3.054587244987488,0.31041116955378883,0.3333333333333333,0.5161290322580645,0.5161290322580645,0.4731182795698925,0.31041116955378883,0.21505376344086022,0.42152228066489994,0.989247311827957,,,False
fold1,195,3.05531179904938,0.2654603656126028,0.3333333333333333,0.21505376344086022,0.21505376344086022,0.17204301075268819,0.2654603656126028,0.21505376344086022,0.5457469431731352,0.989247311827957,,,False
fold1,196,3.1485627889633188,0.0,0.0,0.043010752688172046,0.043010752688172046,0.043010752688172046,0.0,0.21505376344086022,0.08040384652446546,0.989247311827957,,,False
fold1,197,3.1131795644760136,0.06093472109414588,0.1111111111111111,0.34408602150537637,0.34408602150537637,0.3010752688172043,0.06093472109414588,0.21505376344086022,0.10502919475992921,0.989247311827957,,,False
fold1,198,3.1660321950912493,0.0,0.0,0.08602150537634409,0.08602150537634409,0.08602150537634409,0.06093472109414588,0.21505376344086022,0.4504800178246492,0.989247311827957,,,False
fold1,199,3.077633738517762,0.16176236047545647,0.2222222222222222,0.43010752688172044,0.43010752688172044,0.25806451612903225,0.16176236047545647,0.21505376344086022,0.49899909461435943,0.989247311827957,,,False
fold2,0,3.140965819358827,0.0,0.0,0.17204301075268819,0.17204301075268819,0.17204301075268819,0.0,0.21505376344086022,0.30608154442858576,0.989247311827957,0.0,3.140965819358827,True
fold2,1,3.016839861869813,0.31106321125379294,0.35714285714285715,0.7741935483870968,0.7741935483870968,0.5591397849462365,0.20223127829591342,0.21505376344086022,0.3128321704278643,0.989247311827957,0.3110632112537929,3.016839861869813,True
fold2,2,3.1472424268722548,0.14285714285714285,0.14285714285714285,0.21505376344086022,0.21505376344086022,0.17204301075268819,0.2857142857142857,0.21505376344086022,0.45638622418943137,0.946236559139785,0.1428571428571428,3.1472424268722548,True
fold2,3,3.1859434843063372,0.028346447356574992,0.07142857142857142,0.08602150537634409,0.08602150537634409,0.08602150537634409,0.07547172988417836,0.21505376344086022,0.49773762192405097,0.946236559139785,0.0283464473565749,3.185943484306337,True
fold2,4,3.132897257804871,0.0,0.0,0.08602150537634409,0.08602150537634409,0.08602150537634409,0.0,0.21505376344086022,0.4165534988847392,0.989247311827957,0.0,3.132897257804871,True
fold2,5,2.997522950172425,0.056692894713149984,0.07142857142857142,0.43010752688172044,0.43010752688172044,0.3010752688172043,0.0,0.17204301075268819,0.1281214661417214,0.946236559139785,,,False
fold2,6,3.16641128063202,0.097896468806866,0.14285714285714285,0.25806451612903225,0.25806451612903225,0.12903225806451613,0.097896468806866,0.17204301075268819,0.2671549339182954,0.989247311827957,,,False
fold2,7,3.157142996788025,0.07142857142857142,0.07142857142857142,0.3010752688172043,0.3010752688172043,0.21505376344086022,0.07142857142857142,0.21505376344086022,0.47064972709985625,0.989247311827957,,,False
fold2,8,3.1862510442733765,0.12556130594679993,0.14285714285714285,0.12903225806451613,0.12903225806451613,0.043010752688172046,0.1822542006599499,0.21505376344086022,0.5196566734256778,0.989247311827957,,,False
fold2,9,3.139140486717226,0.04712528252760336,0.07142857142857142,0.43010752688172044,0.43010752688172044,0.34408602150537637,0.0,0.21505376344086022,0.2931680620054151,0.989247311827957,,,False
fold2,10,3.080203890800478,0.13361075452115173,0.14285714285714285,0.3870967741935484,0.3870967741935484,0.34408602150537637,0.07142857142857142,0.21505376344086022,0.30224516172906296,0.989247311827957,,,False
fold2,11,3.064236521720887,0.1769586287110863,0.21428571428571427,0.43010752688172044,0.43010752688172044,0.3010752688172043,0.10553005728251488,0.21505376344086022,0.29135237999973335,0.989247311827957,,,False
fold2,12,3.344501137733461,0.0,0.0,0.0,0.0,0.0,0.08137525477082737,0.21505376344086022,0.25833388348191366,0.989247311827957,,,False
fold2,13,3.081389546394349,0.11642575178195977,0.14285714285714285,0.34408602150537637,0.34408602150537637,0.3010752688172043,0.11642575178195977,0.21505376344086022,0.3510667455774443,0.989247311827957,,,False
fold2,14,3.058599829673767,0.18395189183018967,0.2857142857142857,0.12903225806451613,0.12903225806451613,0.08602150537634409,0.21805337768413313,0.21505376344086022,0.2821141107549938,0.9032258064516129,,,False
fold2,15,3.0167897939682007,0.21113639051970987,0.2857142857142857,0.3010752688172043,0.3010752688172043,0.21505376344086022,0.17373302899040177,0.17204301075268819,0.5770666657140191,0.989247311827957,,,False
fold2,16,3.0978847742080697,0.056692894713149984,0.07142857142857142,0.3010752688172043,0.3010752688172043,0.21505376344086022,0.056692894713149984,0.21505376344086022,0.28557215917357526,0.989247311827957,,,False
fold2,17,3.1386586427688616,0.11439375128864702,0.14285714285714285,0.21505376344086022,0.21505376344086022,0.12903225806451613,0.11439375128864702,0.21505376344086022,0.5527554470805738,0.989247311827957,,,False
fold2,18,3.0704849958419818,0.26363974571313487,0.2857142857142857,0.3010752688172043,0.3010752688172043,0.25806451612903225,0.21428571428571427,0.21505376344086022,0.49677440027931546,0.989247311827957,,,False
fold2,19,3.159205555915835,0.1757998872207303,0.21428571428571427,0.043010752688172046,0.043010752688172046,0.043010752688172046,0.2132032487500384,0.21505376344086022,0.3629519104481374,0.989247311827957,,,False
fold2,20,3.0755771398544316,0.17524674866932477,0.21428571428571427,0.25806451612903225,0.25806451612903225,0.21505376344086022,0.17524674866932477,0.21505376344086022,0.4382838155681586,0.946236559139785,,,False
fold2,21,3.1803258657455444,0.14285714285714285,0.14285714285714285,0.17204301075268819,0.17204301075268819,0.12903225806451613,0.21428571428571427,0.21505376344086022,0.38682992486224244,0.989247311827957,,,False
fold2,22,3.173496365547182,0.0,0.0,0.0,0.0,0.0,0.14128968431469885,0.21505376344086022,0.5465824900767223,0.989247311827957,,,False
fold2,23,3.1723245382308973,0.07142857142857142,0.07142857142857142,0.043010752688172046,0.043010752688172046,0.043010752688172046,0.2451616004189732,0.21505376344086022,0.3523772890167369,0.946236559139785,,,False
fold2,24,3.0960274934768686,0.22759390334992227,0.2857142857142857,0.34408602150537637,0.34408602150537637,0.25806451612903225,0.22759390334992227,0.21505376344086022,0.40616533192135085,0.989247311827957,,,False
fold2,25,3.2571469545364398,0.07142857142857142,0.07142857142857142,0.043010752688172046,0.043010752688172046,0.043010752688172046,0.20798017775415834,0.21505376344086022,0.43388208410703694,0.989247311827957,,,False
fold2,26,2.97834074497223,0.2310913632293148,0.2857142857142857,0.5161290322580645,0.5161290322580645,0.3870967741935484,0.07142857142857142,0.21505376344086022,0.38200159471562195,0.989247311827957,,,False
fold2,27,3.0373488664627097,0.1365516063255869,0.14285714285714285,0.6021505376344086,0.6021505376344086,0.5161290322580645,0.0,0.21505376344086022,0.4089051380596768,0.946236559139785,,,False
fold2,28,3.252921700477602,0.06512303489701549,0.07142857142857142,0.043010752688172046,0.043010752688172046,0.043010752688172046,0.09481010261640077,0.21505376344086022,0.46841523964133636,0.989247311827957,,,False
fold2,29,3.2129145860672006,0.0,0.0,0.08602150537634409,0.08602150537634409,0.08602150537634409,0.056692894713149984,0.21505376344086022,0.4067126028588201,0.989247311827957,,,False
fold2,30,3.0684217214584364,0.17394823440343302,0.21428571428571427,0.4731182795698925,0.4731182795698925,0.3870967741935484,0.07142857142857142,0.12903225806451613,0.18582232271721846,0.989247311827957,,,False
fold2,31,2.9842036962509164,0.2974786807379237,0.42857142857142855,0.3010752688172043,0.3010752688172043,0.25806451612903225,0.2974786807379237,0.21505376344086022,0.44036616901766096,0.989247311827957,,,False
fold2,32,3.1308804750442514,0.0,0.0,0.21505376344086022,0.21505376344086022,0.17204301075268819,0.0,0.21505376344086022,0.3223739290428053,0.946236559139785,,,False
fold2,33,3.2797120809555063,0.0,0.0,0.043010752688172046,0.043010752688172046,0.043010752688172046,0.1382339486891473,0.21505376344086022,0.47298005050392583,0.989247311827957,,,False
fold2,34,3.118845105171204,0.152647410077641,0.21428571428571427,0.12903225806451613,0.12903225806451613,0.12903225806451613,0.152647410077641,0.21505376344086022,0.37617951269934646,0.946236559139785,,,False
fold2,35,3.064520955085756,0.07142857142857142,0.07142857142857142,0.34408602150537637,0.34408602150537637,0.25806451612903225,0.07142857142857142,0.21505376344086022,0.3150502034421089,0.989247311827957,,,False
fold2,36,3.2077351808547987,0.0,0.0,0.0,0.0,0.0,0.18787467273720124,0.21505376344086022,0.3831096932425436,0.989247311827957,,,False
fold2,37,3.0963269472122206,0.17254421057652816,0.21428571428571427,0.08602150537634409,0.08602150537634409,0.08602150537634409,0.20825849629081386,0.21505376344086022,0.49547912123440346,0.989247311827957,,,False
fold2,38,3.1412855386734027,0.07142857142857142,0.07142857142857142,0.0,0.0,0.0,0.31334417061156866,0.21505376344086022,0.5164674725506826,0.989247311827957,,,False
fold2,39,3.162967562675477,0.0,0.0,0.12903225806451613,0.12903225806451613,0.12903225806451613,0.0,0.21505376344086022,0.4093381578858966,0.989247311827957,,,False
fold2,40,3.067209124565126,0.2857142857142857,0.2857142857142857,0.3010752688172043,0.3010752688172043,0.3010752688172043,0.2857142857142857,0.21505376344086022,0.5908605077548216,0.989247311827957,,,False
fold2,41,3.1336170434951804,0.0,0.0,0.08602150537634409,0.08602150537634409,0.08602150537634409,0.23794556401019912,0.21505376344086022,0.6929848899599224,0.989247311827957,,,False
fold2,42,3.083747267723085,0.17394823440343302,0.21428571428571427,0.12903225806451613,0.12903225806451613,0.08602150537634409,0.29706499288344645,0.21505376344086022,0.5831136982164477,0.989247311827957,,,False
fold2,43,3.0681611299514784,0.07173383815188725,0.14285714285714285,0.25806451612903225,0.25806451612903225,0.25806451612903225,0.0391723207033795,0.21505376344086022,0.48486586118725433,0.989247311827957,,,False
fold2,44,3.267360806465151,0.10838108176459206,0.14285714285714285,0.043010752688172046,0.043010752688172046,0.043010752688172046,0.25045717236783677,0.21505376344086022,0.42534582885074407,0.989247311827957,,,False
fold2,45,3.1941839456558254,0.0,0.0,0.3010752688172043,0.3010752688172043,0.3010752688172043,0.0,0.21505376344086022,0.37612597195152014,0.989247311827957,,,False
fold2,46,3.117577910423279,0.1878543232105312,0.21428571428571427,0.12903225806451613,0.12903225806451613,0.12903225806451613,0.1878543232105312,0.21505376344086022,0.25928289463910265,0.989247311827957,,,False
fold2,47,3.1062411069870004,0.031091091546290146,0.07142857142857142,0.17204301075268819,0.17204301075268819,0.17204301075268819,0.031091091546290146,0.17204301075268819,0.11246634631711751,0.989247311827957,,,False
fold2,48,3.253123164176941,0.07142857142857142,0.07142857142857142,0.08602150537634409,0.08602150537634409,0.08602150537634409,0.07142857142857142,0.21505376344086022,0.2747855550147342,0.989247311827957,,,False
fold2,49,3.110939383506775,0.09186925081196558,0.14285714285714285,0.21505376344086022,0.21505376344086022,0.17204301075268819,0.16329782224053702,0.21505376344086022,0.3332370680461247,0.989247311827957,,,False
fold2,50,3.1174649000167864,0.1231167584800135,0.14285714285714285,0.21505376344086022,0.21505376344086022,0.12903225806451613,0.1231167584800135,0.21505376344086022,0.5988134695790455,0.946236559139785,,,False
fold2,51,3.236969590187073,0.07142857142857142,0.07142857142857142,0.043010752688172046,0.043010752688172046,0.043010752688172046,0.19955003757029283,0.21505376344086022,0.41383575185600713,0.989247311827957,,,False
fold2,52,3.269470095634461,0.0,0.0,0.043010752688172046,0.043010752688172046,0.043010752688172046,0.03256151744850774,0.21505376344086022,0.2156818123198924,0.946236559139785,,,False
fold2,53,3.078580975532532,0.19900567857522886,0.21428571428571427,0.25806451612903225,0.25806451612903225,0.21505376344086022,0.19900567857522886,0.21505376344086022,0.5638534882338622,0.989247311827957,,,False
fold2,54,3.099122405052187,0.0,0.0,0.21505376344086022,0.21505376344086022,0.21505376344086022,0.0,0.21505376344086022,0.29579432414353163,0.989247311827957,,,False
fold2,55,3.1304413080215463,0.07142857142857142,0.07142857142857142,0.43010752688172044,0.43010752688172044,0.3010752688172043,0.0,0.21505376344086022,0.21428571428571427,0.989247311827957,,,False
fold2,56,3.1183236837387085,0.03410148585394345,0.07142857142857142,0.08602150537634409,0.08602150537634409,0.08602150537634409,0.1447023779858944,0.21505376344086022,0.2875595208430372,0.946236559139785,,,False
fold2,57,3.189152359962465,0.0391723207033795,0.07142857142857142,0.08602150537634409,0.08602150537634409,0.08602150537634409,0.13894733948852592,0.21505376344086022,0.3915116360022256,0.989247311827957,,,False
fold2,58,3.1448842287063616,0.154304645973572,0.21428571428571427,0.08602150537634409,0.08602150537634409,0.08602150537634409,0.2130002850156392,0.21505376344086022,0.5079609590659161,0.989247311827957,,,False
fold2,59,3.092526316642762,0.20798017775415834,0.21428571428571427,0.3010752688172043,0.3010752688172043,0.17204301075268819,0.07142857142857142,0.21505376344086022,0.37588806313775375,0.989247311827957,,,False
fold2,60,3.0924335718154916,0.029687067719385278,0.07142857142857142,0.21505376344086022,0.21505376344086022,0.21505376344086022,0.10111563914795671,0.21505376344086022,0.5435334879026328,0.989247311827957,,,False
fold2,61,3.1160269975662236,0.14285714285714285,0.14285714285714285,0.12903225806451613,0.12903225806451613,0.12903225806451613,0.3852171250019002,0.21505376344086022,0.3852171250019002,0.989247311827957,,,False
fold2,62,3.0126975774765032,0.09009046238767895,0.14285714285714285,0.6021505376344086,0.6021505376344086,0.3870967741935484,0.03410148585394345,0.21505376344086022,0.20864431634385375,0.989247311827957,,,False
fold2,63,3.0663853883743295,0.06820297170788689,0.07142857142857142,0.17204301075268819,0.17204301075268819,0.17204301075268819,0.06820297170788689,0.21505376344086022,0.4881688499372187,0.9032258064516129,,,False
fold2,64,3.095035672187807,0.07142857142857142,0.07142857142857142,0.25806451612903225,0.25806451612903225,0.21505376344086022,0.07142857142857142,0.21505376344086022,0.29302565886300685,0.989247311827957,,,False
fold2,65,3.114212393760681,0.14139345040638726,0.21428571428571427,0.21505376344086022,0.21505376344086022,0.21505376344086022,0.14139345040638726,0.21505376344086022,0.3019135704157088,0.989247311827957,,,False
fold2,66,3.136582732200624,0.0,0.0,0.043010752688172046,0.043010752688172046,0.043010752688172046,0.07142857142857142,0.21505376344086022,0.2623912308090423,0.989247311827957,,,False
fold2,67,3.0356611013412476,0.07608827189967848,0.14285714285714285,0.6451612903225806,0.6451612903225806,0.4731182795698925,0.04499718035338833,0.21505376344086022,0.21894541475682133,0.989247311827957,,,False
fold2,68,3.11175000667572,0.0,0.0,0.12903225806451613,0.12903225806451613,0.08602150537634409,0.03256151744850774,0.21505376344086022,0.38843146688666413,0.9032258064516129,,,False
fold2,69,3.2241755723953256,0.07142857142857142,0.07142857142857142,0.043010752688172046,0.043010752688172046,0.043010752688172046,0.16329782224053702,0.21505376344086022,0.4074129821435117,0.989247311827957,,,False
fold2,70,3.117849230766298,0.13693283324066663,0.21428571428571427,0.12903225806451613,0.12903225806451613,0.08602150537634409,0.13693283324066663,0.21505376344086022,0.3350683171417063,0.989247311827957,,,False
fold2,71,3.2459541559219365,0.0,0.0,0.08602150537634409,0.08602150537634409,0.08602150537634409,0.14285714285714285,0.21505376344086022,0.2857142857142857,0.989247311827957,,,False
fold2,72,3.1093846559524545,0.0,0.0,0.08602150537634409,0.08602150537634409,0.08602150537634409,0.0,0.21505376344086022,0.3870966937350751,0.989247311827957,,,False
fold2,73,3.146260142326355,0.0,0.0,0.3010752688172043,0.3010752688172043,0.21505376344086022,0.0,0.21505376344086022,0.2426321616422893,0.989247311827957,,,False
fold2,74,3.192485690116884,0.06218218309258029,0.07142857142857142,0.08602150537634409,0.08602150537634409,0.08602150537634409,0.1365516063255869,0.21505376344086022,0.5124213077325599,0.989247311827957,,,False
fold2,75,3.3171292543411273,0.0,0.0,0.12903225806451613,0.12903225806451613,0.12903225806451613,0.0,0.17204301075268819,0.25,0.989247311827957,,,False
fold2,76,3.124807238578798,0.06512303489701549,0.07142857142857142,0.21505376344086022,0.21505376344086022,0.12903225806451613,0.06512303489701549,0.21505376344086022,0.3204336904326239,0.989247311827957,,,False
fold2,77,3.253781914711001,0.0,0.0,0.0,0.0,0.0,0.21106011456502974,0.21505376344086022,0.24846347609433783,0.989247311827957,,,False
fold2,78,3.2985082864761366,0.0,0.0,0.08602150537634409,0.08602150537634409,0.08602150537634409,0.1396315431364583,0.21505376344086022,0.4274889630357527,0.989247311827957,,,False
fold2,79,3.157414793968201,0.0,0.0,0.08602150537634409,0.08602150537634409,0.08602150537634409,0.07142857142857142,0.21505376344086022,0.37173640731756813,0.946236559139785,,,False
fold2,80,3.2390240430831927,0.06512303489701549,0.07142857142857142,0.0,0.0,0.0,0.10808821475709109,0.21505376344086022,0.4232112496541066,0.989247311827957,,,False
fold2,81,2.9756592512130746,0.17120359021371787,0.21428571428571427,0.9032258064516129,0.9032258064516129,0.7311827956989247,0.07142857142857142,0.21505376344086022,0.2426321616422893,0.989247311827957,,,False
fold2,82,3.2340229749679583,0.0,0.0,0.043010752688172046,0.043010752688172046,0.043010752688172046,0.0,0.21505376344086022,0.16797799049303333,0.989247311827957,,,False
fold2,83,3.1526237726211557,0.0,0.0,0.17204301075268819,0.17204301075268819,0.12903225806451613,0.0,0.21505376344086022,0.2553106555356084,0.989247311827957,,,False
fold2,84,3.321828007698061,0.0,0.0,0.08602150537634409,0.08602150537634409,0.043010752688172046,0.03256151744850774,0.21505376344086022,0.23148391279406622,0.989247311827957,,,False
fold2,85,3.1225003004074097,0.0,0.0,0.12903225806451613,0.12903225806451613,0.12903225806451613,0.04712528252760336,0.21505376344086022,0.27661470056396664,0.989247311827957,,,False
fold2,86,3.031882882118227,0.30893908119723196,0.35714285714285715,0.34408602150537637,0.34408602150537637,0.34408602150537637,0.1231167584800135,0.21505376344086022,0.3551473629526559,0.989247311827957,,,False
fold2,87,3.251435399055482,0.0,0.0,0.0,0.0,0.0,0.32991769019609624,0.21505376344086022,0.7686016013149507,0.989247311827957,,,False
fold2,88,3.0595363378524785,0.07142857142857142,0.07142857142857142,0.34408602150537637,0.34408602150537637,0.34408602150537637,0.07142857142857142,0.21505376344086022,0.25,0.989247311827957,,,False
fold2,89,3.2274736166000375,0.0,0.0,0.0,0.0,0.0,0.07142857142857142,0.21505376344086022,0.3965399149456642,0.989247311827957,,,False
fold2,90,3.288228154182435,0.0,0.0,0.0,0.0,0.0,0.1385190006772648,0.21505376344086022,0.5807349682662155,0.989247311827957,,,False
fold2,91,3.0810986757278456,0.09977501878514641,0.14285714285714285,0.4731182795698925,0.4731182795698925,0.3010752688172043,0.07142857142857142,0.21505376344086022,0.149129050212567,0.989247311827957,,,False
fold2,92,3.165020108222963,0.0,0.0,0.17204301075268819,0.17204301075268819,0.17204301075268819,0.0,0.21505376344086022,0.3254538658536768,0.989247311827957,,,False
fold2,93,3.0290981531143197,0.28626609433127,0.42857142857142855,0.3010752688172043,0.3010752688172043,0.3010752688172043,0.28626609433127,0.21505376344086022,0.3609503424040436,0.989247311827957,,,False
fold2,94,3.0827742815017705,0.0,0.0,0.21505376344086022,0.21505376344086022,0.17204301075268819,0.0,0.21505376344086022,0.2736598497244848,0.946236559139785,,,False
fold2,95,3.2582646608352688,0.0,0.0,0.043010752688172046,0.043010752688172046,0.043010752688172046,0.10399008887707917,0.21505376344086022,0.3897426768281543,0.989247311827957,,,False
fold2,96,3.1692975759506226,0.0,0.0,0.17204301075268819,0.17204301075268819,0.17204301075268819,0.0,0.21505376344086022,0.17254421057652816,0.989247311827957,,,False
fold2,97,3.1242989301681527,0.07142857142857142,0.07142857142857142,0.21505376344086022,0.21505376344086022,0.17204301075268819,0.07142857142857142,0.21505376344086022,0.2961304015316558,0.946236559139785,,,False
fold2,98,3.192999482154848,0.0,0.0,0.043010752688172046,0.043010752688172046,0.043010752688172046,0.24197085843530447,0.21505376344086022,0.5093359499607137,0.946236559139785,,,False
fold2,99,3.0758477449417136,0.04712528252760336,0.07142857142857142,0.17204301075268819,0.17204301075268819,0.17204301075268819,0.04712528252760336,0.21505376344086022,0.3803851548004672,0.946236559139785,,,False
fold2,100,3.126050353050232,0.04296517986007559,0.07142857142857142,0.08602150537634409,0.08602150537634409,0.08602150537634409,0.14920591914327228,0.21505376344086022,0.2325918939214182,0.9032258064516129,,,False
fold2,101,3.1463974714279193,0.0,0.0,0.12903225806451613,0.12903225806451613,0.12903225806451613,0.0,0.21505376344086022,0.3387828846215003,0.989247311827957,,,False
fold2,102,3.1552935838699367,0.07142857142857142,0.07142857142857142,0.043010752688172046,0.043010752688172046,0.043010752688172046,0.24838720013965773,0.21505376344086022,0.4479372377099506,0.989247311827957,,,False
fold2,103,3.1258755922317514,0.06512303489701549,0.07142857142857142,0.17204301075268819,0.17204301075268819,0.12903225806451613,0.18578869354108665,0.21505376344086022,0.3799312215933607,0.946236559139785,,,False
fold2,104,3.046716570854189,0.0,0.0,0.34408602150537637,0.34408602150537637,0.34408602150537637,0.0,0.21505376344086022,0.35905791342424903,0.946236559139785,,,False
fold2,105,3.217089772224428,0.0,0.0,0.0,0.0,0.0,0.36285722738298487,0.17204301075268819,0.5715248665047561,0.989247311827957,,,False
fold2,106,3.307752490043641,0.0,0.0,0.043010752688172046,0.043010752688172046,0.043010752688172046,0.0,0.21505376344086022,0.34797274476154616,0.989247311827957,,,False
fold2,107,3.109306454658509,0.18202946356052235,0.21428571428571427,0.21505376344086022,0.21505376344086022,0.21505376344086022,0.3075907695073222,0.21505376344086022,0.5421417019925222,0.989247311827957,,,False
fold2,108,3.0178064107894915,0.06820297170788689,0.07142857142857142,0.25806451612903225,0.25806451612903225,0.21505376344086022,0.06820297170788689,0.21505376344086022,0.30508009485280774,0.989247311827957,,,False
fold2,109,3.2499536275863647,0.04712528252760336,0.07142857142857142,0.0,0.0,0.0,0.2878724648120184,0.21505376344086022,0.6223357062261154,0.989247311827957,,,False
fold2,110,3.1037853956222534,0.3000753871910998,0.35714285714285715,0.25806451612903225,0.25806451612903225,0.21505376344086022,0.3000753871910998,0.21505376344086022,0.48365152342423634,0.989247311827957,,,False
fold2,111,3.103909373283387,0.23100736663464033,0.2857142857142857,0.21505376344086022,0.21505376344086022,0.17204301075268819,0.23100736663464033,0.21505376344086022,0.36744202874830645,0.989247311827957,,,False
fold2,112,3.2007886171340956,0.0,0.0,0.0,0.0,0.0,0.12078260285599199,0.17204301075268819,0.5482234976808444,0.989247311827957,,,False
fold2,113,3.106175303459168,0.07142857142857142,0.07142857142857142,0.17204301075268819,0.17204301075268819,0.12903225806451613,0.07142857142857142,0.17204301075268819,0.16151903381625038,0.989247311827957,,,False
fold2,114,3.058794140815736,0.07142857142857142,0.07142857142857142,0.43010752688172044,0.43010752688172044,0.34408602150537637,0.07142857142857142,0.17204301075268819,0.12556130594679993,0.989247311827957,,,False
fold2,115,3.1369568109512347,0.04712528252760336,0.07142857142857142,0.25806451612903225,0.25806451612903225,0.08602150537634409,0.04712528252760336,0.21505376344086022,0.23497960573813456,0.989247311827957,,,False
fold2,116,3.3417307138442998,0.0,0.0,0.0,0.0,0.0,0.06820297170788689,0.21505376344086022,0.4789298030386247,0.989247311827957,,,False
fold2,117,3.1201394796371464,0.0,0.0,0.21505376344086022,0.21505376344086022,0.17204301075268819,0.07142857142857142,0.21505376344086022,0.3241700439583732,0.946236559139785,,,False
fold2,118,3.0453222990036015,0.059374135438770556,0.07142857142857142,0.43010752688172044,0.43010752688172044,0.34408602150537637,0.0,0.17204301075268819,0.35121163015227314,0.989247311827957,,,False
fold2,119,3.0810650587081927,0.23465297300001436,0.2857142857142857,0.21505376344086022,0.21505376344086022,0.21505376344086022,0.23465297300001436,0.21505376344086022,0.39094496370273063,0.989247311827957,,,False
fold2,120,3.437826037406922,0.0,0.0,0.0,0.0,0.0,0.0,0.21505376344086022,0.3800654974950946,0.989247311827957,,,False
fold2,121,3.122088313102722,0.0,0.0,0.08602150537634409,0.08602150537634409,0.08602150537634409,0.07142857142857142,0.21505376344086022,0.3150851058082769,0.989247311827957,,,False
fold2,122,3.083671689033509,0.0640607330708607,0.14285714285714285,0.21505376344086022,0.21505376344086022,0.21505376344086022,0.0640607330708607,0.21505376344086022,0.16805082194793988,0.946236559139785,,,False
fold2,123,3.1033092737197885,0.1559572154854829,0.21428571428571427,0.17204301075268819,0.17204301075268819,0.17204301075268819,0.1559572154854829,0.21505376344086022,0.1989223953455585,0.989247311827957,,,False
fold2,124,3.156401276588441,0.0,0.0,0.08602150537634409,0.08602150537634409,0.08602150537634409,0.0,0.21505376344086022,0.29940475526389354,0.946236559139785,,,False
fold2,125,3.074016213417055,0.12434043463090295,0.21428571428571427,0.25806451612903225,0.25806451612903225,0.25806451612903225,0.08137525477082737,0.21505376344086022,0.5811370825920958,0.989247311827957,,,False
fold2,126,3.1553364992141733,0.07142857142857142,0.07142857142857142,0.0,0.0,0.0,0.1922111742845634,0.21505376344086022,0.510315065811031,0.989247311827957,,,False
fold2,127,3.069407820701599,0.31865703007787316,0.35714285714285715,0.25806451612903225,0.25806451612903225,0.25806451612903225,0.24722845864930174,0.21505376344086022,0.5471550676232187,0.946236559139785,,,False
fold2,128,3.033716320991517,0.22702664391391067,0.2857142857142857,0.4731182795698925,0.4731182795698925,0.3870967741935484,0.11642575178195977,0.21505376344086022,0.3654308707860122,0.989247311827957,,,False
fold2,129,3.1926103830337533,0.0,0.0,0.08602150537634409,0.08602150537634409,0.043010752688172046,0.0,0.21505376344086022,0.18998242538474622,0.989247311827957,,,False
fold2,130,3.196640372276307,0.0,0.0,0.043010752688172046,0.043010752688172046,0.043010752688172046,0.07142857142857142,0.17204301075268819,0.23371765061196442,0.989247311827957,,,False
fold2,131,3.044773936271669,0.07142857142857142,0.07142857142857142,0.3870967741935484,0.3870967741935484,0.34408602150537637,0.0,0.21505376344086022,0.34775753934851483,0.989247311827957,,,False
fold2,132,3.1506143808364877,0.07142857142857142,0.07142857142857142,0.21505376344086022,0.21505376344086022,0.21505376344086022,0.07142857142857142,0.21505376344086022,0.15995492355937152,0.946236559139785,,,False
fold2,133,3.0280545949935918,0.0,0.0,0.3010752688172043,0.3010752688172043,0.25806451612903225,0.0,0.21505376344086022,0.26892556249554017,0.946236559139785,,,False
fold2,134,3.3141425848007207,0.0,0.0,0.043010752688172046,0.043010752688172046,0.043010752688172046,0.15567827592852126,0.21505376344086022,0.6601227709865972,0.989247311827957,,,False
fold2,135,3.2873362302780174,0.0,0.0,0.0,0.0,0.0,0.1281214661417214,0.21505376344086022,0.39910007514058565,0.989247311827957,,,False
fold2,136,3.133109688758852,0.07142857142857142,0.07142857142857142,0.0,0.0,0.0,0.16914640739161552,0.21505376344086022,0.16914640739161552,0.989247311827957,,,False
fold2,137,3.1197553873062156,0.2736598497244848,0.2857142857142857,0.34408602150537637,0.34408602150537637,0.25806451612903225,0.14285714285714285,0.21505376344086022,0.4012369568711423,0.989247311827957,,,False
fold2,138,3.0651415586471558,0.09037897267731466,0.14285714285714285,0.3010752688172043,0.3010752688172043,0.17204301075268819,0.09037897267731466,0.21505376344086022,0.26151613945702173,0.989247311827957,,,False
fold2,139,3.116997599601746,0.04712528252760336,0.07142857142857142,0.25806451612903225,0.25806451612903225,0.21505376344086022,0.04712528252760336,0.21505376344086022,0.4339552073898458,0.989247311827957,,,False
fold2,140,3.2463389635086077,0.06218218309258029,0.07142857142857142,0.043010752688172046,0.043010752688172046,0.043010752688172046,0.09977501878514641,0.21505376344086022,0.32142857142857145,0.989247311827957,,,False
fold2,141,3.4099277257919316,0.059374135438770556,0.07142857142857142,0.0,0.0,0.0,0.3078376115331084,0.21505376344086022,0.5073876491034013,0.946236559139785,,,False
fold2,142,3.111549496650697,0.0,0.0,0.3010752688172043,0.3010752688172043,0.25806451612903225,0.0,0.21505376344086022,0.2993250563554392,0.989247311827957,,,False
fold2,143,3.206589102745056,0.07142857142857142,0.07142857142857142,0.043010752688172046,0.043010752688172046,0.043010752688172046,0.20108800325538326,0.21505376344086022,0.3580153833021845,0.989247311827957,,,False
fold2,144,3.3254848718643215,0.0,0.0,0.0,0.0,0.0,0.260971970454125,0.21505376344086022,0.5011148912536055,0.946236559139785,,,False
fold2,145,3.068292260169984,0.21425822414870602,0.2857142857142857,0.3010752688172043,0.3010752688172043,0.21505376344086022,0.21425822414870602,0.21505376344086022,0.3228969369399846,0.9032258064516129,,,False
fold2,146,3.141648411750794,0.09977501878514641,0.14285714285714285,0.08602150537634409,0.08602150537634409,0.08602150537634409,0.1539077533033749,0.21505376344086022,0.5282295031446542,0.989247311827957,,,False
fold2,147,3.2321637868881243,0.07142857142857142,0.07142857142857142,0.043010752688172046,0.043010752688172046,0.043010752688172046,0.1396315431364583,0.21505376344086022,0.3441327625455695,0.989247311827957,,,False
fold2,148,3.1252204179763816,0.0,0.0,0.17204301075268819,0.17204301075268819,0.17204301075268819,0.16336422431584974,0.21505376344086022,0.2855973415023649,0.989247311827957,,,False
fold2,149,3.083068251609804,0.09677749696807865,0.14285714285714285,0.3010752688172043,0.3010752688172043,0.25806451612903225,0.09677749696807865,0.21505376344086022,0.16820606839665006,0.989247311827957,,,False
fold2,150,3.123790383338929,0.173954967854895,0.21428571428571427,0.17204301075268819,0.17204301075268819,0.17204301075268819,0.173954967854895,0.17204301075268819,0.33444474244162226,0.989247311827957,,,False
fold2,151,3.1947222948074354,0.13361075452115173,0.14285714285714285,0.043010752688172046,0.043010752688172046,0.043010752688172046,0.2567275130011652,0.21505376344086022,0.42289335559123087,0.989247311827957,,,False
fold2,152,3.1282633543014526,0.25345803498909375,0.2857142857142857,0.08602150537634409,0.08602150537634409,0.08602150537634409,0.25345803498909375,0.21505376344086022,0.44187961763563655,0.989247311827957,,,False
fold2,153,3.013408780097963,0.2504571723678368,0.35714285714285715,0.43010752688172044,0.43010752688172044,0.3870967741935484,0.08823422037217196,0.21505376344086022,0.29758245489544016,0.989247311827957,,,False
fold2,154,3.254636406898499,0.0,0.0,0.043010752688172046,0.043010752688172046,0.043010752688172046,0.0,0.21505376344086022,0.2279619663019606,0.989247311827957,,,False
fold2,155,3.1091367006301893,0.12078260285599199,0.14285714285714285,0.43010752688172044,0.43010752688172044,0.43010752688172044,0.12078260285599199,0.21505376344086022,0.35348676594564904,0.989247311827957,,,False
fold2,156,3.1368089914321913,0.056692894713149984,0.07142857142857142,0.12903225806451613,0.12903225806451613,0.12903225806451613,0.18749560158049197,0.21505376344086022,0.3900856015064446,0.989247311827957,,,False
fold2,157,3.157897353172303,0.06378855357332873,0.14285714285714285,0.0,0.0,0.0,0.13521712500190017,0.21505376344086022,0.3608535464567752,0.989247311827957,,,False
fold2,158,3.101451754570008,0.22142652136332938,0.2857142857142857,0.08602150537634409,0.08602150537634409,0.08602150537634409,0.22142652136332938,0.21505376344086022,0.27289366528025616,0.989247311827957,,,False
fold2,159,3.0337892770767225,0.1641416997299076,0.21428571428571427,0.34408602150537637,0.34408602150537637,0.25806451612903225,0.1641416997299076,0.21505376344086022,0.3734361128405464,0.989247311827957,,,False
fold2,160,3.133179068565369,0.2596683648056004,0.2857142857142857,0.08602150537634409,0.08602150537634409,0.08602150537634409,0.33109693623417186,0.21505376344086022,0.40598354265183706,0.989247311827957,,,False
fold2,161,3.3003491163253798,0.0,0.0,0.0,0.0,0.0,0.26648101502875376,0.21505376344086022,0.4715366084315042,0.989247311827957,,,False
fold2,162,3.3586875200271624,0.0,0.0,0.08602150537634409,0.08602150537634409,0.043010752688172046,0.06218218309258029,0.21505376344086022,0.38661008260817287,0.989247311827957,,,False
fold2,163,3.1312655210494995,0.20503932594972316,0.21428571428571427,0.3010752688172043,0.3010752688172043,0.3010752688172043,0.20503932594972316,0.21505376344086022,0.30272387829524644,0.989247311827957,,,False
fold2,164,3.1974514722824097,0.0,0.0,0.08602150537634409,0.08602150537634409,0.043010752688172046,0.10399008887707917,0.21505376344086022,0.24684723173422204,0.989247311827957,,,False
fold2,165,3.1227136850357073,0.0,0.0,0.08602150537634409,0.08602150537634409,0.08602150537634409,0.056692894713149984,0.21505376344086022,0.5078250107255475,0.9032258064516129,,,False
fold2,166,3.112204670906068,0.07142857142857142,0.07142857142857142,0.17204301075268819,0.17204301075268819,0.12903225806451613,0.2439268987368533,0.21505376344086022,0.5581310128296851,0.989247311827957,,,False
fold2,167,2.9786964654922508,0.3897043745913649,0.42857142857142855,0.7311827956989247,0.7311827956989247,0.6451612903225806,0.07142857142857142,0.21505376344086022,0.4238058604453084,0.989247311827957,,,False
fold2,168,3.175499081611634,0.0,0.0,0.043010752688172046,0.043010752688172046,0.043010752688172046,0.04712528252760336,0.21505376344086022,0.34370777260432567,0.946236559139785,,,False
fold2,169,3.0979624986648577,0.13361075452115173,0.14285714285714285,0.3010752688172043,0.3010752688172043,0.21505376344086022,0.13361075452115173,0.21505376344086022,0.3727884346616804,0.989247311827957,,,False
fold2,170,3.0335949659347543,0.029687067719385278,0.07142857142857142,0.17204301075268819,0.17204301075268819,0.17204301075268819,0.029687067719385278,0.17204301075268819,0.3450884211530563,0.989247311827957,,,False
fold2,171,3.1097649335861215,0.059374135438770556,0.07142857142857142,0.3010752688172043,0.3010752688172043,0.25806451612903225,0.059374135438770556,0.21505376344086022,0.21749695883407824,0.989247311827957,,,False
fold2,172,3.17766058444977,0.21428571428571427,0.21428571428571427,0.0,0.0,0.0,0.21428571428571427,0.21505376344086022,0.33354148370095826,0.989247311827957,,,False
fold2,173,3.146509289741518,0.031091091546290146,0.07142857142857142,0.21505376344086022,0.21505376344086022,0.12903225806451613,0.031091091546290146,0.21505376344086022,0.38148823021615363,0.989247311827957,,,False
fold2,174,3.037484765052798,0.226388936093187,0.2857142857142857,0.3870967741935484,0.3870967741935484,0.3010752688172043,0.105606333237195,0.17204301075268819,0.254735383449762,0.989247311827957,,,False
fold2,175,3.158985018730164,0.0,0.0,0.17204301075268819,0.17204301075268819,0.12903225806451613,0.0,0.21505376344086022,0.37906682375595535,0.946236559139785,,,False
fold2,176,3.0998600721359253,0.11642575178195977,0.14285714285714285,0.12903225806451613,0.12903225806451613,0.12903225806451613,0.11642575178195977,0.21505376344086022,0.4816216975539812,0.989247311827957,,,False
fold2,177,3.073217511177064,0.15921255768801154,0.21428571428571427,0.12903225806451613,0.12903225806451613,0.12903225806451613,0.32511134351709275,0.21505376344086022,0.4170469964043711,0.9032258064516129,,,False
fold2,178,3.16234815120697,0.0410249412498941,0.07142857142857142,0.043010752688172046,0.043010752688172046,0.043010752688172046,0.177576547575481,0.21505376344086022,0.36524410542145097,0.989247311827957,,,False
fold2,179,3.1727072000503553,0.0,0.0,0.0,0.0,0.0,0.2919861930697098,0.21505376344086022,0.5160701043083995,0.989247311827957,,,False
fold2,180,3.2199939489364637,0.1281214661417214,0.14285714285714285,0.08602150537634409,0.08602150537634409,0.08602150537634409,0.2617322206628731,0.21505376344086022,0.5135774557916247,0.989247311827957,,,False
fold2,181,3.10176479816437,0.0,0.0,0.21505376344086022,0.21505376344086022,0.21505376344086022,0.0,0.21505376344086022,0.4017444554088451,0.946236559139785,,,False
fold2,182,3.1009782552719134,0.16764269787187705,0.21428571428571427,0.08602150537634409,0.08602150537634409,0.08602150537634409,0.23907126930044847,0.21505376344086022,0.5924731063319421,0.946236559139785,,,False
fold2,183,3.1359781026840228,0.07142857142857142,0.07142857142857142,0.043010752688172046,0.043010752688172046,0.043010752688172046,0.13361075452115173,0.21505376344086022,0.26307284102568346,0.989247311827957,,,False
fold2,184,3.0539928674697885,0.1073752924112664,0.14285714285714285,0.43010752688172044,0.43010752688172044,0.34408602150537637,0.06820297170788689,0.21505376344086022,0.19689849536293377,0.989247311827957,,,False
fold2,185,3.1445673704147357,0.07142857142857142,0.07142857142857142,0.043010752688172046,0.043010752688172046,0.043010752688172046,0.07142857142857142,0.21505376344086022,0.21428571428571427,0.9032258064516129,,,False
fold2,186,3.0816394090652492,0.09922452075095893,0.14285714285714285,0.3870967741935484,0.3870967741935484,0.25806451612903225,0.06512303489701549,0.21505376344086022,0.23824168139212523,0.989247311827957,,,False
fold2,187,3.158014178276063,0.0,0.0,0.17204301075268819,0.17204301075268819,0.12903225806451613,0.0,0.21505376344086022,0.24259853246615748,0.946236559139785,,,False
fold2,188,3.2981587648391737,0.029687067719385278,0.07142857142857142,0.0,0.0,0.0,0.21550939043660375,0.21505376344086022,0.2584745702966793,0.989247311827957,,,False
fold2,189,3.0259517431259164,0.16617227196965947,0.21428571428571427,0.5161290322580645,0.5161290322580645,0.34408602150537637,0.06218218309258029,0.21505376344086022,0.31861757618922076,0.989247311827957,,,False
fold2,190,3.044368863105776,0.08345551728136402,0.14285714285714285,0.3010752688172043,0.3010752688172043,0.21505376344086022,0.08345551728136402,0.21505376344086022,0.25732717010046996,0.989247311827957,,,False
fold2,191,3.2155858278274554,0.12880892750933423,0.21428571428571427,0.08602150537634409,0.08602150537634409,0.08602150537634409,0.20023749893790566,0.21505376344086022,0.4430523168272371,0.989247311827957,,,False
fold2,192,3.0543714761734018,0.08071146606767406,0.14285714285714285,0.5161290322580645,0.5161290322580645,0.3010752688172043,0.0,0.21505376344086022,0.24842370644276923,0.989247311827957,,,False
fold2,193,3.2442492246627825,0.0391723207033795,0.07142857142857142,0.21505376344086022,0.21505376344086022,0.21505376344086022,0.0391723207033795,0.21505376344086022,0.2432562195458075,0.989247311827957,,,False
fold2,194,3.054587244987488,0.2891723207033795,0.35714285714285715,0.43010752688172044,0.43010752688172044,0.3870967741935484,0.21774374927480805,0.21505376344086022,0.46451814955412346,0.946236559139785,,,False
fold2,195,3.05531179904938,0.15488408870993545,0.21428571428571427,0.17204301075268819,0.17204301075268819,0.17204301075268819,0.15488408870993545,0.21505376344086022,0.35944952262987034,0.989247311827957,,,False
fold2,196,3.1012314558029184,0.0541327345182285,0.07142857142857142,0.043010752688172046,0.043010752688172046,0.043010752688172046,0.21140333876386505,0.21505376344086022,0.5584708020484753,0.989247311827957,,,False
fold2,197,3.1131795644760136,0.12556130594679993,0.14285714285714285,0.25806451612903225,0.25806451612903225,0.21505376344086022,0.12556130594679993,0.17204301075268819,0.44153709529905255,0.989247311827957,,,False
fold2,198,3.1660321950912493,0.09977501878514641,0.14285714285714285,0.0,0.0,0.0,0.17120359021371787,0.21505376344086022,0.33495137292978544,0.989247311827957,,,False
fold2,199,3.077633738517762,0.20798017775415834,0.21428571428571427,0.25806451612903225,0.25806451612903225,0.21505376344086022,0.20503932594972316,0.21505376344086022,0.3661661421394585,0.989247311827957,,,False
fold3,0,3.131225466728211,0.14285714285714285,0.14285714285714285,0.12903225806451613,0.12903225806451613,0.12903225806451613,0.2857142857142857,0.21505376344086022,0.2857142857142857,0.946236559139785,0.1428571428571428,3.131225466728211,True
fold3,1,3.016839861869813,0.14285714285714285,0.14285714285714285,0.946236559139785,0.946236559139785,0.7741935483870968,0.0,0.21505376344086022,0.2857142857142857,0.989247311827957,0.1428571428571428,3.016839861869813,True
fold3,2,3.1472424268722548,0.2857142857142857,0.2857142857142857,0.21505376344086022,0.21505376344086022,0.17204301075268819,0.2857142857142857,0.21505376344086022,0.42857142857142855,0.989247311827957,0.2857142857142857,3.1472424268722548,True
fold3,3,3.1859434843063372,0.0,0.0,0.12903225806451613,0.12903225806451613,0.12903225806451613,0.11874827087754111,0.21505376344086022,0.5947779081280721,0.989247311827957,0.0,3.185943484306337,True
fold3,4,3.132897257804871,0.0,0.0,0.08602150537634409,0.08602150537634409,0.08602150537634409,0.20503932594972316,0.21505376344086022,0.599019080700466,0.989247311827957,0.0,3.132897257804871,True
fold3,5,2.997522950172425,0.14285714285714285,0.14285714285714285,0.43010752688172044,0.43010752688172044,0.3010752688172043,0.0,0.17204301075268819,0.14285714285714285,0.989247311827957,,,False
fold3,6,3.152530074119568,0.14285714285714285,0.14285714285714285,0.3010752688172043,0.3010752688172043,0.17204301075268819,0.14285714285714285,0.21505376344086022,0.4100786518994463,0.989247311827957,,,False
fold3,7,3.157142996788025,0.0,0.0,0.34408602150537637,0.34408602150537637,0.25806451612903225,0.0,0.21505376344086022,0.22120178426390183,0.989247311827957,,,False
fold3,8,3.17817771434784,0.11874827087754111,0.14285714285714285,0.17204301075268819,0.17204301075268819,0.08602150537634409,0.11874827087754111,0.21505376344086022,0.261605413734684,0.989247311827957,,,False
fold3,9,3.139140486717225,0.261605413734684,0.2857142857142857,0.3870967741935484,0.3870967741935484,0.3010752688172043,0.261605413734684,0.21505376344086022,0.2857142857142857,0.989247311827957,,,False
fold3,10,3.0584715604782104,0.39910007514058565,0.42857142857142855,0.43010752688172044,0.43010752688172044,0.3870967741935484,0.39910007514058565,0.21505376344086022,0.4811499576403739,0.989247311827957,,,False
fold3,11,3.064236521720887,0.456161937843323,0.5714285714285714,0.3010752688172043,0.3010752688172043,0.25806451612903225,0.31330479498618014,0.21505376344086022,0.6482995886219837,0.989247311827957,,,False
fold3,12,3.344501137733461,0.0,0.0,0.0,0.0,0.0,0.0,0.21505376344086022,0.0,0.989247311827957,,,False
fold3,13,3.081389546394349,0.14285714285714285,0.14285714285714285,0.3870967741935484,0.3870967741935484,0.34408602150537637,0.0,0.17204301075268819,0.5228219936266353,0.989247311827957,,,False
fold3,14,3.058599829673767,0.21106011456502977,0.2857142857142857,0.25806451612903225,0.25806451612903225,0.21505376344086022,0.21106011456502977,0.17204301075268819,0.3539172574221726,0.946236559139785,,,False
fold3,15,3.0167897939682007,0.21106011456502977,0.2857142857142857,0.34408602150537637,0.34408602150537637,0.3010752688172043,0.21106011456502977,0.17204301075268819,0.5762226589200429,0.989247311827957,,,False
fold3,16,3.1462668180465703,0.0,0.0,0.21505376344086022,0.21505376344086022,0.17204301075268819,0.0,0.21505376344086022,0.4100786518994463,0.946236559139785,,,False
fold3,17,3.1185640096664446,0.0,0.0,0.3870967741935484,0.3870967741935484,0.25806451612903225,0.0,0.21505376344086022,0.14285714285714285,0.946236559139785,,,False
fold3,18,3.0327039957046518,0.5254966032329437,0.5714285714285714,0.5161290322580645,0.5161290322580645,0.5161290322580645,0.38909065981716984,0.21505376344086022,0.6783631614135023,0.946236559139785,,,False
fold3,19,3.1054667234420794,0.2230724290400017,0.2857142857142857,0.17204301075268819,0.17204301075268819,0.17204301075268819,0.2230724290400017,0.21505376344086022,0.36131296877270486,0.989247311827957,,,False
fold3,20,3.075577139854432,0.07142857142857142,0.14285714285714285,0.34408602150537637,0.34408602150537637,0.3010752688172043,0.07142857142857142,0.21505376344086022,0.18481436085487138,0.989247311827957,,,False
fold3,21,3.1602503061294573,0.2020844369577253,0.2857142857142857,0.12903225806451613,0.12903225806451613,0.12903225806451613,0.2020844369577253,0.21505376344086022,0.5319478026743127,0.989247311827957,,,False
fold3,22,3.097904562950136,0.14285714285714285,0.14285714285714285,0.043010752688172046,0.043010752688172046,0.043010752688172046,0.14285714285714285,0.21505376344086022,0.14285714285714285,0.989247311827957,,,False
fold3,23,3.1427999734878562,0.0,0.0,0.21505376344086022,0.21505376344086022,0.17204301075268819,0.2857142857142857,0.21505376344086022,0.5534672949924655,0.989247311827957,,,False
fold3,24,3.0960274934768686,0.13024606979403097,0.14285714285714285,0.5161290322580645,0.5161290322580645,0.3870967741935484,0.13024606979403097,0.21505376344086022,0.14285714285714285,0.989247311827957,,,False
fold3,25,3.0903962850570688,0.14285714285714285,0.14285714285714285,0.3870967741935484,0.3870967741935484,0.25806451612903225,0.0,0.21505376344086022,0.25112261189359986,0.989247311827957,,,False
fold3,26,2.9774297475814833,0.24156520571198398,0.2857142857142857,0.8172043010752689,0.8172043010752689,0.6021505376344086,0.22490702535693105,0.21505376344086022,0.24156520571198398,0.946236559139785,,,False
fold3,27,3.037348866462708,0.2801712030128892,0.42857142857142855,0.5591397849462365,0.5591397849462365,0.4731182795698925,0.0,0.21505376344086022,0.2801712030128892,0.989247311827957,,,False
fold3,28,3.210116505622865,0.0,0.0,0.08602150537634409,0.08602150537634409,0.08602150537634409,0.0,0.21505376344086022,0.2963355967855025,0.989247311827957,,,False
fold3,29,3.2129145860672006,0.14285714285714285,0.14285714285714285,0.043010752688172046,0.043010752688172046,0.043010752688172046,0.2857142857142857,0.21505376344086022,0.7027346488680892,0.989247311827957,,,False
fold3,30,3.0923732519149785,0.0,0.0,0.3870967741935484,0.3870967741935484,0.3010752688172043,0.0,0.17204301075268819,0.20798017775415834,0.989247311827957,,,False
fold3,31,2.9842036962509164,0.0,0.0,0.6881720430107527,0.6881720430107527,0.5591397849462365,0.0,0.21505376344086022,0.06218218309258029,0.9032258064516129,,,False
fold3,32,3.1308804750442514,0.2731032126511738,0.2857142857142857,0.08602150537634409,0.08602150537634409,0.08602150537634409,0.2731032126511738,0.21505376344086022,0.34790993570979,0.946236559139785,,,False
fold3,33,3.2797120809555063,0.0,0.0,0.043010752688172046,0.043010752688172046,0.043010752688172046,0.25112261189359986,0.21505376344086022,0.2562429322834428,0.989247311827957,,,False
fold3,34,3.118845105171206,0.06218218309258029,0.14285714285714285,0.25806451612903225,0.25806451612903225,0.25806451612903225,0.06218218309258029,0.21505376344086022,0.3605210087729019,0.989247311827957,,,False
fold3,35,3.064520955085756,0.0,0.0,0.3870967741935484,0.3870967741935484,0.3010752688172043,0.0,0.21505376344086022,0.0,0.946236559139785,,,False
fold3,36,3.105114817619325,0.0,0.0,0.21505376344086022,0.21505376344086022,0.17204301075268819,0.0,0.21505376344086022,0.11606703015192053,0.989247311827957,,,False
fold3,37,3.0261546373367327,0.1430096947665031,0.2857142857142857,0.43010752688172044,0.43010752688172044,0.34408602150537637,0.1430096947665031,0.21505376344086022,0.3540698093315328,0.989247311827957,,,False
fold3,38,3.1412855386734027,0.08593035972015119,0.14285714285714285,0.043010752688172046,0.043010752688172046,0.043010752688172046,0.08593035972015119,0.21505376344086022,0.302230742809365,0.989247311827957,,,False
fold3,39,3.140712141990663,0.14285714285714285,0.14285714285714285,0.17204301075268819,0.17204301075268819,0.17204301075268819,0.14285714285714285,0.21505376344086022,0.42857142857142855,0.946236559139785,,,False
fold3,40,3.067209124565126,0.20503932594972316,0.2857142857142857,0.4731182795698925,0.4731182795698925,0.3870967741935484,0.20503932594972316,0.21505376344086022,0.3383653325546256,0.989247311827957,,,False
fold3,41,3.133617043495179,0.0,0.0,0.08602150537634409,0.08602150537634409,0.08602150537634409,0.23710770791234959,0.21505376344086022,0.439338986208263,0.989247311827957,,,False
fold3,42,3.11309325695038,0.0,0.0,0.3010752688172043,0.3010752688172043,0.21505376344086022,0.0,0.21505376344086022,0.0820498824997882,0.989247311827957,,,False
fold3,43,3.0681611299514784,0.09425056505520672,0.14285714285714285,0.34408602150537637,0.34408602150537637,0.3010752688172043,0.09425056505520672,0.21505376344086022,0.19295862791004786,0.989247311827957,,,False
fold3,44,3.267360806465151,0.0,0.0,0.12903225806451613,0.12903225806451613,0.12903225806451613,0.0,0.21505376344086022,0.0,0.989247311827957,,,False
fold3,45,3.228939890861513,0.059374135438770556,0.14285714285714285,0.21505376344086022,0.21505376344086022,0.21505376344086022,0.059374135438770556,0.21505376344086022,0.4879455640101992,0.989247311827957,,,False
fold3,46,3.117577910423279,0.19955003757029283,0.2857142857142857,0.21505376344086022,0.21505376344086022,0.17204301075268819,0.19955003757029283,0.21505376344086022,0.48149436456883005,0.989247311827957,,,False
fold3,47,3.1062411069870004,0.14285714285714285,0.14285714285714285,0.17204301075268819,0.17204301075268819,0.17204301075268819,0.14285714285714285,0.17204301075268819,0.2857142857142857,0.989247311827957,,,False
fold3,48,3.1482712030410784,0.22490702535693105,0.2857142857142857,0.17204301075268819,0.17204301075268819,0.12903225806451613,0.22490702535693105,0.21505376344086022,0.7282851769869758,0.989247311827957,,,False
fold3,49,3.040426850318909,0.0,0.0,0.4731182795698925,0.4731182795698925,0.34408602150537637,0.0,0.21505376344086022,0.23285150356391954,0.989247311827957,,,False
fold3,50,3.1174649000167864,0.08999436070677666,0.14285714285714285,0.34408602150537637,0.34408602150537637,0.17204301075268819,0.08999436070677666,0.17204301075268819,0.4577585289208506,0.989247311827957,,,False
fold3,51,3.236969590187073,0.0,0.0,0.08602150537634409,0.08602150537634409,0.08602150537634409,0.0,0.21505376344086022,0.2857142857142857,0.946236559139785,,,False
fold3,52,3.269470095634461,0.0,0.0,0.043010752688172046,0.043010752688172046,0.043010752688172046,0.14285714285714285,0.21505376344086022,0.2731032126511738,0.989247311827957,,,False
fold3,53,3.103296160697939,0.20505279285264716,0.2857142857142857,0.21505376344086022,0.21505376344086022,0.21505376344086022,0.20505279285264716,0.21505376344086022,0.20505279285264716,0.989247311827957,,,False
fold3,54,3.0830215215682983,0.23710770791234959,0.2857142857142857,0.12903225806451613,0.12903225806451613,0.12903225806451613,0.23710770791234959,0.21505376344086022,0.37996485076949243,0.989247311827957,,,False
fold3,55,3.1304413080215463,0.078344641406759,0.14285714285714285,0.3870967741935484,0.3870967741935484,0.3010752688172043,0.078344641406759,0.21505376344086022,0.5403593746760397,0.989247311827957,,,False
fold3,56,3.065972447395325,0.0,0.0,0.21505376344086022,0.21505376344086022,0.21505376344086022,0.0,0.21505376344086022,0.078344641406759,0.989247311827957,,,False
fold3,57,3.189152359962465,0.0,0.0,0.12903225806451613,0.12903225806451613,0.12903225806451613,0.0,0.21505376344086022,0.09425056505520672,0.989247311827957,,,False
fold3,58,3.0646356344223022,0.0,0.0,0.4731182795698925,0.4731182795698925,0.3870967741935484,0.0,0.21505376344086022,0.14285714285714285,0.989247311827957,,,False
fold3,59,3.1346908807754525,0.0,0.0,0.21505376344086022,0.21505376344086022,0.08602150537634409,0.0,0.21505376344086022,0.5185657892782053,0.946236559139785,,,False
fold3,60,3.0924335718154925,0.14285714285714285,0.14285714285714285,0.25806451612903225,0.25806451612903225,0.21505376344086022,0.14285714285714285,0.21505376344086022,0.2857142857142857,0.989247311827957,,,False
fold3,61,3.0432792901992816,0.3358157707671907,0.42857142857142855,0.43010752688172044,0.43010752688172044,0.34408602150537637,0.09870806285484114,0.21505376344086022,0.39910007514058565,0.989247311827957,,,False
fold3,62,3.014509797096254,0.2792630862729166,0.2857142857142857,0.6881720430107527,0.6881720430107527,0.43010752688172044,0.0,0.12903225806451613,0.4221202291300595,0.989247311827957,,,False
fold3,63,2.9955698251724256,0.08593035972015119,0.14285714285714285,0.25806451612903225,0.25806451612903225,0.25806451612903225,0.08593035972015119,0.21505376344086022,0.2830232720044513,0.946236559139785,,,False
fold3,64,3.095035672187807,0.07142857142857142,0.14285714285714285,0.25806451612903225,0.25806451612903225,0.21505376344086022,0.0,0.17204301075268819,0.22120178426390183,0.946236559139785,,,False
fold3,65,3.114212393760681,0.2731032126511738,0.2857142857142857,0.25806451612903225,0.25806451612903225,0.25806451612903225,0.2731032126511738,0.21505376344086022,0.2731032126511738,0.989247311827957,,,False
fold3,66,3.136582732200624,0.0,0.0,0.043010752688172046,0.043010752688172046,0.043010752688172046,0.0,0.17204301075268819,0.20798017775415834,0.989247311827957,,,False
fold3,67,3.014193177223206,0.2857142857142857,0.2857142857142857,0.6451612903225806,0.6451612903225806,0.5161290322580645,0.14285714285714285,0.21505376344086022,0.3450884211530563,0.989247311827957,,,False
fold3,68,3.0747021436691284,0.0,0.0,0.12903225806451613,0.12903225806451613,0.08602150537634409,0.14285714285714285,0.21505376344086022,0.42857142857142855,0.989247311827957,,,False
fold3,69,3.2241755723953256,0.0,0.0,0.08602150537634409,0.08602150537634409,0.08602150537634409,0.0,0.21505376344086022,0.3053106796202365,0.989247311827957,,,False
fold3,70,3.117849230766298,0.14285714285714285,0.14285714285714285,0.3010752688172043,0.3010752688172043,0.17204301075268819,0.14285714285714285,0.21505376344086022,0.2857142857142857,0.946236559139785,,,False
fold3,71,3.2111099958419818,0.0,0.0,0.12903225806451613,0.12903225806451613,0.12903225806451613,0.22212464498042528,0.21505376344086022,0.2309534812495416,0.989247311827957,,,False
fold3,72,3.0991848707199106,0.0,0.0,0.12903225806451613,0.12903225806451613,0.12903225806451613,0.0,0.21505376344086022,0.17259520646196572,0.946236559139785,,,False
fold3,73,3.137166142463685,0.0,0.0,0.3010752688172043,0.3010752688172043,0.21505376344086022,0.0,0.21505376344086022,0.5145017882915798,0.989247311827957,,,False
fold3,74,3.192485690116883,0.0,0.0,0.12903225806451613,0.12903225806451613,0.12903225806451613,0.0,0.21505376344086022,0.19825982974323367,0.989247311827957,,,False
fold3,75,3.1926599740982073,0.0,0.0,0.3010752688172043,0.3010752688172043,0.21505376344086022,0.0,0.17204301075268819,0.0,0.989247311827957,,,False
fold3,76,3.1248072385787973,0.0,0.0,0.25806451612903225,0.25806451612903225,0.17204301075268819,0.0,0.21505376344086022,0.056692894713149984,0.946236559139785,,,False
fold3,77,3.2537819147109994,0.0,0.0,0.0,0.0,0.0,0.14285714285714285,0.12903225806451613,0.3757086464210624,0.946236559139785,,,False
fold3,78,3.2985082864761366,0.0748067230586162,0.14285714285714285,0.043010752688172046,0.043010752688172046,0.043010752688172046,0.22135433617326208,0.21505376344086022,0.3722977959416188,0.946236559139785,,,False
fold3,79,3.157414793968201,0.0,0.0,0.08602150537634409,0.08602150537634409,0.08602150537634409,0.11338578942629997,0.21505376344086022,0.14285714285714285,0.946236559139785,,,False
fold3,80,3.2390240430831927,0.0,0.0,0.043010752688172046,0.043010752688172046,0.043010752688172046,0.056692894713149984,0.21505376344086022,0.27789467897705183,0.989247311827957,,,False
fold3,81,2.9547919034957895,0.2857142857142857,0.2857142857142857,0.989247311827957,0.989247311827957,0.7741935483870968,0.0,0.21505376344086022,0.2857142857142857,0.989247311827957,,,False
fold3,82,3.162011981010437,0.0,0.0,0.17204301075268819,0.17204301075268819,0.17204301075268819,0.0,0.21505376344086022,0.25112261189359986,0.989247311827957,,,False
fold3,83,3.1526237726211557,0.0,0.0,0.17204301075268819,0.17204301075268819,0.12903225806451613,0.0,0.21505376344086022,0.42532997726529054,0.989247311827957,,,False
fold3,84,3.321828007698061,0.0,0.0,0.08602150537634409,0.08602150537634409,0.043010752688172046,0.108265469036457,0.21505376344086022,0.17338850393347247,0.989247311827957,,,False
fold3,85,3.0572041273117083,0.08999436070677666,0.14285714285714285,0.3010752688172043,0.3010752688172043,0.25806451612903225,0.08999436070677666,0.21505376344086022,0.23710770791234959,0.989247311827957,,,False
fold3,86,3.031882882118227,0.42857142857142855,0.42857142857142855,0.5591397849462365,0.5591397849462365,0.43010752688172044,0.42857142857142855,0.21505376344086022,0.42857142857142855,0.9032258064516129,,,False
fold3,87,3.1716762781143206,0.0,0.0,0.08602150537634409,0.08602150537634409,0.08602150537634409,0.0,0.17204301075268819,0.0,0.989247311827957,,,False
fold3,88,3.0595363378524785,0.13771877684552955,0.2857142857142857,0.3010752688172043,0.3010752688172043,0.3010752688172043,0.13771877684552955,0.21505376344086022,0.2277131375523062,0.989247311827957,,,False
fold3,89,3.2274736166000375,0.0,0.0,0.0,0.0,0.0,0.2015289783127893,0.21505376344086022,0.21106011456502977,0.989247311827957,,,False
fold3,90,3.288228154182435,0.0,0.0,0.0,0.0,0.0,0.08999436070677666,0.17204301075268819,0.09870806285484114,0.989247311827957,,,False
fold3,91,3.0810986757278456,0.20223127829591342,0.2857142857142857,0.3870967741935484,0.3870967741935484,0.3010752688172043,0.14285714285714285,0.21505376344086022,0.2857142857142857,0.989247311827957,,,False
fold3,92,3.165020108222963,0.0,0.0,0.17204301075268819,0.17204301075268819,0.17204301075268819,0.0,0.21505376344086022,0.20697353189129813,0.989247311827957,,,False
fold3,93,3.0290981531143197,0.32940369213488374,0.42857142857142855,0.5161290322580645,0.5161290322580645,0.43010752688172044,0.0,0.21505376344086022,0.4722608349920266,0.989247311827957,,,False
fold3,94,3.0827742815017722,0.0,0.0,0.21505376344086022,0.21505376344086022,0.17204301075268819,0.0,0.21505376344086022,0.3624789608642725,0.989247311827957,,,False
fold3,95,3.254779458045961,0.0,0.0,0.043010752688172046,0.043010752688172046,0.043010752688172046,0.06218218309258029,0.21505376344086022,0.5228219936266353,0.989247311827957,,,False
fold3,96,3.1480170488357553,0.14285714285714285,0.14285714285714285,0.17204301075268819,0.17204301075268819,0.17204301075268819,0.2857142857142857,0.21505376344086022,0.4873889269368881,0.989247311827957,,,False
fold3,97,3.0950628519058236,0.14285714285714285,0.14285714285714285,0.3870967741935484,0.3870967741935484,0.25806451612903225,0.14285714285714285,0.21505376344086022,0.14285714285714285,0.989247311827957,,,False
fold3,98,3.184569954872133,0.0,0.0,0.08602150537634409,0.08602150537634409,0.08602150537634409,0.0,0.21505376344086022,0.30713214398405303,0.989247311827957,,,False
fold3,99,3.0758477449417136,0.0,0.0,0.21505376344086022,0.21505376344086022,0.21505376344086022,0.14285714285714285,0.21505376344086022,0.23710770791234959,0.989247311827957,,,False
fold3,100,3.126050353050232,0.0,0.0,0.12903225806451613,0.12903225806451613,0.12903225806451613,0.0,0.21505376344086022,0.0,0.989247311827957,,,False
fold3,101,3.1463974714279175,0.0,0.0,0.12903225806451613,0.12903225806451613,0.12903225806451613,0.0682029717078869,0.21505376344086022,0.12757710714665746,0.989247311827957,,,False
fold3,102,3.1552935838699367,0.10337637410288415,0.14285714285714285,0.043010752688172046,0.043010752688172046,0.043010752688172046,0.18172101550964315,0.21505376344086022,0.5407545878809682,0.946236559139785,,,False
fold3,103,3.1258755922317514,0.23285150356391954,0.2857142857142857,0.17204301075268819,0.17204301075268819,0.08602150537634409,0.23285150356391954,0.21505376344086022,0.2857142857142857,0.989247311827957,,,False
fold3,104,3.046716570854189,0.2857142857142857,0.2857142857142857,0.21505376344086022,0.21505376344086022,0.21505376344086022,0.2857142857142857,0.21505376344086022,0.4936944634684441,0.989247311827957,,,False
fold3,105,3.1429148912429827,0.0,0.0,0.08602150537634409,0.08602150537634409,0.08602150537634409,0.0,0.21505376344086022,0.108265469036457,0.989247311827957,,,False
fold3,106,3.118311524391176,0.0,0.0,0.12903225806451613,0.12903225806451613,0.12903225806451613,0.14285714285714285,0.21505376344086022,0.35083732061130124,0.989247311827957,,,False
fold3,107,3.0645829439163235,0.0,0.0,0.4731182795698925,0.4731182795698925,0.4731182795698925,0.0,0.21505376344086022,0.5106213110712168,0.989247311827957,,,False
fold3,108,2.9877985715866107,0.0,0.0,0.7741935483870968,0.7741935483870968,0.43010752688172044,0.0,0.21505376344086022,0.14285714285714285,0.989247311827957,,,False
fold3,109,3.156230568885804,0.0,0.0,0.08602150537634409,0.08602150537634409,0.08602150537634409,0.0,0.21505376344086022,0.0,0.946236559139785,,,False
fold3,110,3.1037853956222534,0.3035942256359102,0.42857142857142855,0.34408602150537637,0.34408602150537637,0.3010752688172043,0.22878750257729405,0.21505376344086022,0.3035942256359102,0.989247311827957,,,False
fold3,111,3.068529963493348,0.25112261189359986,0.2857142857142857,0.34408602150537637,0.34408602150537637,0.3010752688172043,0.25112261189359986,0.21505376344086022,0.3939797547507427,0.989247311827957,,,False
fold3,112,3.200788617134096,0.0,0.0,0.0,0.0,0.0,0.22490702535693105,0.21505376344086022,0.22878750257729405,0.989247311827957,,,False
fold3,113,2.984917998313904,0.23285150356391954,0.2857142857142857,1.1612903225806452,1.1612903225806452,0.946236559139785,0.14285714285714285,0.21505376344086022,0.23285150356391954,0.989247311827957,,,False
fold3,114,3.058794140815736,0.0,0.0,0.5591397849462365,0.5591397849462365,0.3870967741935484,0.0,0.21505376344086022,0.14285714285714285,0.989247311827957,,,False
fold3,115,3.1369568109512347,0.0,0.0,0.34408602150537637,0.34408602150537637,0.17204301075268819,0.0,0.21505376344086022,0.39980191987621966,0.989247311827957,,,False
fold3,116,3.3417307138443006,0.0,0.0,0.0,0.0,0.0,0.0,0.21505376344086022,0.06512303489701549,0.946236559139785,,,False
fold3,117,3.1201394796371464,0.0,0.0,0.21505376344086022,0.21505376344086022,0.17204301075268819,0.0,0.21505376344086022,0.0,0.989247311827957,,,False
fold3,118,3.045322299003601,0.14285714285714285,0.14285714285714285,0.25806451612903225,0.25806451612903225,0.25806451612903225,0.14285714285714285,0.21505376344086022,0.14285714285714285,0.989247311827957,,,False
fold3,119,3.0797501802444462,0.14285714285714285,0.14285714285714285,0.34408602150537637,0.34408602150537637,0.34408602150537637,0.0,0.21505376344086022,0.3267284486316995,0.989247311827957,,,False
fold3,120,3.318323016166687,0.0,0.0,0.043010752688172046,0.043010752688172046,0.043010752688172046,0.0,0.21505376344086022,0.13024606979403097,0.9032258064516129,,,False
fold3,121,3.121952891349794,0.0,0.0,0.08602150537634409,0.08602150537634409,0.08602150537634409,0.0,0.21505376344086022,0.08593035972015119,0.989247311827957,,,False
fold3,122,3.083671689033509,0.14285714285714285,0.14285714285714285,0.21505376344086022,0.21505376344086022,0.21505376344086022,0.14285714285714285,0.21505376344086022,0.41596035550831667,0.989247311827957,,,False
fold3,123,3.1033092737197885,0.0682029717078869,0.14285714285714285,0.25806451612903225,0.25806451612903225,0.25806451612903225,0.0,0.21505376344086022,0.09870806285484114,0.989247311827957,,,False
fold3,124,3.1065014600753784,0.0,0.0,0.25806451612903225,0.25806451612903225,0.25806451612903225,0.0,0.21505376344086022,0.11606703015192053,0.989247311827957,,,False
fold3,125,3.052860617637636,0.078344641406759,0.14285714285714285,0.4731182795698925,0.4731182795698925,0.4731182795698925,0.0,0.21505376344086022,0.404273976358975,0.989247311827957,,,False
fold3,126,3.1302798986434937,0.0,0.0,0.17204301075268819,0.17204301075268819,0.17204301075268819,0.0,0.21505376344086022,0.26722150904230346,0.946236559139785,,,False
fold3,127,3.069407820701599,0.11887507780573027,0.2857142857142857,0.43010752688172044,0.43010752688172044,0.3870967741935484,0.056692894713149984,0.21505376344086022,0.2950336866564998,0.989247311827957,,,False
fold3,128,3.033716320991517,0.2857142857142857,0.2857142857142857,0.5591397849462365,0.5591397849462365,0.4731182795698925,0.108265469036457,0.21505376344086022,0.2857142857142857,0.989247311827957,,,False
fold3,129,3.1926103830337533,0.0,0.0,0.08602150537634409,0.08602150537634409,0.043010752688172046,0.0,0.21505376344086022,0.30713214398405303,0.989247311827957,,,False
fold3,130,3.196640372276307,0.0,0.0,0.043010752688172046,0.043010752688172046,0.043010752688172046,0.056692894713149984,0.17204301075268819,0.19955003757029283,0.989247311827957,,,False
fold3,131,2.962585330009462,0.22490702535693105,0.2857142857142857,1.118279569892473,1.118279569892473,0.8172043010752689,0.0,0.21505376344086022,0.22490702535693105,0.946236559139785,,,False
fold3,132,3.1506143808364877,0.0,0.0,0.25806451612903225,0.25806451612903225,0.25806451612903225,0.0,0.21505376344086022,0.632475852301242,0.989247311827957,,,False
fold3,133,2.9987300634384155,0.0,0.0,0.4731182795698925,0.4731182795698925,0.3870967741935484,0.0,0.21505376344086022,0.2857142857142857,0.989247311827957,,,False
fold3,134,3.1638592481613177,0.0,0.0,0.25806451612903225,0.25806451612903225,0.17204301075268819,0.0,0.17204301075268819,0.261605413734684,0.946236559139785,,,False
fold3,135,3.1066445112228402,0.0,0.0,0.12903225806451613,0.12903225806451613,0.08602150537634409,0.0,0.21505376344086022,0.11338578942629997,0.989247311827957,,,False
fold3,136,2.982179045677187,0.0,0.0,0.6021505376344086,0.6021505376344086,0.6021505376344086,0.0,0.21505376344086022,0.0,0.989247311827957,,,False
fold3,137,3.1197553873062156,0.09425056505520672,0.14285714285714285,0.4731182795698925,0.4731182795698925,0.3870967741935484,0.09425056505520672,0.21505376344086022,0.5319478026743127,0.989247311827957,,,False
fold3,138,3.0651415586471558,0.14285714285714285,0.14285714285714285,0.34408602150537637,0.34408602150537637,0.21505376344086022,0.14285714285714285,0.21505376344086022,0.5473196994489696,0.989247311827957,,,False
fold3,139,3.116997599601746,0.14285714285714285,0.14285714285714285,0.25806451612903225,0.25806451612903225,0.21505376344086022,0.14285714285714285,0.21505376344086022,0.30105447527180645,0.9032258064516129,,,False
fold3,140,3.2463389635086086,0.0,0.0,0.12903225806451613,0.12903225806451613,0.08602150537634409,0.0,0.21505376344086022,0.55669289471315,0.989247311827957,,,False
fold3,141,3.4099277257919316,0.0,0.0,0.043010752688172046,0.043010752688172046,0.043010752688172046,0.19844904150191786,0.17204301075268819,0.25461043597919153,0.946236559139785,,,False
fold3,142,3.067743420600893,0.261605413734684,0.2857142857142857,0.3870967741935484,0.3870967741935484,0.34408602150537637,0.261605413734684,0.21505376344086022,0.40446255659182684,0.989247311827957,,,False
fold3,143,3.206589102745056,0.0,0.0,0.08602150537634409,0.08602150537634409,0.08602150537634409,0.0,0.21505376344086022,0.0820498824997882,0.989247311827957,,,False
fold3,144,3.3254848718643215,0.0,0.0,0.0,0.0,0.0,0.10337637410288415,0.17204301075268819,0.5254966032329437,0.989247311827957,,,False
fold3,145,2.938004851341249,0.46604776239900386,0.7142857142857143,1.2903225806451613,1.2903225806451613,0.8172043010752689,0.30853627934092104,0.21505376344086022,0.46604776239900386,0.989247311827957,,,False
fold3,146,3.119171738624574,0.0,0.0,0.17204301075268819,0.17204301075268819,0.17204301075268819,0.0,0.21505376344086022,0.280296823989028,0.989247311827957,,,False
fold3,147,3.2321637868881243,0.0,0.0,0.08602150537634409,0.08602150537634409,0.08602150537634409,0.0,0.21505376344086022,0.17044765212903729,0.989247311827957,,,False
fold3,148,2.987804532051088,0.2120938522811411,0.2857142857142857,0.8172043010752689,0.8172043010752689,0.6451612903225806,0.11338578942629997,0.21505376344086022,0.2120938522811411,0.989247311827957,,,False
fold3,149,3.0896817445755014,0.0,0.0,0.3010752688172043,0.3010752688172043,0.3010752688172043,0.0,0.21505376344086022,0.2230724290400017,0.989247311827957,,,False
fold3,150,3.1237903833389296,0.0,0.0,0.3010752688172043,0.3010752688172043,0.3010752688172043,0.0,0.21505376344086022,0.31135655185704253,0.989247311827957,,,False
fold3,151,3.184718489646912,0.0,0.0,0.12903225806451613,0.12903225806451613,0.12903225806451613,0.0,0.21505376344086022,0.14285714285714285,0.946236559139785,,,False
fold3,152,3.0416830778121957,0.0,0.0,0.5591397849462365,0.5591397849462365,0.4731182795698925,0.0,0.21505376344086022,0.22120178426390183,0.989247311827957,,,False
fold3,153,3.013408780097963,0.5273057613556451,0.7142857142857143,0.43010752688172044,0.43010752688172044,0.3870967741935484,0.5273057613556451,0.21505376344086022,0.6816794437699834,0.989247311827957,,,False
fold3,154,3.254636406898499,0.0,0.0,0.043010752688172046,0.043010752688172046,0.043010752688172046,0.108265469036457,0.21505376344086022,0.2562429322834428,0.989247311827957,,,False
fold3,155,3.104007840156556,0.6261983677295194,0.7142857142857143,0.3870967741935484,0.3870967741935484,0.3870967741935484,0.4833412248723766,0.21505376344086022,0.6261983677295194,0.946236559139785,,,False
fold3,156,3.0685471296310443,0.22878750257729405,0.2857142857142857,0.3010752688172043,0.3010752688172043,0.25806451612903225,0.22878750257729405,0.21505376344086022,0.5254966032329437,0.989247311827957,,,False
fold3,157,3.157897353172303,0.0,0.0,0.08602150537634409,0.08602150537634409,0.08602150537634409,0.0,0.21505376344086022,0.08999436070677666,0.989247311827957,,,False
fold3,158,3.101451754570008,0.0,0.0,0.25806451612903225,0.25806451612903225,0.25806451612903225,0.0,0.21505376344086022,0.14285714285714285,0.989247311827957,,,False
fold3,159,3.0011256933212285,0.14285714285714285,0.14285714285714285,0.6021505376344086,0.6021505376344086,0.43010752688172044,0.14285714285714285,0.21505376344086022,0.2792630862729166,0.989247311827957,,,False
fold3,160,3.133179068565369,0.0,0.0,0.3010752688172043,0.3010752688172043,0.25806451612903225,0.0,0.21505376344086022,0.391585875227464,0.989247311827957,,,False
fold3,161,3.1816972494125384,0.0,0.0,0.08602150537634409,0.08602150537634409,0.08602150537634409,0.0,0.21505376344086022,0.14285714285714285,0.946236559139785,,,False
fold3,162,3.2000976800918597,0.0,0.0,0.17204301075268819,0.17204301075268819,0.12903225806451613,0.0,0.21505376344086022,0.22878750257729405,0.946236559139785,,,False
fold3,163,3.1312655210494995,0.14285714285714285,0.14285714285714285,0.3870967741935484,0.3870967741935484,0.3870967741935484,0.0,0.21505376344086022,0.45847421057935617,0.989247311827957,,,False
fold3,164,3.1974514722824097,0.0,0.0,0.08602150537634409,0.08602150537634409,0.043010752688172046,0.1365516063255869,0.21505376344086022,0.20798017775415834,0.989247311827957,,,False
fold3,165,3.122713685035706,0.0,0.0,0.08602150537634409,0.08602150537634409,0.08602150537634409,0.0,0.21505376344086022,0.17646844074434392,0.989247311827957,,,False
fold3,166,3.0988904237747215,0.14285714285714285,0.14285714285714285,0.12903225806451613,0.12903225806451613,0.12903225806451613,0.20798017775415834,0.21505376344086022,0.28632481916091734,0.989247311827957,,,False
fold3,167,2.9786964654922508,0.42851644829741203,0.5714285714285714,0.7741935483870968,0.7741935483870968,0.6881720430107527,0.0748067230586162,0.21505376344086022,0.4317420480180965,0.989247311827957,,,False
fold3,168,3.175499081611634,0.08593035972015119,0.14285714285714285,0.0,0.0,0.0,0.2857142857142857,0.21505376344086022,0.2857142857142857,0.989247311827957,,,False
fold3,169,3.0551344156265263,0.0,0.0,0.5161290322580645,0.5161290322580645,0.3870967741935484,0.0,0.21505376344086022,0.7667976761196178,0.989247311827957,,,False
fold3,170,3.0301920175552377,0.0,0.0,0.3010752688172043,0.3010752688172043,0.25806451612903225,0.0,0.21505376344086022,0.14285714285714285,0.989247311827957,,,False
fold3,171,3.1097649335861215,0.0,0.0,0.34408602150537637,0.34408602150537637,0.3010752688172043,0.0,0.21505376344086022,0.2617322206628731,0.989247311827957,,,False
fold3,172,3.17766058444977,0.108265469036457,0.14285714285714285,0.12903225806451613,0.12903225806451613,0.12903225806451613,0.25112261189359986,0.21505376344086022,0.3939797547507427,0.946236559139785,,,False
fold3,173,3.146509289741518,0.14285714285714285,0.14285714285714285,0.21505376344086022,0.21505376344086022,0.12903225806451613,0.14285714285714285,0.21505376344086022,0.3844223485691268,0.989247311827957,,,False
fold3,174,3.037484765052798,0.35083732061130124,0.42857142857142855,0.4731182795698925,0.4731182795698925,0.3870967741935484,0.20798017775415834,0.17204301075268819,0.40446255659182684,0.989247311827957,,,False
fold3,175,3.158985018730164,0.0,0.0,0.17204301075268819,0.17204301075268819,0.12903225806451613,0.0,0.21505376344086022,0.14285714285714285,0.989247311827957,,,False
fold3,176,3.099860072135926,0.0,0.0,0.3010752688172043,0.3010752688172043,0.25806451612903225,0.0,0.21505376344086022,0.42857142857142855,0.989247311827957,,,False
fold3,177,3.073217511177064,0.0,0.0,0.3870967741935484,0.3870967741935484,0.25806451612903225,0.0,0.21505376344086022,0.19173043083305896,0.946236559139785,,,False
fold3,178,3.162348151206971,0.0,0.0,0.12903225806451613,0.12903225806451613,0.08602150537634409,0.0,0.21505376344086022,0.2938006026254995,0.989247311827957,,,False
fold3,179,3.1727072000503553,0.0,0.0,0.0,0.0,0.0,0.0,0.21505376344086022,0.10337637410288415,0.989247311827957,,,False
fold3,180,3.2199939489364637,0.0,0.0,0.17204301075268819,0.17204301075268819,0.17204301075268819,0.13640594341577378,0.21505376344086022,0.2792630862729166,0.989247311827957,,,False
fold3,181,3.087692856788636,0.42857142857142855,0.42857142857142855,0.21505376344086022,0.21505376344086022,0.21505376344086022,0.42857142857142855,0.21505376344086022,0.4907536116640089,0.989247311827957,,,False
fold3,182,3.070289969444275,0.21766386591575904,0.2857142857142857,0.3870967741935484,0.3870967741935484,0.25806451612903225,0.0,0.21505376344086022,0.2798460490083393,0.989247311827957,,,False
fold3,183,3.1359781026840228,0.0748067230586162,0.14285714285714285,0.043010752688172046,0.043010752688172046,0.043010752688172046,0.0748067230586162,0.21505376344086022,0.5080863169112139,0.989247311827957,,,False
fold3,184,2.992608904838562,0.14285714285714285,0.14285714285714285,0.6021505376344086,0.6021505376344086,0.5161290322580645,0.14285714285714285,0.21505376344086022,0.14285714285714285,0.9032258064516129,,,False
fold3,185,3.1445673704147357,0.0,0.0,0.08602150537634409,0.08602150537634409,0.08602150537634409,0.22878750257729405,0.21505376344086022,0.6209996814580399,0.989247311827957,,,False
fold3,186,3.061745762825015,0.14285714285714285,0.14285714285714285,0.5161290322580645,0.5161290322580645,0.3010752688172043,0.0,0.21505376344086022,0.2857142857142857,0.989247311827957,,,False
fold3,187,3.08994734287262,0.078344641406759,0.14285714285714285,0.3010752688172043,0.3010752688172043,0.3010752688172043,0.078344641406759,0.21505376344086022,0.078344641406759,0.989247311827957,,,False
fold3,188,3.2981587648391737,0.0,0.0,0.043010752688172046,0.043010752688172046,0.043010752688172046,0.2067527482057683,0.21505376344086022,0.3496098910629111,0.989247311827957,,,False
fold3,189,3.0259517431259164,0.0,0.0,0.7311827956989247,0.7311827956989247,0.4731182795698925,0.0,0.21505376344086022,0.0,0.989247311827957,,,False
fold3,190,3.0443688631057757,0.0,0.0,0.43010752688172044,0.43010752688172044,0.34408602150537637,0.0,0.21505376344086022,0.22120178426390183,0.989247311827957,,,False
fold3,191,3.1885830163955693,0.10337637410288415,0.14285714285714285,0.21505376344086022,0.21505376344086022,0.21505376344086022,0.10337637410288415,0.21505376344086022,0.17818309716150035,0.989247311827957,,,False
fold3,192,3.0543714761734018,0.14285714285714285,0.14285714285714285,0.5591397849462365,0.5591397849462365,0.34408602150537637,0.14285714285714285,0.21505376344086022,0.42226589203987264,0.989247311827957,,,False
fold3,193,3.1977058649063137,0.0,0.0,0.43010752688172044,0.43010752688172044,0.34408602150537637,0.0,0.21505376344086022,0.108265469036457,0.989247311827957,,,False
fold3,194,3.054587244987488,0.34202823210091965,0.42857142857142855,0.7311827956989247,0.7311827956989247,0.5161290322580645,0.0,0.21505376344086022,0.34202823210091965,0.989247311827957,,,False
fold3,195,3.037061333656312,0.14285714285714285,0.14285714285714285,0.34408602150537637,0.34408602150537637,0.25806451612903225,0.0,0.17204301075268819,0.21106011456502977,0.946236559139785,,,False
fold3,196,3.097974658012391,0.0,0.0,0.12903225806451613,0.12903225806451613,0.08602150537634409,0.2857142857142857,0.21505376344086022,0.2857142857142857,0.989247311827957,,,False
fold3,197,3.1124771833419818,0.0,0.0,0.3870967741935484,0.3870967741935484,0.34408602150537637,0.0,0.21505376344086022,0.3640589271210447,0.989247311827957,,,False
fold3,198,3.1660321950912493,0.0,0.0,0.08602150537634409,0.08602150537634409,0.08602150537634409,0.0,0.21505376344086022,0.42857142857142855,0.989247311827957,,,False
fold3,199,3.077633738517762,0.23710770791234959,0.2857142857142857,0.34408602150537637,0.34408602150537637,0.25806451612903225,0.23710770791234959,0.17204301075268819,0.37996485076949243,0.989247311827957,,,False
