dataset,seed,config,rate_per_hour,padf_ORACLE,alarms_per_hour_ORACLE,threshold_ORACLE,event_recall_ORACLE
fold0,0,ctrl_random[null],0.25,0.19679364718731468,0.24529844644317253,,
fold0,1,ctrl_random[null],0.25,0.3251890647551323,0.24529844644317253,,
fold0,2,ctrl_random[null],0.25,0.05440941020600776,0.24529844644317253,,
fold0,3,ctrl_random[null],0.25,0.2838901659924135,0.24529844644317253,,
fold0,4,ctrl_random[null],0.25,0.29864291131417814,0.24529844644317253,,
fold0,5,ctrl_random[null],0.25,0.5,0.24529844644317253,,
fold0,6,ctrl_random[null],0.25,0.14335221053287456,0.19623875715453803,,
fold0,7,ctrl_random[null],0.25,0.3588188204120155,0.24529844644317253,,
fold0,8,ctrl_random[null],0.25,0.04960628287400624,0.24529844644317253,,
fold0,9,ctrl_random[null],0.25,0.25,0.24529844644317253,,
fold0,10,ctrl_random[null],0.25,0.24453275718328668,0.24529844644317253,,
fold0,11,ctrl_random[null],0.25,0.22421256574801246,0.24529844644317253,,
fold0,12,ctrl_random[null],0.25,0.09473228540689987,0.24529844644317253,,
fold0,13,ctrl_random[null],0.25,0.1729235717633295,0.24529844644317253,,
fold0,14,ctrl_random[null],0.25,0.0,0.24529844644317253,,
fold0,15,ctrl_random[null],0.25,0.18198265553488854,0.24529844644317253,,
fold0,16,ctrl_random[null],0.25,0.0,0.24529844644317253,,
fold0,17,ctrl_random[null],0.25,0.0,0.24529844644317253,,
fold0,18,ctrl_random[null],0.25,0.24713769284760753,0.24529844644317253,,
fold0,19,ctrl_random[null],0.25,0.10636177871493199,0.19623875715453803,,
fold0,20,ctrl_random[null],0.25,0.16511462061641557,0.24529844644317253,,
fold0,21,ctrl_random[null],0.25,0.10881882041201552,0.24529844644317253,,
fold0,22,ctrl_random[null],0.25,0.05698265553488855,0.24529844644317253,,
fold0,23,ctrl_random[null],0.25,0.17245629824876257,0.19623875715453803,,
fold0,24,ctrl_random[null],0.25,0.43185520048880205,0.24529844644317253,,
fold0,25,ctrl_random[null],0.25,0.0,0.24529844644317253,,
fold0,26,ctrl_random[null],0.25,0.10881882041201552,0.24529844644317253,,
fold0,27,ctrl_random[null],0.25,0.05440941020600776,0.24529844644317253,,
fold0,28,ctrl_random[null],0.25,0.18467760024440105,0.24529844644317253,,
fold0,29,ctrl_random[null],0.25,0.23381882041201552,0.19623875715453803,,
fold0,30,ctrl_random[null],0.25,0.125,0.1471790678659035,,
fold0,31,ctrl_random[null],0.25,0.0,0.19623875715453803,,
fold0,32,ctrl_random[null],0.25,0.051952368508924235,0.24529844644317253,,
fold0,33,ctrl_random[null],0.25,0.0,0.24529844644317253,,
fold0,34,ctrl_random[null],0.25,0.0,0.24529844644317253,,
fold0,35,ctrl_random[null],0.25,0.5030464326307561,0.24529844644317253,,
fold0,36,ctrl_random[null],0.25,0.3040328007332031,0.19623875715453803,,
fold0,37,ctrl_random[null],0.25,0.07518906475513229,0.24529844644317253,,
fold0,38,ctrl_random[null],0.25,0.09473228540689987,0.24529844644317253,,
fold0,39,ctrl_random[null],0.25,0.24448868340949226,0.24529844644317253,,
fold0,40,ctrl_random[null],0.25,0.0,0.24529844644317253,,
fold0,41,ctrl_random[null],0.25,0.0,0.24529844644317253,,
fold0,42,ctrl_random[null],0.25,0.22421256574801246,0.24529844644317253,,
fold0,43,ctrl_random[null],0.25,0.17909380177298076,0.24529844644317253,,
fold0,44,ctrl_random[null],0.25,0.21973228540689987,0.24529844644317253,,
fold0,45,ctrl_random[null],0.25,0.0,0.24529844644317253,,
fold0,46,ctrl_random[null],0.25,0.18558212074599847,0.19623875715453803,,
fold0,47,ctrl_random[null],0.25,0.0,0.24529844644317253,,
fold0,48,ctrl_random[null],0.25,0.0,0.24529844644317253,,
fold0,49,ctrl_random[null],0.25,0.0,0.24529844644317253,,
fold0,50,ctrl_random[null],0.25,0.0,0.24529844644317253,,
fold0,51,ctrl_random[null],0.25,0.0,0.24529844644317253,,
fold0,52,ctrl_random[null],0.25,0.1615586197531183,0.24529844644317253,,
fold0,53,ctrl_random[null],0.25,0.25,0.24529844644317253,,
fold0,54,ctrl_random[null],0.25,0.2037450656184296,0.24529844644317253,,
fold0,55,ctrl_random[null],0.25,0.05967760024440104,0.24529844644317253,,
fold0,56,ctrl_random[null],0.25,0.125,0.19623875715453803,,
fold0,57,ctrl_random[null],0.25,0.30698265553488857,0.24529844644317253,,
fold0,58,ctrl_random[null],0.25,0.06855156123091412,0.24529844644317253,,
fold0,59,ctrl_random[null],0.25,0.125,0.24529844644317253,,
fold0,60,ctrl_random[null],0.25,0.0625,0.24529844644317253,,
fold0,61,ctrl_random[null],0.25,0.18467760024440105,0.24529844644317253,,
fold0,62,ctrl_random[null],0.25,0.41591767957870135,0.24529844644317253,,
fold0,63,ctrl_random[null],0.25,0.0,0.24529844644317253,,
fold0,64,ctrl_random[null],0.25,0.14420094829471874,0.24529844644317253,,
fold0,65,ctrl_random[null],0.25,0.125,0.24529844644317253,,
fold0,66,ctrl_random[null],0.25,0.04960628287400624,0.24529844644317253,,
fold0,67,ctrl_random[null],0.25,0.05967760024440104,0.24529844644317253,,
fold0,68,ctrl_random[null],0.25,0.125,0.24529844644317253,,
fold0,69,ctrl_random[null],0.25,0.4838188204120155,0.24529844644317253,,
fold0,70,ctrl_random[null],0.25,0.17940941020600776,0.24529844644317253,,
fold0,71,ctrl_random[null],0.25,0.1139653110697771,0.24529844644317253,,
fold0,72,ctrl_random[null],0.25,0.09045432734002364,0.24529844644317253,,
fold0,73,ctrl_random[null],0.25,0.125,0.24529844644317253,,
fold0,74,ctrl_random[null],0.25,0.21973228540689987,0.24529844644317253,,
fold0,75,ctrl_random[null],0.25,0.44045588267628916,0.24529844644317253,,
fold0,76,ctrl_random[null],0.25,0.125,0.24529844644317253,,
fold0,77,ctrl_random[null],0.25,0.0,0.1471790678659035,,
fold0,78,ctrl_random[null],0.25,0.0,0.24529844644317253,,
fold0,79,ctrl_random[null],0.25,0.23381882041201552,0.24529844644317253,,
fold0,80,ctrl_random[null],0.25,0.0,0.24529844644317253,,
fold0,81,ctrl_random[null],0.25,0.2794098856513009,0.24529844644317253,,
fold0,82,ctrl_random[null],0.25,0.25295588267628916,0.19623875715453803,,
fold0,83,ctrl_random[null],0.25,0.25,0.24529844644317253,,
fold0,84,ctrl_random[null],0.25,0.06545588267628917,0.24529844644317253,,
fold0,85,ctrl_random[null],0.25,0.2389653110697771,0.24529844644317253,,
fold0,86,ctrl_random[null],0.25,0.125,0.24529844644317253,,
fold0,87,ctrl_random[null],0.25,0.0,0.19623875715453803,,
fold0,88,ctrl_random[null],0.25,0.06855156123091412,0.24529844644317253,,
fold0,89,ctrl_random[null],0.25,0.18467760024440105,0.24529844644317253,,
fold0,90,ctrl_random[null],0.25,0.22890473701784847,0.19623875715453803,,
fold0,91,ctrl_random[null],0.25,0.09045432734002364,0.24529844644317253,,
fold0,92,ctrl_random[null],0.25,0.125,0.24529844644317253,,
fold0,93,ctrl_random[null],0.25,0.086369554997986,0.24529844644317253,,
fold0,94,ctrl_random[null],0.25,0.0,0.24529844644317253,,
fold0,95,ctrl_random[null],0.25,0.1139653110697771,0.24529844644317253,,
fold0,96,ctrl_random[null],0.25,0.1875,0.19623875715453803,,
fold0,97,ctrl_random[null],0.25,0.2389653110697771,0.19623875715453803,,
fold0,98,ctrl_random[null],0.25,0.0,0.24529844644317253,,
fold0,99,ctrl_random[null],0.25,0.10390473701784847,0.24529844644317253,,
fold0,100,ctrl_random[null],0.25,0.125,0.24529844644317253,,
fold0,101,ctrl_random[null],0.25,0.0,0.24529844644317253,,
fold0,102,ctrl_random[null],0.25,0.0,0.24529844644317253,,
fold0,103,ctrl_random[null],0.25,0.05967760024440104,0.24529844644317253,,
fold0,104,ctrl_random[null],0.25,0.0,0.24529844644317253,,
fold0,105,ctrl_random[null],0.25,0.25,0.24529844644317253,,
fold0,106,ctrl_random[null],0.25,0.07518906475513229,0.24529844644317253,,
fold0,107,ctrl_random[null],0.25,0.24159380177298076,0.24529844644317253,,
fold0,108,ctrl_random[null],0.25,0.35341767957870135,0.24529844644317253,,
fold0,109,ctrl_random[null],0.25,0.125,0.24529844644317253,,
fold0,110,ctrl_random[null],0.25,0.19863702242474834,0.24529844644317253,,
fold0,111,ctrl_random[null],0.25,0.11935520048880206,0.24529844644317253,,
fold0,112,ctrl_random[null],0.25,0.25,0.24529844644317253,,
fold0,113,ctrl_random[null],0.25,0.0,0.19623875715453803,,
fold0,114,ctrl_random[null],0.25,0.11935520048880206,0.24529844644317253,,
fold0,115,ctrl_random[null],0.25,0.0,0.24529844644317253,,
fold0,116,ctrl_random[null],0.25,0.22890473701784847,0.19623875715453803,,
fold0,117,ctrl_random[null],0.25,0.04960628287400624,0.24529844644317253,,
fold0,118,ctrl_random[null],0.25,0.5,0.24529844644317253,,
fold0,119,ctrl_random[null],0.25,0.1875,0.24529844644317253,,
fold0,120,ctrl_random[null],0.25,0.0,0.24529844644317253,,
fold0,121,ctrl_random[null],0.25,0.0,0.24529844644317253,,
fold0,122,ctrl_random[null],0.25,0.2389653110697771,0.24529844644317253,,
fold0,123,ctrl_random[null],0.25,0.11935520048880206,0.24529844644317253,,
fold0,124,ctrl_random[null],0.25,0.2862143100417355,0.24529844644317253,,
fold0,125,ctrl_random[null],0.25,0.125,0.24529844644317253,,
fold0,126,ctrl_random[null],0.25,0.1412450656184296,0.19623875715453803,,
fold0,127,ctrl_random[null],0.25,0.125,0.24529844644317253,,
fold0,128,ctrl_random[null],0.25,0.0,0.24529844644317253,,
fold0,129,ctrl_random[null],0.25,0.23381882041201552,0.24529844644317253,,
fold0,130,ctrl_random[null],0.25,0.0,0.19623875715453803,,
fold0,131,ctrl_random[null],0.25,0.09921256574801247,0.24529844644317253,,
fold0,132,ctrl_random[null],0.25,0.125,0.24529844644317253,,
fold0,133,ctrl_random[null],0.25,0.4435515612309141,0.24529844644317253,,
fold0,134,ctrl_random[null],0.25,0.10390473701784847,0.24529844644317253,,
fold0,135,ctrl_random[null],0.25,0.125,0.24529844644317253,,
fold0,136,ctrl_random[null],0.25,0.06855156123091412,0.24529844644317253,,
fold0,137,ctrl_random[null],0.25,0.375,0.24529844644317253,,
fold0,138,ctrl_random[null],0.25,0.0,0.24529844644317253,,
fold0,139,ctrl_random[null],0.25,0.125,0.24529844644317253,,
fold0,140,ctrl_random[null],0.25,0.18481108316509123,0.24529844644317253,,
fold0,141,ctrl_random[null],0.25,0.0,0.19623875715453803,,
fold0,142,ctrl_random[null],0.25,0.125,0.24529844644317253,,
fold0,143,ctrl_random[null],0.25,0.31260233349452543,0.24529844644317253,,
fold0,144,ctrl_random[null],0.25,0.0,0.24529844644317253,,
fold0,145,ctrl_random[null],0.25,0.0,0.24529844644317253,,
fold0,146,ctrl_random[null],0.25,0.125,0.24529844644317253,,
fold0,147,ctrl_random[null],0.25,0.17460628287400623,0.24529844644317253,,
fold0,148,ctrl_random[null],0.25,0.0,0.24529844644317253,,
fold0,149,ctrl_random[null],0.25,0.125,0.24529844644317253,,
fold0,150,ctrl_random[null],0.25,0.29960628287400626,0.24529844644317253,,
fold0,151,ctrl_random[null],0.25,0.2074692444233059,0.24529844644317253,,
fold0,152,ctrl_random[null],0.25,0.3185515612309141,0.19623875715453803,,
fold0,153,ctrl_random[null],0.25,0.0,0.24529844644317253,,
fold0,154,ctrl_random[null],0.25,0.0,0.24529844644317253,,
fold0,155,ctrl_random[null],0.25,0.0,0.24529844644317253,,
fold0,156,ctrl_random[null],0.25,0.0,0.24529844644317253,,
fold0,157,ctrl_random[null],0.25,0.18946457081379975,0.24529844644317253,,
fold0,158,ctrl_random[null],0.25,0.09473228540689987,0.24529844644317253,,
fold0,159,ctrl_random[null],0.25,0.10390473701784847,0.24529844644317253,,
fold0,160,ctrl_random[null],0.25,0.1139653110697771,0.24529844644317253,,
fold0,161,ctrl_random[null],0.25,0.25,0.24529844644317253,,
fold0,162,ctrl_random[null],0.25,0.10390473701784847,0.24529844644317253,,
fold0,163,ctrl_random[null],0.25,0.125,0.24529844644317253,,
fold0,164,ctrl_random[null],0.25,0.2545984749611401,0.24529844644317253,,
fold0,165,ctrl_random[null],0.25,0.375,0.19623875715453803,,
fold0,166,ctrl_random[null],0.25,0.0,0.24529844644317253,,
fold0,167,ctrl_random[null],0.25,0.1935515612309141,0.24529844644317253,,
fold0,168,ctrl_random[null],0.25,0.0,0.24529844644317253,,
fold0,169,ctrl_random[null],0.25,0.211369554997986,0.24529844644317253,,
fold0,170,ctrl_random[null],0.25,0.125,0.19623875715453803,,
fold0,171,ctrl_random[null],0.25,0.25,0.24529844644317253,,
fold0,172,ctrl_random[null],0.25,0.0,0.24529844644317253,,
fold0,173,ctrl_random[null],0.25,0.125,0.24529844644317253,,
fold0,174,ctrl_random[null],0.25,0.0,0.24529844644317253,,
fold0,175,ctrl_random[null],0.25,0.125,0.24529844644317253,,
fold0,176,ctrl_random[null],0.25,0.4090058885709377,0.24529844644317253,,
fold0,177,ctrl_random[null],0.25,0.1535110198918547,0.24529844644317253,,
fold0,178,ctrl_random[null],0.25,0.0,0.24529844644317253,,
fold0,179,ctrl_random[null],0.25,0.06545588267628917,0.19623875715453803,,
fold0,180,ctrl_random[null],0.25,0.1851866127469235,0.24529844644317253,,
fold0,181,ctrl_random[null],0.25,0.08246924442330589,0.24529844644317253,,
fold0,182,ctrl_random[null],0.25,0.25,0.24529844644317253,,
fold0,183,ctrl_random[null],0.25,0.21545432734002362,0.24529844644317253,,
fold0,184,ctrl_random[null],0.25,0.0,0.24529844644317253,,
fold0,185,ctrl_random[null],0.25,0.10881882041201552,0.24529844644317253,,
fold0,186,ctrl_random[null],0.25,0.0,0.24529844644317253,,
fold0,187,ctrl_random[null],0.25,0.125,0.24529844644317253,,
fold0,188,ctrl_random[null],0.25,0.1875,0.24529844644317253,,
fold0,189,ctrl_random[null],0.25,0.21545432734002362,0.24529844644317253,,
fold0,190,ctrl_random[null],0.25,0.3251890647551323,0.24529844644317253,,
fold0,191,ctrl_random[null],0.25,0.08246924442330589,0.24529844644317253,,
fold0,192,ctrl_random[null],0.25,0.0,0.24529844644317253,,
fold0,193,ctrl_random[null],0.25,0.25,0.24529844644317253,,
fold0,194,ctrl_random[null],0.25,0.125,0.24529844644317253,,
fold0,195,ctrl_random[null],0.25,0.125,0.24529844644317253,,
fold0,196,ctrl_random[null],0.25,0.051952368508924235,0.24529844644317253,,
fold0,197,ctrl_random[null],0.25,0.10390473701784847,0.24529844644317253,,
fold0,198,ctrl_random[null],0.25,0.375,0.24529844644317253,,
fold0,199,ctrl_random[null],0.25,0.07518906475513229,0.19623875715453803,,
fold1,0,ctrl_random[null],0.25,0.16176236047545647,0.21505376344086022,,
fold1,1,ctrl_random[null],0.25,0.0,0.21505376344086022,,
fold1,2,ctrl_random[null],0.25,0.16666666666666666,0.21505376344086022,,
fold1,3,ctrl_random[null],0.25,0.2222222222222222,0.21505376344086022,,
fold1,4,ctrl_random[null],0.25,0.0,0.21505376344086022,,
fold1,5,ctrl_random[null],0.25,0.40332894721638185,0.21505376344086022,,
fold1,6,ctrl_random[null],0.25,0.191240762417946,0.21505376344086022,,
fold1,7,ctrl_random[null],0.25,0.0,0.21505376344086022,,
fold1,8,ctrl_random[null],0.25,0.1111111111111111,0.21505376344086022,,
fold1,9,ctrl_random[null],0.25,0.0,0.21505376344086022,,
fold1,10,ctrl_random[null],0.25,0.06093472109414588,0.21505376344086022,,
fold1,11,ctrl_random[null],0.25,0.058183006823368154,0.21505376344086022,,
fold1,12,ctrl_random[null],0.25,0.16929411793447924,0.21505376344086022,,
fold1,13,ctrl_random[null],0.25,0.1111111111111111,0.21505376344086022,,
fold1,14,ctrl_random[null],0.25,0.3742277448314019,0.21505376344086022,,
fold1,15,ctrl_random[null],0.25,0.050651249364345376,0.21505376344086022,,
fold1,16,ctrl_random[null],0.25,0.1111111111111111,0.21505376344086022,,
fold1,17,ctrl_random[null],0.25,0.0,0.21505376344086022,,
fold1,18,ctrl_random[null],0.25,0.1137385623789237,0.21505376344086022,,
fold1,19,ctrl_random[null],0.25,0.30642869813946655,0.21505376344086022,,
fold1,20,ctrl_random[null],0.25,0.2222222222222222,0.21505376344086022,,
fold1,21,ctrl_random[null],0.25,0.23197852255288198,0.21505376344086022,,
fold1,22,ctrl_random[null],0.25,0.16176236047545647,0.21505376344086022,,
fold1,23,ctrl_random[null],0.25,0.0,0.21505376344086022,,
fold1,24,ctrl_random[null],0.25,0.058183006823368154,0.21505376344086022,,
fold1,25,ctrl_random[null],0.25,0.08040384652446546,0.21505376344086022,,
fold1,26,ctrl_random[null],0.25,0.04409447366578332,0.21505376344086022,,
fold1,27,ctrl_random[null],0.25,0.17637789466313328,0.21505376344086022,,
fold1,28,ctrl_random[null],0.25,0.0,0.21505376344086022,,
fold1,29,ctrl_random[null],0.25,0.0,0.17204301075268819,,
fold1,30,ctrl_random[null],0.25,0.0,0.17204301075268819,,
fold1,31,ctrl_random[null],0.25,0.050651249364345376,0.21505376344086022,,
fold1,32,ctrl_random[null],0.25,0.1111111111111111,0.21505376344086022,,
fold1,33,ctrl_random[null],0.25,0.16929411793447924,0.21505376344086022,,
fold1,34,ctrl_random[null],0.25,0.1111111111111111,0.21505376344086022,,
fold1,35,ctrl_random[null],0.25,0.22546564237877043,0.21505376344086022,,
fold1,36,ctrl_random[null],0.25,0.2653206342222681,0.21505376344086022,,
fold1,37,ctrl_random[null],0.25,0.10391947573867356,0.21505376344086022,,
fold1,38,ctrl_random[null],0.25,0.0,0.21505376344086022,,
fold1,39,ctrl_random[null],0.25,0.058183006823368154,0.21505376344086022,,
fold1,40,ctrl_random[null],0.25,0.058183006823368154,0.21505376344086022,,
fold1,41,ctrl_random[null],0.25,0.04409447366578332,0.21505376344086022,,
fold1,42,ctrl_random[null],0.25,0.0,0.21505376344086022,,
fold1,43,ctrl_random[null],0.25,0.0,0.21505376344086022,,
fold1,44,ctrl_random[null],0.25,0.1111111111111111,0.21505376344086022,,
fold1,45,ctrl_random[null],0.25,0.18788404888709864,0.21505376344086022,,
fold1,46,ctrl_random[null],0.25,0.0,0.21505376344086022,,
fold1,47,ctrl_random[null],0.25,0.0,0.21505376344086022,,
fold1,48,ctrl_random[null],0.25,0.3095643888948005,0.21505376344086022,,
fold1,49,ctrl_random[null],0.25,0.1111111111111111,0.21505376344086022,,
fold1,50,ctrl_random[null],0.25,0.15947503129422913,0.21505376344086022,,
fold1,51,ctrl_random[null],0.25,0.16235538012113604,0.21505376344086022,,
fold1,52,ctrl_random[null],0.25,0.050651249364345376,0.21505376344086022,,
fold1,53,ctrl_random[null],0.25,0.1111111111111111,0.21505376344086022,,
fold1,54,ctrl_random[null],0.25,0.2222222222222222,0.21505376344086022,,
fold1,55,ctrl_random[null],0.25,0.1111111111111111,0.21505376344086022,,
fold1,56,ctrl_random[null],0.25,0.27607299621866527,0.21505376344086022,,
fold1,57,ctrl_random[null],0.25,0.1111111111111111,0.21505376344086022,,
fold1,58,ctrl_random[null],0.25,0.046179883119043766,0.21505376344086022,,
fold1,59,ctrl_random[null],0.25,0.0,0.21505376344086022,,
fold1,60,ctrl_random[null],0.25,0.18908760660432355,0.21505376344086022,,
fold1,61,ctrl_random[null],0.25,0.0,0.21505376344086022,,
fold1,62,ctrl_random[null],0.25,0.3635607898408335,0.21505376344086022,,
fold1,63,ctrl_random[null],0.25,0.05304675577280092,0.21505376344086022,,
fold1,64,ctrl_random[null],0.25,0.21241360983980184,0.21505376344086022,,
fold1,65,ctrl_random[null],0.25,0.06093472109414588,0.21505376344086022,,
fold1,66,ctrl_random[null],0.25,0.08420647591724434,0.21505376344086022,,
fold1,67,ctrl_random[null],0.25,0.09235976623808753,0.21505376344086022,,
fold1,68,ctrl_random[null],0.25,0.0,0.21505376344086022,,
fold1,69,ctrl_random[null],0.25,0.09672784036623601,0.21505376344086022,,
fold1,70,ctrl_random[null],0.25,0.4002976587269005,0.21505376344086022,,
fold1,71,ctrl_random[null],0.25,0.046179883119043766,0.21505376344086022,,
fold1,72,ctrl_random[null],0.25,0.1111111111111111,0.21505376344086022,,
fold1,73,ctrl_random[null],0.25,0.0,0.21505376344086022,,
fold1,74,ctrl_random[null],0.25,0.3537575564594862,0.21505376344086022,,
fold1,75,ctrl_random[null],0.25,0.09672784036623601,0.21505376344086022,,
fold1,76,ctrl_random[null],0.25,0.0,0.21505376344086022,,
fold1,77,ctrl_random[null],0.25,0.12304236965584943,0.21505376344086022,,
fold1,78,ctrl_random[null],0.25,0.2857196048827404,0.21505376344086022,,
fold1,79,ctrl_random[null],0.25,0.08818894733156664,0.21505376344086022,,
fold1,80,ctrl_random[null],0.25,0.07330599504293857,0.21505376344086022,,
fold1,81,ctrl_random[null],0.25,0.1894914460602574,0.21505376344086022,,
fold1,82,ctrl_random[null],0.25,0.31895006258845826,0.21505376344086022,,
fold1,83,ctrl_random[null],0.25,0.2602347795368236,0.21505376344086022,,
fold1,84,ctrl_random[null],0.25,0.0,0.21505376344086022,,
fold1,85,ctrl_random[null],0.25,0.32352472095091295,0.21505376344086022,,
fold1,86,ctrl_random[null],0.25,0.07330599504293857,0.21505376344086022,,
fold1,87,ctrl_random[null],0.25,0.0,0.17204301075268819,,
fold1,88,ctrl_random[null],0.25,0.046179883119043766,0.21505376344086022,,
fold1,89,ctrl_random[null],0.25,0.0,0.21505376344086022,,
fold1,90,ctrl_random[null],0.25,0.20783895147734713,0.21505376344086022,,
fold1,91,ctrl_random[null],0.25,0.172045832205257,0.21505376344086022,,
fold1,92,ctrl_random[null],0.25,0.20783895147734713,0.21505376344086022,,
fold1,93,ctrl_random[null],0.25,0.0,0.21505376344086022,,
fold1,94,ctrl_random[null],0.25,0.05555555555555555,0.21505376344086022,,
fold1,95,ctrl_random[null],0.25,0.09027435678482708,0.21505376344086022,,
fold1,96,ctrl_random[null],0.25,0.0,0.21505376344086022,,
fold1,97,ctrl_random[null],0.25,0.2222222222222222,0.21505376344086022,,
fold1,98,ctrl_random[null],0.25,0.06381657527761304,0.21505376344086022,,
fold1,99,ctrl_random[null],0.25,0.23415348076696058,0.21505376344086022,,
fold1,100,ctrl_random[null],0.25,0.0,0.21505376344086022,,
fold1,101,ctrl_random[null],0.25,0.0,0.21505376344086022,,
fold1,102,ctrl_random[null],0.25,0.1137385623789237,0.21505376344086022,,
fold1,103,ctrl_random[null],0.25,0.1111111111111111,0.21505376344086022,,
fold1,104,ctrl_random[null],0.25,0.0,0.21505376344086022,,
fold1,105,ctrl_random[null],0.25,0.0,0.21505376344086022,,
fold1,106,ctrl_random[null],0.25,0.0,0.21505376344086022,,
fold1,107,ctrl_random[null],0.25,0.0,0.21505376344086022,,
fold1,108,ctrl_random[null],0.25,0.0,0.21505376344086022,,
fold1,109,ctrl_random[null],0.25,0.0,0.21505376344086022,,
fold1,110,ctrl_random[null],0.25,0.1111111111111111,0.21505376344086022,,
fold1,111,ctrl_random[null],0.25,0.21338859160026258,0.21505376344086022,,
fold1,112,ctrl_random[null],0.25,0.0,0.21505376344086022,,
fold1,113,ctrl_random[null],0.25,0.2222222222222222,0.21505376344086022,,
fold1,114,ctrl_random[null],0.25,0.24899664038049757,0.17204301075268819,,
fold1,115,ctrl_random[null],0.25,0.1111111111111111,0.21505376344086022,,
fold1,116,ctrl_random[null],0.25,0.29899515999820975,0.21505376344086022,,
fold1,117,ctrl_random[null],0.25,0.21844719205432878,0.21505376344086022,,
fold1,118,ctrl_random[null],0.25,0.16415786688391204,0.21505376344086022,,
fold1,119,ctrl_random[null],0.25,0.0,0.21505376344086022,,
fold1,120,ctrl_random[null],0.25,0.1111111111111111,0.21505376344086022,,
fold1,121,ctrl_random[null],0.25,0.050651249364345376,0.21505376344086022,,
fold1,122,ctrl_random[null],0.25,0.1649618851075542,0.21505376344086022,,
fold1,123,ctrl_random[null],0.25,0.2222222222222222,0.21505376344086022,,
fold1,124,ctrl_random[null],0.25,0.2548556139982333,0.21505376344086022,,
fold1,125,ctrl_random[null],0.25,0.09672784036623601,0.21505376344086022,,
fold1,126,ctrl_random[null],0.25,0.1111111111111111,0.17204301075268819,,
fold1,127,ctrl_random[null],0.25,0.050651249364345376,0.21505376344086022,,
fold1,128,ctrl_random[null],0.25,0.0,0.21505376344086022,,
fold1,129,ctrl_random[null],0.25,0.1870021971510631,0.21505376344086022,,
fold1,130,ctrl_random[null],0.25,0.21822571532430077,0.21505376344086022,,
fold1,131,ctrl_random[null],0.25,0.1306512995043973,0.21505376344086022,,
fold1,132,ctrl_random[null],0.25,0.23385041068678764,0.21505376344086022,,
fold1,133,ctrl_random[null],0.25,0.0,0.21505376344086022,,
fold1,134,ctrl_random[null],0.25,0.21241360983980184,0.21505376344086022,,
fold1,135,ctrl_random[null],0.25,0.21720462265671292,0.21505376344086022,,
fold1,136,ctrl_random[null],0.25,0.1111111111111111,0.21505376344086022,,
fold1,137,ctrl_random[null],0.25,0.1111111111111111,0.21505376344086022,,
fold1,138,ctrl_random[null],0.25,0.0,0.21505376344086022,,
fold1,139,ctrl_random[null],0.25,0.0,0.21505376344086022,,
fold1,140,ctrl_random[null],0.25,0.3208713460579205,0.21505376344086022,,
fold1,141,ctrl_random[null],0.25,0.1111111111111111,0.21505376344086022,,
fold1,142,ctrl_random[null],0.25,0.33728306650986023,0.21505376344086022,,
fold1,143,ctrl_random[null],0.25,0.268402105341266,0.21505376344086022,,
fold1,144,ctrl_random[null],0.25,0.05555555555555555,0.21505376344086022,,
fold1,145,ctrl_random[null],0.25,0.0,0.21505376344086022,,
fold1,146,ctrl_random[null],0.25,0.0,0.21505376344086022,,
fold1,147,ctrl_random[null],0.25,0.14661199008587714,0.21505376344086022,,
fold1,148,ctrl_random[null],0.25,0.1451411970113902,0.17204301075268819,,
fold1,149,ctrl_random[null],0.25,0.1111111111111111,0.21505376344086022,,
fold1,150,ctrl_random[null],0.25,0.1111111111111111,0.21505376344086022,,
fold1,151,ctrl_random[null],0.25,0.046179883119043766,0.21505376344086022,,
fold1,152,ctrl_random[null],0.25,0.0,0.21505376344086022,,
fold1,153,ctrl_random[null],0.25,0.19531758702835544,0.21505376344086022,,
fold1,154,ctrl_random[null],0.25,0.058183006823368154,0.21505376344086022,,
fold1,155,ctrl_random[null],0.25,0.0,0.21505376344086022,,
fold1,156,ctrl_random[null],0.25,0.2976084691811784,0.21505376344086022,,
fold1,157,ctrl_random[null],0.25,0.0,0.21505376344086022,,
fold1,158,ctrl_random[null],0.25,0.1111111111111111,0.21505376344086022,,
fold1,159,ctrl_random[null],0.25,0.0,0.21505376344086022,,
fold1,160,ctrl_random[null],0.25,0.1844171061540497,0.21505376344086022,,
fold1,161,ctrl_random[null],0.25,0.0,0.21505376344086022,,
fold1,162,ctrl_random[null],0.25,0.0,0.21505376344086022,,
fold1,163,ctrl_random[null],0.25,0.2222222222222222,0.21505376344086022,,
fold1,164,ctrl_random[null],0.25,0.09235976623808753,0.21505376344086022,,
fold1,165,ctrl_random[null],0.25,0.21906420119883405,0.21505376344086022,,
fold1,166,ctrl_random[null],0.25,0.08420647591724434,0.21505376344086022,,
fold1,167,ctrl_random[null],0.25,0.1111111111111111,0.21505376344086022,,
fold1,168,ctrl_random[null],0.25,0.172045832205257,0.17204301075268819,,
fold1,169,ctrl_random[null],0.25,0.10130249872869075,0.21505376344086022,,
fold1,170,ctrl_random[null],0.25,0.0,0.21505376344086022,,
fold1,171,ctrl_random[null],0.25,0.1111111111111111,0.21505376344086022,,
fold1,172,ctrl_random[null],0.25,0.1863616275297848,0.21505376344086022,,
fold1,173,ctrl_random[null],0.25,0.10130249872869075,0.21505376344086022,,
fold1,174,ctrl_random[null],0.25,0.08420647591724434,0.21505376344086022,,
fold1,175,ctrl_random[null],0.25,0.0,0.21505376344086022,,
fold1,176,ctrl_random[null],0.25,0.046179883119043766,0.21505376344086022,,
fold1,177,ctrl_random[null],0.25,0.2222222222222222,0.21505376344086022,,
fold1,178,ctrl_random[null],0.25,0.0,0.21505376344086022,,
fold1,179,ctrl_random[null],0.25,0.0,0.21505376344086022,,
fold1,180,ctrl_random[null],0.25,0.0,0.21505376344086022,,
fold1,181,ctrl_random[null],0.25,0.17492768638872416,0.21505376344086022,,
fold1,182,ctrl_random[null],0.25,0.0,0.21505376344086022,,
fold1,183,ctrl_random[null],0.25,0.06093472109414588,0.21505376344086022,,
fold1,184,ctrl_random[null],0.25,0.1111111111111111,0.21505376344086022,,
fold1,185,ctrl_random[null],0.25,0.0,0.21505376344086022,,
fold1,186,ctrl_random[null],0.25,0.15766256146038188,0.21505376344086022,,
fold1,187,ctrl_random[null],0.25,0.10130249872869075,0.21505376344086022,,
fold1,188,ctrl_random[null],0.25,0.0,0.21505376344086022,,
fold1,189,ctrl_random[null],0.25,0.22329160657184216,0.21505376344086022,,
fold1,190,ctrl_random[null],0.25,0.4917136753510112,0.21505376344086022,,
fold1,191,ctrl_random[null],0.25,0.1111111111111111,0.21505376344086022,,
fold1,192,ctrl_random[null],0.25,0.09235976623808753,0.21505376344086022,,
fold1,193,ctrl_random[null],0.25,0.1111111111111111,0.17204301075268819,,
fold1,194,ctrl_random[null],0.25,0.31041116955378883,0.21505376344086022,,
fold1,195,ctrl_random[null],0.25,0.2654603656126028,0.21505376344086022,,
fold1,196,ctrl_random[null],0.25,0.0,0.21505376344086022,,
fold1,197,ctrl_random[null],0.25,0.06093472109414588,0.21505376344086022,,
fold1,198,ctrl_random[null],0.25,0.06093472109414588,0.21505376344086022,,
fold1,199,ctrl_random[null],0.25,0.16176236047545647,0.21505376344086022,,
fold2,0,ctrl_random[null],0.25,0.0,0.23076923076923075,,
fold2,1,ctrl_random[null],0.25,0.13636363636363635,0.23076923076923075,,
fold2,2,ctrl_random[null],0.25,0.14817822954067605,0.23076923076923075,,
fold2,3,ctrl_random[null],0.25,0.0360772966356409,0.23076923076923075,,
fold2,4,ctrl_random[null],0.25,0.09090909090909091,0.23076923076923075,,
fold2,5,ctrl_random[null],0.25,0.09090909090909091,0.23076923076923075,,
fold2,6,ctrl_random[null],0.25,0.14817822954067605,0.1846153846153846,,
fold2,7,ctrl_random[null],0.25,0.05221356159077431,0.23076923076923075,,
fold2,8,ctrl_random[null],0.25,0.09090909090909091,0.23076923076923075,,
fold2,9,ctrl_random[null],0.25,0.08680378217367422,0.23076923076923075,,
fold2,10,ctrl_random[null],0.25,0.04340189108683712,0.23076923076923075,,
fold2,11,ctrl_random[null],0.25,0.11219119389863313,0.23076923076923075,,
fold2,12,ctrl_random[null],0.25,0.05221356159077431,0.23076923076923075,,
fold2,13,ctrl_random[null],0.25,0.18181818181818182,0.23076923076923075,,
fold2,14,ctrl_random[null],0.25,0.3501538060820424,0.23076923076923075,,
fold2,15,ctrl_random[null],0.25,0.09090909090909091,0.23076923076923075,,
fold2,16,ctrl_random[null],0.25,0.0,0.23076923076923075,,
fold2,17,ctrl_random[null],0.25,0.1566940562472899,0.23076923076923075,,
fold2,18,ctrl_random[null],0.25,0.28372294331606107,0.23076923076923075,,
fold2,19,ctrl_random[null],0.25,0.14817822954067605,0.23076923076923075,,
fold2,20,ctrl_random[null],0.25,0.17575291329402878,0.23076923076923075,,
fold2,21,ctrl_random[null],0.25,0.06281422181671709,0.23076923076923075,,
fold2,22,ctrl_random[null],0.25,0.09090909090909091,0.23076923076923075,,
fold2,23,ctrl_random[null],0.25,0.2581504359073566,0.23076923076923075,,
fold2,24,ctrl_random[null],0.25,0.2323958292683159,0.23076923076923075,,
fold2,25,ctrl_random[null],0.25,0.18181818181818182,0.23076923076923075,,
fold2,26,ctrl_random[null],0.25,0.09766810704531977,0.23076923076923075,,
fold2,27,ctrl_random[null],0.25,0.0,0.23076923076923075,,
fold2,28,ctrl_random[null],0.25,0.045454545454545456,0.1846153846153846,,
fold2,29,ctrl_random[null],0.25,0.04340189108683712,0.23076923076923075,,
fold2,30,ctrl_random[null],0.25,0.12637426232349805,0.23076923076923075,,
fold2,31,ctrl_random[null],0.25,0.07556708146752616,0.1846153846153846,,
fold2,32,ctrl_random[null],0.25,0.0,0.23076923076923075,,
fold2,33,ctrl_random[null],0.25,0.1075819106178873,0.23076923076923075,,
fold2,34,ctrl_random[null],0.25,0.07556708146752616,0.23076923076923075,,
fold2,35,ctrl_random[null],0.25,0.049855680895210266,0.23076923076923075,,
fold2,36,ctrl_random[null],0.25,0.41377807356720897,0.23076923076923075,,
fold2,37,ctrl_random[null],0.25,0.1322021841192924,0.1846153846153846,,
fold2,38,ctrl_random[null],0.25,0.19363277499522152,0.23076923076923075,,
fold2,39,ctrl_random[null],0.25,0.0,0.23076923076923075,,
fold2,40,ctrl_random[null],0.25,0.17771287308276512,0.23076923076923075,,
fold2,41,ctrl_random[null],0.25,0.05468295618555075,0.23076923076923075,,
fold2,42,ctrl_random[null],0.25,0.14817822954067605,0.23076923076923075,,
fold2,43,ctrl_random[null],0.25,0.153723312725808,0.1846153846153846,,
fold2,44,ctrl_random[null],0.25,0.13431098199592803,0.23076923076923075,,
fold2,45,ctrl_random[null],0.25,0.07914096029964765,0.23076923076923075,,
fold2,46,ctrl_random[null],0.25,0.09561545267761144,0.23076923076923075,,
fold2,47,ctrl_random[null],0.25,0.06281422181671709,0.1846153846153846,,
fold2,48,ctrl_random[null],0.25,0.17379295350529242,0.23076923076923075,,
fold2,49,ctrl_random[null],0.25,0.03778354073376308,0.23076923076923075,,
fold2,50,ctrl_random[null],0.25,0.049855680895210266,0.23076923076923075,,
fold2,51,ctrl_random[null],0.25,0.09090909090909091,0.23076923076923075,,
fold2,52,ctrl_random[null],0.25,0.049855680895210266,0.23076923076923075,,
fold2,53,ctrl_random[null],0.25,0.17771287308276512,0.23076923076923075,,
fold2,54,ctrl_random[null],0.25,0.0,0.23076923076923075,,
fold2,55,ctrl_random[null],0.25,0.0,0.23076923076923075,,
fold2,56,ctrl_random[null],0.25,0.2727272727272727,0.23076923076923075,,
fold2,57,ctrl_random[null],0.25,0.0,0.23076923076923075,,
fold2,58,ctrl_random[null],0.25,0.16594474247332186,0.23076923076923075,,
fold2,59,ctrl_random[null],0.25,0.21379016971840603,0.23076923076923075,,
fold2,60,ctrl_random[null],0.25,0.0,0.23076923076923075,,
fold2,61,ctrl_random[null],0.25,0.23403174340895613,0.23076923076923075,,
fold2,62,ctrl_random[null],0.25,0.0,0.13846153846153844,,
fold2,63,ctrl_random[null],0.25,0.22522007290501894,0.23076923076923075,,
fold2,64,ctrl_random[null],0.25,0.049855680895210266,0.23076923076923075,,
fold2,65,ctrl_random[null],0.25,0.08288386259620152,0.23076923076923075,,
fold2,66,ctrl_random[null],0.25,0.09090909090909091,0.23076923076923075,,
fold2,67,ctrl_random[null],0.25,0.0,0.23076923076923075,,
fold2,68,ctrl_random[null],0.25,0.0,0.23076923076923075,,
fold2,69,ctrl_random[null],0.25,0.18181818181818182,0.23076923076923075,,
fold2,70,ctrl_random[null],0.25,0.23908732044976697,0.23076923076923075,,
fold2,71,ctrl_random[null],0.25,0.21707443710933053,0.23076923076923075,,
fold2,72,ctrl_random[null],0.25,0.09090909090909091,0.23076923076923075,,
fold2,73,ctrl_random[null],0.25,0.0,0.23076923076923075,,
fold2,74,ctrl_random[null],0.25,0.257385263285708,0.23076923076923075,,
fold2,75,ctrl_random[null],0.25,0.03778354073376308,0.23076923076923075,,
fold2,76,ctrl_random[null],0.25,0.09090909090909091,0.23076923076923075,,
fold2,77,ctrl_random[null],0.25,0.18181818181818182,0.23076923076923075,,
fold2,78,ctrl_random[null],0.25,0.09090909090909091,0.23076923076923075,,
fold2,79,ctrl_random[null],0.25,0.215277245771147,0.23076923076923075,,
fold2,80,ctrl_random[null],0.25,0.1444632890361806,0.23076923076923075,,
fold2,81,ctrl_random[null],0.25,0.045454545454545456,0.23076923076923075,,
fold2,82,ctrl_random[null],0.25,0.0,0.23076923076923075,,
fold2,83,ctrl_random[null],0.25,0.09090909090909091,0.23076923076923075,,
fold2,84,ctrl_random[null],0.25,0.049855680895210266,0.23076923076923075,,
fold2,85,ctrl_random[null],0.25,0.0,0.23076923076923075,,
fold2,86,ctrl_random[null],0.25,0.0,0.23076923076923075,,
fold2,87,ctrl_random[null],0.25,0.09090909090909091,0.23076923076923075,,
fold2,88,ctrl_random[null],0.25,0.05726913863158514,0.23076923076923075,,
fold2,89,ctrl_random[null],0.25,0.09090909090909091,0.23076923076923075,,
fold2,90,ctrl_random[null],0.25,0.09090909090909091,0.1846153846153846,,
fold2,91,ctrl_random[null],0.25,0.09090909090909091,0.23076923076923075,,
fold2,92,ctrl_random[null],0.25,0.0,0.23076923076923075,,
fold2,93,ctrl_random[null],0.25,0.1620468747938434,0.23076923076923075,,
fold2,94,ctrl_random[null],0.25,0.0,0.23076923076923075,,
fold2,95,ctrl_random[null],0.25,0.1780830639936906,0.23076923076923075,,
fold2,96,ctrl_random[null],0.25,0.03778354073376308,0.23076923076923075,,
fold2,97,ctrl_random[null],0.25,0.09090909090909091,0.23076923076923075,,
fold2,98,ctrl_random[null],0.25,0.09090909090909091,0.23076923076923075,,
fold2,99,ctrl_random[null],0.25,0.0,0.23076923076923075,,
fold2,100,ctrl_random[null],0.25,0.0,0.23076923076923075,,
fold2,101,ctrl_random[null],0.25,0.0,0.23076923076923075,,
fold2,102,ctrl_random[null],0.25,0.10272368408613061,0.23076923076923075,,
fold2,103,ctrl_random[null],0.25,0.29864923836365465,0.23076923076923075,,
fold2,104,ctrl_random[null],0.25,0.09090909090909091,0.23076923076923075,,
fold2,105,ctrl_random[null],0.25,0.14817822954067605,0.23076923076923075,,
fold2,106,ctrl_random[null],0.25,0.0,0.23076923076923075,,
fold2,107,ctrl_random[null],0.25,0.09090909090909091,0.23076923076923075,,
fold2,108,ctrl_random[null],0.25,0.0,0.23076923076923075,,
fold2,109,ctrl_random[null],0.25,0.14559204709464166,0.23076923076923075,,
fold2,110,ctrl_random[null],0.25,0.13636363636363635,0.23076923076923075,,
fold2,111,ctrl_random[null],0.25,0.183031736277643,0.23076923076923075,,
fold2,112,ctrl_random[null],0.25,0.128692631642854,0.23076923076923075,,
fold2,113,ctrl_random[null],0.25,0.0,0.1846153846153846,,
fold2,114,ctrl_random[null],0.25,0.09090909090909091,0.1846153846153846,,
fold2,115,ctrl_random[null],0.25,0.07556708146752616,0.23076923076923075,,
fold2,116,ctrl_random[null],0.25,0.14312265249986522,0.23076923076923075,,
fold2,117,ctrl_random[null],0.25,0.0,0.23076923076923075,,
fold2,118,ctrl_random[null],0.25,0.0,0.23076923076923075,,
fold2,119,ctrl_random[null],0.25,0.14492592563784665,0.23076923076923075,,
fold2,120,ctrl_random[null],0.25,0.0,0.23076923076923075,,
fold2,121,ctrl_random[null],0.25,0.039570480149823825,0.23076923076923075,,
fold2,122,ctrl_random[null],0.25,0.0,0.23076923076923075,,
fold2,123,ctrl_random[null],0.25,0.1630636841803727,0.23076923076923075,,
fold2,124,ctrl_random[null],0.25,0.17323518851284592,0.23076923076923075,,
fold2,125,ctrl_random[null],0.25,0.0,0.23076923076923075,,
fold2,126,ctrl_random[null],0.25,0.1093659123711015,0.13846153846153844,,
fold2,127,ctrl_random[null],0.25,0.0,0.23076923076923075,,
fold2,128,ctrl_random[null],0.25,0.0360772966356409,0.23076923076923075,,
fold2,129,ctrl_random[null],0.25,0.0,0.23076923076923075,,
fold2,130,ctrl_random[null],0.25,0.05468295618555075,0.1846153846153846,,
fold2,131,ctrl_random[null],0.25,0.0,0.23076923076923075,,
fold2,132,ctrl_random[null],0.25,0.09090909090909091,0.23076923076923075,,
fold2,133,ctrl_random[null],0.25,0.0,0.23076923076923075,,
fold2,134,ctrl_random[null],0.25,0.0,0.1846153846153846,,
fold2,135,ctrl_random[null],0.25,0.11513756161734999,0.23076923076923075,,
fold2,136,ctrl_random[null],0.25,0.128692631642854,0.23076923076923075,,
fold2,137,ctrl_random[null],0.25,0.21765432951876704,0.23076923076923075,,
fold2,138,ctrl_random[null],0.25,0.0,0.23076923076923075,,
fold2,139,ctrl_random[null],0.25,0.0721545932712818,0.23076923076923075,,
fold2,140,ctrl_random[null],0.25,0.16647617237661708,0.23076923076923075,,
fold2,141,ctrl_random[null],0.25,0.20654973714250022,0.23076923076923075,,
fold2,142,ctrl_random[null],0.25,0.06578496533819901,0.23076923076923075,,
fold2,143,ctrl_random[null],0.25,0.06889620756865446,0.23076923076923075,,
fold2,144,ctrl_random[null],0.25,0.1621425555731988,0.23076923076923075,,
fold2,145,ctrl_random[null],0.25,0.09178404174059814,0.23076923076923075,,
fold2,146,ctrl_random[null],0.25,0.2498954667985849,0.23076923076923075,,
fold2,147,ctrl_random[null],0.25,0.06281422181671709,0.23076923076923075,,
fold2,148,ctrl_random[null],0.25,0.153723312725808,0.23076923076923075,,
fold2,149,ctrl_random[null],0.25,0.16647617237661708,0.23076923076923075,,
fold2,150,ctrl_random[null],0.25,0.2727272727272727,0.1846153846153846,,
fold2,151,ctrl_random[null],0.25,0.23167386271339208,0.23076923076923075,,
fold2,152,ctrl_random[null],0.25,0.08101241144792458,0.1846153846153846,,
fold2,153,ctrl_random[null],0.25,0.128245713471775,0.23076923076923075,,
fold2,154,ctrl_random[null],0.25,0.0,0.23076923076923075,,
fold2,155,ctrl_random[null],0.25,0.12542276236273642,0.23076923076923075,,
fold2,156,ctrl_random[null],0.25,0.08680378217367422,0.23076923076923075,,
fold2,157,ctrl_random[null],0.25,0.05221356159077431,0.23076923076923075,,
fold2,158,ctrl_random[null],0.25,0.12628575368303865,0.23076923076923075,,
fold2,159,ctrl_random[null],0.25,0.16202482289584916,0.23076923076923075,,
fold2,160,ctrl_random[null],0.25,0.21137701243284066,0.23076923076923075,,
fold2,161,ctrl_random[null],0.25,0.20612734784437947,0.23076923076923075,,
fold2,162,ctrl_random[null],0.25,0.0,0.23076923076923075,,
fold2,163,ctrl_random[null],0.25,0.20612734784437947,0.23076923076923075,,
fold2,164,ctrl_random[null],0.25,0.0882908582264152,0.23076923076923075,,
fold2,165,ctrl_random[null],0.25,0.0,0.23076923076923075,,
fold2,166,ctrl_random[null],0.25,0.19899497607230734,0.23076923076923075,,
fold2,167,ctrl_random[null],0.25,0.26095914211782945,0.23076923076923075,,
fold2,168,ctrl_random[null],0.25,0.0360772966356409,0.23076923076923075,,
fold2,169,ctrl_random[null],0.25,0.04144193129810076,0.23076923076923075,,
fold2,170,ctrl_random[null],0.25,0.0,0.23076923076923075,,
fold2,171,ctrl_random[null],0.25,0.0,0.23076923076923075,,
fold2,172,ctrl_random[null],0.25,0.2460952798370067,0.23076923076923075,,
fold2,173,ctrl_random[null],0.25,0.09090909090909091,0.23076923076923075,,
fold2,174,ctrl_random[null],0.25,0.17538492136832895,0.23076923076923075,,
fold2,175,ctrl_random[null],0.25,0.0,0.23076923076923075,,
fold2,176,ctrl_random[null],0.25,0.20263416433019651,0.23076923076923075,,
fold2,177,ctrl_random[null],0.25,0.4450327103779557,0.23076923076923075,,
fold2,178,ctrl_random[null],0.25,0.14076477180430116,0.23076923076923075,,
fold2,179,ctrl_random[null],0.25,0.3161291638141099,0.23076923076923075,,
fold2,180,ctrl_random[null],0.25,0.3043610332046666,0.23076923076923075,,
fold2,181,ctrl_random[null],0.25,0.14076477180430116,0.23076923076923075,,
fold2,182,ctrl_random[null],0.25,0.17995530051722017,0.23076923076923075,,
fold2,183,ctrl_random[null],0.25,0.1205828915977484,0.23076923076923075,,
fold2,184,ctrl_random[null],0.25,0.0,0.23076923076923075,,
fold2,185,ctrl_random[null],0.25,0.0,0.23076923076923075,,
fold2,186,ctrl_random[null],0.25,0.0,0.23076923076923075,,
fold2,187,ctrl_random[null],0.25,0.22522007290501894,0.23076923076923075,,
fold2,188,ctrl_random[null],0.25,0.0,0.23076923076923075,,
fold2,189,ctrl_random[null],0.25,0.09090909090909091,0.23076923076923075,,
fold2,190,ctrl_random[null],0.25,0.09090909090909091,0.23076923076923075,,
fold2,191,ctrl_random[null],0.25,0.3145577253095936,0.23076923076923075,,
fold2,192,ctrl_random[null],0.25,0.0,0.23076923076923075,,
fold2,193,ctrl_random[null],0.25,0.09090909090909091,0.23076923076923075,,
fold2,194,ctrl_random[null],0.25,0.23167386271339208,0.23076923076923075,,
fold2,195,ctrl_random[null],0.25,0.29516880401947104,0.23076923076923075,,
fold2,196,ctrl_random[null],0.25,0.22727272727272727,0.23076923076923075,,
fold2,197,ctrl_random[null],0.25,0.18181818181818182,0.23076923076923075,,
fold2,198,ctrl_random[null],0.25,0.2032071895645825,0.23076923076923075,,
fold2,199,ctrl_random[null],0.25,0.18181818181818182,0.23076923076923075,,
fold3,0,ctrl_random[null],0.25,0.2857142857142857,0.21505376344086022,,
fold3,1,ctrl_random[null],0.25,0.0,0.21505376344086022,,
fold3,2,ctrl_random[null],0.25,0.2857142857142857,0.21505376344086022,,
fold3,3,ctrl_random[null],0.25,0.11874827087754111,0.21505376344086022,,
fold3,4,ctrl_random[null],0.25,0.20503932594972316,0.21505376344086022,,
fold3,5,ctrl_random[null],0.25,0.0,0.17204301075268819,,
fold3,6,ctrl_random[null],0.25,0.14285714285714285,0.21505376344086022,,
fold3,7,ctrl_random[null],0.25,0.0,0.21505376344086022,,
fold3,8,ctrl_random[null],0.25,0.11874827087754111,0.21505376344086022,,
fold3,9,ctrl_random[null],0.25,0.261605413734684,0.21505376344086022,,
fold3,10,ctrl_random[null],0.25,0.39910007514058565,0.21505376344086022,,
fold3,11,ctrl_random[null],0.25,0.31330479498618014,0.21505376344086022,,
fold3,12,ctrl_random[null],0.25,0.0,0.21505376344086022,,
fold3,13,ctrl_random[null],0.25,0.0,0.17204301075268819,,
fold3,14,ctrl_random[null],0.25,0.21106011456502977,0.17204301075268819,,
fold3,15,ctrl_random[null],0.25,0.21106011456502977,0.17204301075268819,,
fold3,16,ctrl_random[null],0.25,0.0,0.21505376344086022,,
fold3,17,ctrl_random[null],0.25,0.0,0.21505376344086022,,
fold3,18,ctrl_random[null],0.25,0.38909065981716984,0.21505376344086022,,
fold3,19,ctrl_random[null],0.25,0.2230724290400017,0.21505376344086022,,
fold3,20,ctrl_random[null],0.25,0.07142857142857142,0.21505376344086022,,
fold3,21,ctrl_random[null],0.25,0.2020844369577253,0.21505376344086022,,
fold3,22,ctrl_random[null],0.25,0.14285714285714285,0.21505376344086022,,
fold3,23,ctrl_random[null],0.25,0.2857142857142857,0.21505376344086022,,
fold3,24,ctrl_random[null],0.25,0.13024606979403097,0.21505376344086022,,
fold3,25,ctrl_random[null],0.25,0.0,0.21505376344086022,,
fold3,26,ctrl_random[null],0.25,0.22490702535693105,0.21505376344086022,,
fold3,27,ctrl_random[null],0.25,0.0,0.21505376344086022,,
fold3,28,ctrl_random[null],0.25,0.0,0.21505376344086022,,
fold3,29,ctrl_random[null],0.25,0.2857142857142857,0.21505376344086022,,
fold3,30,ctrl_random[null],0.25,0.0,0.17204301075268819,,
fold3,31,ctrl_random[null],0.25,0.0,0.21505376344086022,,
fold3,32,ctrl_random[null],0.25,0.2731032126511738,0.21505376344086022,,
fold3,33,ctrl_random[null],0.25,0.25112261189359986,0.21505376344086022,,
fold3,34,ctrl_random[null],0.25,0.06218218309258029,0.21505376344086022,,
fold3,35,ctrl_random[null],0.25,0.0,0.21505376344086022,,
fold3,36,ctrl_random[null],0.25,0.0,0.21505376344086022,,
fold3,37,ctrl_random[null],0.25,0.1430096947665031,0.21505376344086022,,
fold3,38,ctrl_random[null],0.25,0.08593035972015119,0.21505376344086022,,
fold3,39,ctrl_random[null],0.25,0.14285714285714285,0.21505376344086022,,
fold3,40,ctrl_random[null],0.25,0.20503932594972316,0.21505376344086022,,
fold3,41,ctrl_random[null],0.25,0.23710770791234959,0.21505376344086022,,
fold3,42,ctrl_random[null],0.25,0.0,0.21505376344086022,,
fold3,43,ctrl_random[null],0.25,0.09425056505520672,0.21505376344086022,,
fold3,44,ctrl_random[null],0.25,0.0,0.21505376344086022,,
fold3,45,ctrl_random[null],0.25,0.059374135438770556,0.21505376344086022,,
fold3,46,ctrl_random[null],0.25,0.19955003757029283,0.21505376344086022,,
fold3,47,ctrl_random[null],0.25,0.14285714285714285,0.17204301075268819,,
fold3,48,ctrl_random[null],0.25,0.22490702535693105,0.21505376344086022,,
fold3,49,ctrl_random[null],0.25,0.0,0.21505376344086022,,
fold3,50,ctrl_random[null],0.25,0.08999436070677666,0.17204301075268819,,
fold3,51,ctrl_random[null],0.25,0.0,0.21505376344086022,,
fold3,52,ctrl_random[null],0.25,0.14285714285714285,0.21505376344086022,,
fold3,53,ctrl_random[null],0.25,0.20505279285264716,0.21505376344086022,,
fold3,54,ctrl_random[null],0.25,0.23710770791234959,0.21505376344086022,,
fold3,55,ctrl_random[null],0.25,0.078344641406759,0.21505376344086022,,
fold3,56,ctrl_random[null],0.25,0.0,0.21505376344086022,,
fold3,57,ctrl_random[null],0.25,0.0,0.21505376344086022,,
fold3,58,ctrl_random[null],0.25,0.0,0.21505376344086022,,
fold3,59,ctrl_random[null],0.25,0.0,0.21505376344086022,,
fold3,60,ctrl_random[null],0.25,0.14285714285714285,0.21505376344086022,,
fold3,61,ctrl_random[null],0.25,0.09870806285484114,0.21505376344086022,,
fold3,62,ctrl_random[null],0.25,0.0,0.12903225806451613,,
fold3,63,ctrl_random[null],0.25,0.08593035972015119,0.21505376344086022,,
fold3,64,ctrl_random[null],0.25,0.0,0.17204301075268819,,
fold3,65,ctrl_random[null],0.25,0.2731032126511738,0.21505376344086022,,
fold3,66,ctrl_random[null],0.25,0.0,0.17204301075268819,,
fold3,67,ctrl_random[null],0.25,0.14285714285714285,0.21505376344086022,,
fold3,68,ctrl_random[null],0.25,0.14285714285714285,0.21505376344086022,,
fold3,69,ctrl_random[null],0.25,0.0,0.21505376344086022,,
fold3,70,ctrl_random[null],0.25,0.14285714285714285,0.21505376344086022,,
fold3,71,ctrl_random[null],0.25,0.22212464498042528,0.21505376344086022,,
fold3,72,ctrl_random[null],0.25,0.0,0.21505376344086022,,
fold3,73,ctrl_random[null],0.25,0.0,0.21505376344086022,,
fold3,74,ctrl_random[null],0.25,0.0,0.21505376344086022,,
fold3,75,ctrl_random[null],0.25,0.0,0.17204301075268819,,
fold3,76,ctrl_random[null],0.25,0.0,0.21505376344086022,,
fold3,77,ctrl_random[null],0.25,0.14285714285714285,0.12903225806451613,,
fold3,78,ctrl_random[null],0.25,0.22135433617326208,0.21505376344086022,,
fold3,79,ctrl_random[null],0.25,0.11338578942629997,0.21505376344086022,,
fold3,80,ctrl_random[null],0.25,0.056692894713149984,0.21505376344086022,,
fold3,81,ctrl_random[null],0.25,0.0,0.21505376344086022,,
fold3,82,ctrl_random[null],0.25,0.0,0.21505376344086022,,
fold3,83,ctrl_random[null],0.25,0.0,0.21505376344086022,,
fold3,84,ctrl_random[null],0.25,0.108265469036457,0.21505376344086022,,
fold3,85,ctrl_random[null],0.25,0.08999436070677666,0.21505376344086022,,
fold3,86,ctrl_random[null],0.25,0.42857142857142855,0.21505376344086022,,
fold3,87,ctrl_random[null],0.25,0.0,0.17204301075268819,,
fold3,88,ctrl_random[null],0.25,0.13771877684552955,0.21505376344086022,,
fold3,89,ctrl_random[null],0.25,0.2015289783127893,0.21505376344086022,,
fold3,90,ctrl_random[null],0.25,0.08999436070677666,0.17204301075268819,,
fold3,91,ctrl_random[null],0.25,0.14285714285714285,0.21505376344086022,,
fold3,92,ctrl_random[null],0.25,0.0,0.21505376344086022,,
fold3,93,ctrl_random[null],0.25,0.0,0.21505376344086022,,
fold3,94,ctrl_random[null],0.25,0.0,0.21505376344086022,,
fold3,95,ctrl_random[null],0.25,0.06218218309258029,0.21505376344086022,,
fold3,96,ctrl_random[null],0.25,0.2857142857142857,0.21505376344086022,,
fold3,97,ctrl_random[null],0.25,0.14285714285714285,0.21505376344086022,,
fold3,98,ctrl_random[null],0.25,0.0,0.21505376344086022,,
fold3,99,ctrl_random[null],0.25,0.14285714285714285,0.21505376344086022,,
fold3,100,ctrl_random[null],0.25,0.0,0.21505376344086022,,
fold3,101,ctrl_random[null],0.25,0.0682029717078869,0.21505376344086022,,
fold3,102,ctrl_random[null],0.25,0.18172101550964315,0.21505376344086022,,
fold3,103,ctrl_random[null],0.25,0.23285150356391954,0.21505376344086022,,
fold3,104,ctrl_random[null],0.25,0.2857142857142857,0.21505376344086022,,
fold3,105,ctrl_random[null],0.25,0.0,0.21505376344086022,,
fold3,106,ctrl_random[null],0.25,0.14285714285714285,0.21505376344086022,,
fold3,107,ctrl_random[null],0.25,0.0,0.21505376344086022,,
fold3,108,ctrl_random[null],0.25,0.0,0.21505376344086022,,
fold3,109,ctrl_random[null],0.25,0.0,0.21505376344086022,,
fold3,110,ctrl_random[null],0.25,0.22878750257729405,0.21505376344086022,,
fold3,111,ctrl_random[null],0.25,0.25112261189359986,0.21505376344086022,,
fold3,112,ctrl_random[null],0.25,0.22490702535693105,0.21505376344086022,,
fold3,113,ctrl_random[null],0.25,0.14285714285714285,0.21505376344086022,,
fold3,114,ctrl_random[null],0.25,0.0,0.21505376344086022,,
fold3,115,ctrl_random[null],0.25,0.0,0.21505376344086022,,
fold3,116,ctrl_random[null],0.25,0.0,0.21505376344086022,,
fold3,117,ctrl_random[null],0.25,0.0,0.21505376344086022,,
fold3,118,ctrl_random[null],0.25,0.14285714285714285,0.21505376344086022,,
fold3,119,ctrl_random[null],0.25,0.0,0.21505376344086022,,
fold3,120,ctrl_random[null],0.25,0.0,0.21505376344086022,,
fold3,121,ctrl_random[null],0.25,0.0,0.21505376344086022,,
fold3,122,ctrl_random[null],0.25,0.14285714285714285,0.21505376344086022,,
fold3,123,ctrl_random[null],0.25,0.0,0.21505376344086022,,
fold3,124,ctrl_random[null],0.25,0.0,0.21505376344086022,,
fold3,125,ctrl_random[null],0.25,0.0,0.21505376344086022,,
fold3,126,ctrl_random[null],0.25,0.0,0.21505376344086022,,
fold3,127,ctrl_random[null],0.25,0.056692894713149984,0.21505376344086022,,
fold3,128,ctrl_random[null],0.25,0.108265469036457,0.21505376344086022,,
fold3,129,ctrl_random[null],0.25,0.0,0.21505376344086022,,
fold3,130,ctrl_random[null],0.25,0.056692894713149984,0.17204301075268819,,
fold3,131,ctrl_random[null],0.25,0.0,0.21505376344086022,,
fold3,132,ctrl_random[null],0.25,0.0,0.21505376344086022,,
fold3,133,ctrl_random[null],0.25,0.0,0.21505376344086022,,
fold3,134,ctrl_random[null],0.25,0.0,0.17204301075268819,,
fold3,135,ctrl_random[null],0.25,0.0,0.21505376344086022,,
fold3,136,ctrl_random[null],0.25,0.0,0.21505376344086022,,
fold3,137,ctrl_random[null],0.25,0.09425056505520672,0.21505376344086022,,
fold3,138,ctrl_random[null],0.25,0.14285714285714285,0.21505376344086022,,
fold3,139,ctrl_random[null],0.25,0.14285714285714285,0.21505376344086022,,
fold3,140,ctrl_random[null],0.25,0.0,0.21505376344086022,,
fold3,141,ctrl_random[null],0.25,0.19844904150191786,0.17204301075268819,,
fold3,142,ctrl_random[null],0.25,0.261605413734684,0.21505376344086022,,
fold3,143,ctrl_random[null],0.25,0.0,0.21505376344086022,,
fold3,144,ctrl_random[null],0.25,0.10337637410288415,0.17204301075268819,,
fold3,145,ctrl_random[null],0.25,0.30853627934092104,0.21505376344086022,,
fold3,146,ctrl_random[null],0.25,0.0,0.21505376344086022,,
fold3,147,ctrl_random[null],0.25,0.0,0.21505376344086022,,
fold3,148,ctrl_random[null],0.25,0.11338578942629997,0.21505376344086022,,
fold3,149,ctrl_random[null],0.25,0.0,0.21505376344086022,,
fold3,150,ctrl_random[null],0.25,0.0,0.21505376344086022,,
fold3,151,ctrl_random[null],0.25,0.0,0.21505376344086022,,
fold3,152,ctrl_random[null],0.25,0.0,0.21505376344086022,,
fold3,153,ctrl_random[null],0.25,0.5273057613556451,0.21505376344086022,,
fold3,154,ctrl_random[null],0.25,0.108265469036457,0.21505376344086022,,
fold3,155,ctrl_random[null],0.25,0.4833412248723766,0.21505376344086022,,
fold3,156,ctrl_random[null],0.25,0.22878750257729405,0.21505376344086022,,
fold3,157,ctrl_random[null],0.25,0.0,0.21505376344086022,,
fold3,158,ctrl_random[null],0.25,0.0,0.21505376344086022,,
fold3,159,ctrl_random[null],0.25,0.14285714285714285,0.21505376344086022,,
fold3,160,ctrl_random[null],0.25,0.0,0.21505376344086022,,
fold3,161,ctrl_random[null],0.25,0.0,0.21505376344086022,,
fold3,162,ctrl_random[null],0.25,0.0,0.21505376344086022,,
fold3,163,ctrl_random[null],0.25,0.0,0.21505376344086022,,
fold3,164,ctrl_random[null],0.25,0.1365516063255869,0.21505376344086022,,
fold3,165,ctrl_random[null],0.25,0.0,0.21505376344086022,,
fold3,166,ctrl_random[null],0.25,0.20798017775415834,0.21505376344086022,,
fold3,167,ctrl_random[null],0.25,0.0748067230586162,0.21505376344086022,,
fold3,168,ctrl_random[null],0.25,0.2857142857142857,0.21505376344086022,,
fold3,169,ctrl_random[null],0.25,0.0,0.21505376344086022,,
fold3,170,ctrl_random[null],0.25,0.0,0.21505376344086022,,
fold3,171,ctrl_random[null],0.25,0.0,0.21505376344086022,,
fold3,172,ctrl_random[null],0.25,0.25112261189359986,0.21505376344086022,,
fold3,173,ctrl_random[null],0.25,0.14285714285714285,0.21505376344086022,,
fold3,174,ctrl_random[null],0.25,0.20798017775415834,0.17204301075268819,,
fold3,175,ctrl_random[null],0.25,0.0,0.21505376344086022,,
fold3,176,ctrl_random[null],0.25,0.0,0.21505376344086022,,
fold3,177,ctrl_random[null],0.25,0.0,0.21505376344086022,,
fold3,178,ctrl_random[null],0.25,0.0,0.21505376344086022,,
fold3,179,ctrl_random[null],0.25,0.0,0.21505376344086022,,
fold3,180,ctrl_random[null],0.25,0.13640594341577378,0.21505376344086022,,
fold3,181,ctrl_random[null],0.25,0.42857142857142855,0.21505376344086022,,
fold3,182,ctrl_random[null],0.25,0.0,0.21505376344086022,,
fold3,183,ctrl_random[null],0.25,0.0748067230586162,0.21505376344086022,,
fold3,184,ctrl_random[null],0.25,0.14285714285714285,0.21505376344086022,,
fold3,185,ctrl_random[null],0.25,0.22878750257729405,0.21505376344086022,,
fold3,186,ctrl_random[null],0.25,0.0,0.21505376344086022,,
fold3,187,ctrl_random[null],0.25,0.078344641406759,0.21505376344086022,,
fold3,188,ctrl_random[null],0.25,0.2067527482057683,0.21505376344086022,,
fold3,189,ctrl_random[null],0.25,0.0,0.21505376344086022,,
fold3,190,ctrl_random[null],0.25,0.0,0.21505376344086022,,
fold3,191,ctrl_random[null],0.25,0.10337637410288415,0.21505376344086022,,
fold3,192,ctrl_random[null],0.25,0.14285714285714285,0.21505376344086022,,
fold3,193,ctrl_random[null],0.25,0.0,0.21505376344086022,,
fold3,194,ctrl_random[null],0.25,0.0,0.21505376344086022,,
fold3,195,ctrl_random[null],0.25,0.0,0.17204301075268819,,
fold3,196,ctrl_random[null],0.25,0.2857142857142857,0.21505376344086022,,
fold3,197,ctrl_random[null],0.25,0.0,0.21505376344086022,,
fold3,198,ctrl_random[null],0.25,0.0,0.21505376344086022,,
fold3,199,ctrl_random[null],0.25,0.23710770791234959,0.17204301075268819,,
fold0,0,ctrl_random[null],1.0,0.19679364718731468,0.9811937857726901,,
fold0,1,ctrl_random[null],1.0,0.4501890647551323,0.9811937857726901,,
fold0,2,ctrl_random[null],1.0,0.22571697920373407,0.8830744071954211,,
fold0,3,ctrl_random[null],1.0,0.33829957619842127,0.9811937857726901,,
fold0,4,ctrl_random[null],1.0,0.42364291131417814,0.9811937857726901,,
fold0,5,ctrl_random[null],1.0,0.559677600244401,0.9811937857726901,,
fold0,6,ctrl_random[null],1.0,0.2903031670934677,0.9811937857726901,,
fold0,7,ctrl_random[null],1.0,0.5971853207249929,0.9811937857726901,,
fold0,8,ctrl_random[null],1.0,0.10155865138293046,0.9811937857726901,,
fold0,9,ctrl_random[null],1.0,0.5092936471873146,0.9811937857726901,,
fold0,10,ctrl_random[null],1.0,0.24453275718328668,0.9811937857726901,,
fold0,11,ctrl_random[null],1.0,0.2896684484243016,0.9811937857726901,,
fold0,12,ctrl_random[null],1.0,0.33369759647667696,0.9811937857726901,,
fold0,13,ctrl_random[null],1.0,0.1729235717633295,0.9811937857726901,,
fold0,14,ctrl_random[null],1.0,0.125,0.8830744071954211,,
fold0,15,ctrl_random[null],1.0,0.39335221053287456,0.9321340964840557,,
fold0,16,ctrl_random[null],1.0,0.21545432734002362,0.9811937857726901,,
fold0,17,ctrl_random[null],1.0,0.2037450656184296,0.9811937857726901,,
fold0,18,ctrl_random[null],1.0,0.5924693923435294,0.9321340964840557,,
fold0,19,ctrl_random[null],1.0,0.10881882041201552,0.9811937857726901,,
fold0,20,ctrl_random[null],1.0,0.2901146206164156,0.9811937857726901,,
fold0,21,ctrl_random[null],1.0,0.5404945081699993,0.9811937857726901,,
fold0,22,ctrl_random[null],1.0,0.39743698287491214,0.9321340964840557,,
fold0,23,ctrl_random[null],1.0,0.35390473701784847,0.9811937857726901,,
fold0,24,ctrl_random[null],1.0,0.6245655771770087,0.9811937857726901,,
fold0,25,ctrl_random[null],1.0,0.31545588267628916,0.9811937857726901,,
fold0,26,ctrl_random[null],1.0,0.3639653110697771,0.9811937857726901,,
fold0,27,ctrl_random[null],1.0,0.3948637375460314,0.9811937857726901,,
fold0,28,ctrl_random[null],1.0,0.559677600244401,0.9811937857726901,,
fold0,29,ctrl_random[null],1.0,0.6875638860304452,0.9811937857726901,,
fold0,30,ctrl_random[null],1.0,0.4072322854068999,0.9811937857726901,,
fold0,31,ctrl_random[null],1.0,0.125,0.8830744071954211,,
fold0,32,ctrl_random[null],1.0,0.5463075689977264,0.9811937857726901,,
fold0,33,ctrl_random[null],1.0,0.24435520048880205,0.9811937857726901,,
fold0,34,ctrl_random[null],1.0,0.23381882041201552,0.9321340964840557,,
fold0,35,ctrl_random[null],1.0,0.5056196779596369,0.9811937857726901,,
fold0,36,ctrl_random[null],1.0,0.3723110831650912,0.9811937857726901,,
fold0,37,ctrl_random[null],1.0,0.5,0.9811937857726901,,
fold0,38,ctrl_random[null],1.0,0.5449213501620321,0.9811937857726901,,
fold0,39,ctrl_random[null],1.0,0.24731108316509123,0.9811937857726901,,
fold0,40,ctrl_random[null],1.0,0.3101866127469235,0.9811937857726901,,
fold0,41,ctrl_random[null],1.0,0.18198265553488854,0.9811937857726901,,
fold0,42,ctrl_random[null],1.0,0.4244016305031448,0.9811937857726901,,
fold0,43,ctrl_random[null],1.0,0.30409380177298073,0.9811937857726901,,
fold0,44,ctrl_random[null],1.0,0.4640874858957019,0.9321340964840557,,
fold0,45,ctrl_random[null],1.0,0.22421256574801246,0.9811937857726901,,
fold0,46,ctrl_random[null],1.0,0.18558212074599847,0.9811937857726901,,
fold0,47,ctrl_random[null],1.0,0.375,0.9811937857726901,,
fold0,48,ctrl_random[null],1.0,0.3253348660677631,0.9811937857726901,,
fold0,49,ctrl_random[null],1.0,0.4214350240438128,0.9811937857726901,,
fold0,50,ctrl_random[null],1.0,0.2695481291130044,0.9811937857726901,,
fold0,51,ctrl_random[null],1.0,0.30698265553488857,0.9811937857726901,,
fold0,52,ctrl_random[null],1.0,0.3435412752880068,0.9811937857726901,,
fold0,53,ctrl_random[null],1.0,0.7424082511852135,0.9811937857726901,,
fold0,54,ctrl_random[null],1.0,0.5056974341273538,0.9811937857726901,,
fold0,55,ctrl_random[null],1.0,0.23662996875332526,0.9811937857726901,,
fold0,56,ctrl_random[null],1.0,0.34921256574801246,0.9811937857726901,,
fold0,57,ctrl_random[null],1.0,0.4889653110697771,0.9811937857726901,,
fold0,58,ctrl_random[null],1.0,0.2941993929584532,0.9811937857726901,,
fold0,59,ctrl_random[null],1.0,0.25,0.9811937857726901,,
fold0,60,ctrl_random[null],1.0,0.17131882041201552,0.9811937857726901,,
fold0,61,ctrl_random[null],1.0,0.30967760024440105,0.9811937857726901,,
fold0,62,ctrl_random[null],1.0,0.633934555493083,0.9811937857726901,,
fold0,63,ctrl_random[null],1.0,0.4864620956116163,0.9811937857726901,,
fold0,64,ctrl_random[null],1.0,0.23465527563474237,0.9811937857726901,,
fold0,65,ctrl_random[null],1.0,0.36935520048880205,0.9811937857726901,,
fold0,66,ctrl_random[null],1.0,0.22655865138293046,0.9321340964840557,,
fold0,67,ctrl_random[null],1.0,0.4853759844495642,0.9811937857726901,,
fold0,68,ctrl_random[null],1.0,0.40053871280574427,0.9811937857726901,,
fold0,69,ctrl_random[null],1.0,0.7338188204120155,0.9811937857726901,,
fold0,70,ctrl_random[null],1.0,0.17940941020600776,0.9811937857726901,,
fold0,71,ctrl_random[null],1.0,0.41838650481584333,0.9811937857726901,,
fold0,72,ctrl_random[null],1.0,0.2562558032869277,0.9811937857726901,,
fold0,73,ctrl_random[null],1.0,0.211369554997986,0.9811937857726901,,
fold0,74,ctrl_random[null],1.0,0.41652593259421455,0.9811937857726901,,
fold0,75,ctrl_random[null],1.0,0.5029558826762892,0.9321340964840557,,
fold0,76,ctrl_random[null],1.0,0.4484251314960249,0.9811937857726901,,
fold0,77,ctrl_random[null],1.0,0.125,0.9811937857726901,,
fold0,78,ctrl_random[null],1.0,0.321434555493083,0.9811937857726901,,
fold0,79,ctrl_random[null],1.0,0.4838188204120155,0.9321340964840557,,
fold0,80,ctrl_random[null],1.0,0.05967760024440104,0.9811937857726901,,
fold0,81,ctrl_random[null],1.0,0.523765086140103,0.9811937857726901,,
fold0,82,ctrl_random[null],1.0,0.5238695549979859,0.9811937857726901,,
fold0,83,ctrl_random[null],1.0,0.375,0.9811937857726901,,
fold0,84,ctrl_random[null],1.0,0.2501334829206902,0.9321340964840557,,
fold0,85,ctrl_random[null],1.0,0.36935520048880205,0.9811937857726901,,
fold0,86,ctrl_random[null],1.0,0.35390473701784847,0.8830744071954211,,
fold0,87,ctrl_random[null],1.0,0.25,0.9811937857726901,,
fold0,88,ctrl_random[null],1.0,0.1935515612309141,0.9811937857726901,,
fold0,89,ctrl_random[null],1.0,0.5329375377510516,0.9811937857726901,,
fold0,90,ctrl_random[null],1.0,0.35390473701784847,0.9321340964840557,,
fold0,91,ctrl_random[null],1.0,0.4181574169029248,0.9811937857726901,,
fold0,92,ctrl_random[null],1.0,0.5646668930880361,0.9321340964840557,,
fold0,93,ctrl_random[null],1.0,0.3588188204120155,0.9321340964840557,,
fold0,94,ctrl_random[null],1.0,0.25,0.9811937857726901,,
fold0,95,ctrl_random[null],1.0,0.20441963840980074,0.9321340964840557,,
fold0,96,ctrl_random[null],1.0,0.47037699890518925,0.9811937857726901,,
fold0,97,ctrl_random[null],1.0,0.2389653110697771,0.9811937857726901,,
fold0,98,ctrl_random[null],1.0,0.09921256574801247,0.9811937857726901,,
fold0,99,ctrl_random[null],1.0,0.19863702242474834,0.9811937857726901,,
fold0,100,ctrl_random[null],1.0,0.6665259325942146,0.9811937857726901,,
fold0,101,ctrl_random[null],1.0,0.5540938017729807,0.9811937857726901,,
fold0,102,ctrl_random[null],1.0,0.25,0.9321340964840557,,
fold0,103,ctrl_random[null],1.0,0.39214684466770694,0.9811937857726901,,
fold0,104,ctrl_random[null],1.0,0.23381882041201552,0.9321340964840557,,
fold0,105,ctrl_random[null],1.0,0.47421256574801246,0.9811937857726901,,
fold0,106,ctrl_random[null],1.0,0.2753781295102646,0.9321340964840557,,
fold0,107,ctrl_random[null],1.0,0.4658063675209932,0.9811937857726901,,
fold0,108,ctrl_random[null],1.0,0.692082613835638,0.9811937857726901,,
fold0,109,ctrl_random[null],1.0,0.4839523033327057,0.9811937857726901,,
fold0,110,ctrl_random[null],1.0,0.32363702242474834,0.9321340964840557,,
fold0,111,ctrl_random[null],1.0,0.18790676171971618,0.9811937857726901,,
fold0,112,ctrl_random[null],1.0,0.3324692444233059,0.9811937857726901,,
fold0,113,ctrl_random[null],1.0,0.3125,0.9811937857726901,,
fold0,114,ctrl_random[null],1.0,0.24435520048880205,0.9811937857726901,,
fold0,115,ctrl_random[null],1.0,0.0,0.9811937857726901,,
fold0,116,ctrl_random[null],1.0,0.49159380177298073,0.9811937857726901,,
fold0,117,ctrl_random[null],1.0,0.3850999583007495,0.9811937857726901,,
fold0,118,ctrl_random[null],1.0,0.5,0.9321340964840557,,
fold0,119,ctrl_random[null],1.0,0.41640473701784847,0.9321340964840557,,
fold0,120,ctrl_random[null],1.0,0.12050392973983835,0.9321340964840557,,
fold0,121,ctrl_random[null],1.0,0.375,0.9811937857726901,,
fold0,122,ctrl_random[null],1.0,0.2389653110697771,0.9811937857726901,,
fold0,123,ctrl_random[null],1.0,0.35317402090081756,0.9811937857726901,,
fold0,124,ctrl_random[null],1.0,0.2862143100417355,0.9811937857726901,,
fold0,125,ctrl_random[null],1.0,0.125,0.9321340964840557,,
fold0,126,ctrl_random[null],1.0,0.36114291131417814,0.9321340964840557,,
fold0,127,ctrl_random[null],1.0,0.3948224165965498,0.9811937857726901,,
fold0,128,ctrl_random[null],1.0,0.0,0.9811937857726901,,
fold0,129,ctrl_random[null],1.0,0.333031386160028,0.9811937857726901,,
fold0,130,ctrl_random[null],1.0,0.40251990451703235,0.9811937857726901,,
fold0,131,ctrl_random[null],1.0,0.6053992976872484,0.9811937857726901,,
fold0,132,ctrl_random[null],1.0,0.125,0.9321340964840557,,
fold0,133,ctrl_random[null],1.0,0.5,0.9811937857726901,,
fold0,134,ctrl_random[null],1.0,0.3507282306180233,0.8830744071954211,,
fold0,135,ctrl_random[null],1.0,0.34052396245270755,0.9811937857726901,,
fold0,136,ctrl_random[null],1.0,0.4535404132475681,0.9811937857726901,,
fold0,137,ctrl_random[null],1.0,0.8447322854068999,0.9811937857726901,,
fold0,138,ctrl_random[null],1.0,0.0625,0.9811937857726901,,
fold0,139,ctrl_random[null],1.0,0.7048488759155453,0.9811937857726901,,
fold0,140,ctrl_random[null],1.0,0.18481108316509123,0.9321340964840557,,
fold0,141,ctrl_random[null],1.0,0.1875,0.9811937857726901,,
fold0,142,ctrl_random[null],1.0,0.3390874858957019,0.9811937857726901,,
fold0,143,ctrl_random[null],1.0,0.4429922229135504,0.9811937857726901,,
fold0,144,ctrl_random[null],1.0,0.22890473701784847,0.9811937857726901,,
fold0,145,ctrl_random[null],1.0,0.125,0.9811937857726901,,
fold0,146,ctrl_random[null],1.0,0.2941993929584532,0.9321340964840557,,
fold0,147,ctrl_random[null],1.0,0.6139653110697771,0.9811937857726901,,
fold0,148,ctrl_random[null],1.0,0.09921256574801247,0.9811937857726901,,
fold0,149,ctrl_random[null],1.0,0.4654543273400236,0.9811937857726901,,
fold0,150,ctrl_random[null],1.0,0.5496062828740063,0.9321340964840557,,
fold0,151,ctrl_random[null],1.0,0.43185520048880205,0.9811937857726901,,
fold0,152,ctrl_random[null],1.0,0.5514653110697771,0.9811937857726901,,
fold0,153,ctrl_random[null],1.0,0.0,0.9811937857726901,,
fold0,154,ctrl_random[null],1.0,0.125,0.9811937857726901,,
fold0,155,ctrl_random[null],1.0,0.41578919340778675,0.9811937857726901,,
fold0,156,ctrl_random[null],1.0,0.3447322854068999,0.9811937857726901,,
fold0,157,ctrl_random[null],1.0,0.43946457081379975,0.9811937857726901,,
fold0,158,ctrl_random[null],1.0,0.09473228540689987,0.9321340964840557,,
fold0,159,ctrl_random[null],1.0,0.35390473701784847,0.9811937857726901,,
fold0,160,ctrl_random[null],1.0,0.4025236020607351,0.9811937857726901,,
fold0,161,ctrl_random[null],1.0,0.4229235717633295,0.9811937857726901,,
fold0,162,ctrl_random[null],1.0,0.17131882041201552,0.9321340964840557,,
fold0,163,ctrl_random[null],1.0,0.27104715524238704,0.9811937857726901,,
fold0,164,ctrl_random[null],1.0,0.3906449474314215,0.9321340964840557,,
fold0,165,ctrl_random[null],1.0,0.5654558826762892,0.9811937857726901,,
fold0,166,ctrl_random[null],1.0,0.4654543273400236,0.9811937857726901,,
fold0,167,ctrl_random[null],1.0,0.314951491292235,0.9811937857726901,,
fold0,168,ctrl_random[null],1.0,0.0,0.9811937857726901,,
fold0,169,ctrl_random[null],1.0,0.211369554997986,0.8830744071954211,,
fold0,170,ctrl_random[null],1.0,0.36935520048880205,0.9811937857726901,,
fold0,171,ctrl_random[null],1.0,0.375,0.9811937857726901,,
fold0,172,ctrl_random[null],1.0,0.13486666499953331,0.9811937857726901,,
fold0,173,ctrl_random[null],1.0,0.30967760024440105,0.9321340964840557,,
fold0,174,ctrl_random[null],1.0,0.125,0.9321340964840557,,
fold0,175,ctrl_random[null],1.0,0.47421256574801246,0.9321340964840557,,
fold0,176,ctrl_random[null],1.0,0.5037381739778376,0.9811937857726901,,
fold0,177,ctrl_random[null],1.0,0.47890473701784847,0.9811937857726901,,
fold0,178,ctrl_random[null],1.0,0.37986597565440255,0.9811937857726901,,
fold0,179,ctrl_random[null],1.0,0.19045588267628916,0.9811937857726901,,
fold0,180,ctrl_random[null],1.0,0.2872479745273383,0.9321340964840557,,
fold0,181,ctrl_random[null],1.0,0.3404543273400236,0.9321340964840557,,
fold0,182,ctrl_random[null],1.0,0.29960628287400626,0.9811937857726901,,
fold0,183,ctrl_random[null],1.0,0.5794196384098007,0.9321340964840557,,
fold0,184,ctrl_random[null],1.0,0.4044098856513009,0.9811937857726901,,
fold0,185,ctrl_random[null],1.0,0.23710628287400623,0.9321340964840557,,
fold0,186,ctrl_random[null],1.0,0.18467760024440105,0.9811937857726901,,
fold0,187,ctrl_random[null],1.0,0.47817402090081756,0.9321340964840557,,
fold0,188,ctrl_random[null],1.0,0.30440941020600776,0.9811937857726901,,
fold0,189,ctrl_random[null],1.0,0.27414169561290763,0.9811937857726901,,
fold0,190,ctrl_random[null],1.0,0.4501890647551323,0.9811937857726901,,
fold0,191,ctrl_random[null],1.0,0.3731315032110053,0.9321340964840557,,
fold0,192,ctrl_random[null],1.0,0.05440941020600776,0.9811937857726901,,
fold0,193,ctrl_random[null],1.0,0.559677600244401,0.9811937857726901,,
fold0,194,ctrl_random[null],1.0,0.30967760024440105,0.9811937857726901,,
fold0,195,ctrl_random[null],1.0,0.42795763136644205,0.9811937857726901,,
fold0,196,ctrl_random[null],1.0,0.1558571055267727,0.9811937857726901,,
fold0,197,ctrl_random[null],1.0,0.43637398144115436,0.9811937857726901,,
fold0,198,ctrl_random[null],1.0,0.75,0.9811937857726901,,
fold0,199,ctrl_random[null],1.0,0.4501890647551323,0.8830744071954211,,
fold1,0,ctrl_random[null],1.0,0.34462880979704585,0.989247311827957,,
fold1,1,ctrl_random[null],1.0,0.2222222222222222,0.989247311827957,,
fold1,2,ctrl_random[null],1.0,0.27058614240534024,0.989247311827957,,
fold1,3,ctrl_random[null],1.0,0.5026274512678126,0.946236559139785,,
fold1,4,ctrl_random[null],1.0,0.39151634015670145,0.989247311827957,,
fold1,5,ctrl_random[null],1.0,0.5650913076918384,0.989247311827957,,
fold1,6,ctrl_random[null],1.0,0.5637197043405892,0.989247311827957,,
fold1,7,ctrl_random[null],1.0,0.3535021482429706,0.989247311827957,,
fold1,8,ctrl_random[null],1.0,0.16666666666666666,0.989247311827957,,
fold1,9,ctrl_random[null],1.0,0.16929411793447924,0.989247311827957,,
fold1,10,ctrl_random[null],1.0,0.3421037022218074,0.989247311827957,,
fold1,11,ctrl_random[null],1.0,0.18632060238876658,0.989247311827957,,
fold1,12,ctrl_random[null],1.0,0.3333333333333333,0.989247311827957,,
fold1,13,ctrl_random[null],1.0,0.5082610197220574,0.989247311827957,,
fold1,14,ctrl_random[null],1.0,0.6072082981308048,0.989247311827957,,
fold1,15,ctrl_random[null],1.0,0.26077753002291987,0.989247311827957,,
fold1,16,ctrl_random[null],1.0,0.344091664410514,0.989247311827957,,
fold1,17,ctrl_random[null],1.0,0.27526897799502315,0.989247311827957,,
fold1,18,ctrl_random[null],1.0,0.42952889747130285,0.989247311827957,,
fold1,19,ctrl_random[null],1.0,0.6877911876800915,0.989247311827957,,
fold1,20,ctrl_random[null],1.0,0.32352472095091295,0.989247311827957,,
fold1,21,ctrl_random[null],1.0,0.24547994156172154,0.989247311827957,,
fold1,22,ctrl_random[null],1.0,0.27526897799502315,0.946236559139785,,
fold1,23,ctrl_random[null],1.0,0.19930005844267773,0.989247311827957,,
fold1,24,ctrl_random[null],1.0,0.2331106932120923,0.989247311827957,,
fold1,25,ctrl_random[null],1.0,0.2395441138428682,0.989247311827957,,
fold1,26,ctrl_random[null],1.0,0.2565176331219996,0.989247311827957,,
fold1,27,ctrl_random[null],1.0,0.3011291910348922,0.989247311827957,,
fold1,28,ctrl_random[null],1.0,0.18286644932158938,0.989247311827957,,
fold1,29,ctrl_random[null],1.0,0.4656231886043384,0.989247311827957,,
fold1,30,ctrl_random[null],1.0,0.3366900468641807,0.946236559139785,,
fold1,31,ctrl_random[null],1.0,0.3532773181110331,0.946236559139785,,
fold1,32,ctrl_random[null],1.0,0.17492768638872416,0.989247311827957,,
fold1,33,ctrl_random[null],1.0,0.41660754561363444,0.989247311827957,,
fold1,34,ctrl_random[null],1.0,0.536804210682532,0.989247311827957,,
fold1,35,ctrl_random[null],1.0,0.3415943530553908,0.989247311827957,,
fold1,36,ctrl_random[null],1.0,0.609763106610235,0.989247311827957,,
fold1,37,ctrl_random[null],1.0,0.10391947573867356,0.989247311827957,,
fold1,38,ctrl_random[null],1.0,0.5248482909689098,0.989247311827957,,
fold1,39,ctrl_random[null],1.0,0.3504008429286389,0.989247311827957,,
fold1,40,ctrl_random[null],1.0,0.31041116955378883,0.989247311827957,,
fold1,41,ctrl_random[null],1.0,0.16609405576676453,0.989247311827957,,
fold1,42,ctrl_random[null],1.0,0.5414970536578616,0.989247311827957,,
fold1,43,ctrl_random[null],1.0,0.286642225115256,0.989247311827957,,
fold1,44,ctrl_random[null],1.0,0.15947503129422913,0.989247311827957,,
fold1,45,ctrl_random[null],1.0,0.6323284933315431,0.946236559139785,,
fold1,46,ctrl_random[null],1.0,0.20207376175052202,0.946236559139785,,
fold1,47,ctrl_random[null],1.0,0.2417624106155084,0.989247311827957,,
fold1,48,ctrl_random[null],1.0,0.4206755000059116,0.989247311827957,,
fold1,49,ctrl_random[null],1.0,0.49749120021724536,0.989247311827957,,
fold1,50,ctrl_random[null],1.0,0.6039194757386736,0.989247311827957,,
fold1,51,ctrl_random[null],1.0,0.34677248627518575,0.989247311827957,,
fold1,52,ctrl_random[null],1.0,0.42215827927962724,0.989247311827957,,
fold1,53,ctrl_random[null],1.0,0.5501914197616697,0.946236559139785,,
fold1,54,ctrl_random[null],1.0,0.2728734715865676,0.989247311827957,,
fold1,55,ctrl_random[null],1.0,0.3333333333333333,0.989247311827957,,
fold1,56,ctrl_random[null],1.0,0.4256930995714209,0.989247311827957,,
fold1,57,ctrl_random[null],1.0,0.41252220968506836,0.989247311827957,,
fold1,58,ctrl_random[null],1.0,0.14540652201088847,0.989247311827957,,
fold1,59,ctrl_random[null],1.0,0.44456309592950244,0.946236559139785,,
fold1,60,ctrl_random[null],1.0,0.2903901053330143,0.946236559139785,,
fold1,61,ctrl_random[null],1.0,0.41660754561363444,0.989247311827957,,
fold1,62,ctrl_random[null],1.0,0.5773764065178878,0.989247311827957,,
fold1,63,ctrl_random[null],1.0,0.27059661666317,0.989247311827957,,
fold1,64,ctrl_random[null],1.0,0.21241360983980184,0.989247311827957,,
fold1,65,ctrl_random[null],1.0,0.21321811701593743,0.989247311827957,,
fold1,66,ctrl_random[null],1.0,0.15104120014402858,0.989247311827957,,
fold1,67,ctrl_random[null],1.0,0.2802438151251862,0.989247311827957,,
fold1,68,ctrl_random[null],1.0,0.32352472095091295,0.989247311827957,,
fold1,69,ctrl_random[null],1.0,0.4027709357918764,0.989247311827957,,
fold1,70,ctrl_random[null],1.0,0.7069875761679746,0.946236559139785,,
fold1,71,ctrl_random[null],1.0,0.2414974701473992,0.989247311827957,,
fold1,72,ctrl_random[null],1.0,0.2890569464490065,0.989247311827957,,
fold1,73,ctrl_random[null],1.0,0.19151495763557655,0.989247311827957,,
fold1,74,ctrl_random[null],1.0,0.5132325877537153,0.946236559139785,,
fold1,75,ctrl_random[null],1.0,0.43015213680581416,0.989247311827957,,
fold1,76,ctrl_random[null],1.0,0.38578478681524253,0.989247311827957,,
fold1,77,ctrl_random[null],1.0,0.46151195403975,0.989247311827957,,
fold1,78,ctrl_random[null],1.0,0.5151478558137178,0.989247311827957,,
fold1,79,ctrl_random[null],1.0,0.38638008910613425,0.989247311827957,,
fold1,80,ctrl_random[null],1.0,0.1844171061540497,0.989247311827957,,
fold1,81,ctrl_random[null],1.0,0.38285316368825495,0.989247311827957,,
fold1,82,ctrl_random[null],1.0,0.3888888888888889,0.989247311827957,,
fold1,83,ctrl_random[null],1.0,0.524306677650328,0.946236559139785,,
fold1,84,ctrl_random[null],1.0,0.18788404888709864,0.989247311827957,,
fold1,85,ctrl_random[null],1.0,0.43463583206202405,0.989247311827957,,
fold1,86,ctrl_random[null],1.0,0.11948587816198233,0.946236559139785,,
fold1,87,ctrl_random[null],1.0,0.4444444444444444,0.989247311827957,,
fold1,88,ctrl_random[null],1.0,0.046179883119043766,0.989247311827957,,
fold1,89,ctrl_random[null],1.0,0.2376948407546203,0.989247311827957,,
fold1,90,ctrl_random[null],1.0,0.4621948839318275,0.946236559139785,,
fold1,91,ctrl_random[null],1.0,0.5850848452579203,0.989247311827957,,
fold1,92,ctrl_random[null],1.0,0.43942684487893513,0.946236559139785,,
fold1,93,ctrl_random[null],1.0,0.4214409526768459,0.989247311827957,,
fold1,94,ctrl_random[null],1.0,0.3745056181440138,0.989247311827957,,
fold1,95,ctrl_random[null],1.0,0.39670305492429364,0.989247311827957,,
fold1,96,ctrl_random[null],1.0,0.4827192114157848,0.989247311827957,,
fold1,97,ctrl_random[null],1.0,0.4908458042935162,0.989247311827957,,
fold1,98,ctrl_random[null],1.0,0.37933130323383357,0.989247311827957,,
fold1,99,ctrl_random[null],1.0,0.5183897915040198,0.946236559139785,,
fold1,100,ctrl_random[null],1.0,0.5236333207961795,0.9032258064516129,,
fold1,101,ctrl_random[null],1.0,0.16176236047545647,0.989247311827957,,
fold1,102,ctrl_random[null],1.0,0.18704455742186227,0.946236559139785,,
fold1,103,ctrl_random[null],1.0,0.33908555327263623,0.946236559139785,,
fold1,104,ctrl_random[null],1.0,0.15947503129422913,0.989247311827957,,
fold1,105,ctrl_random[null],1.0,0.0,0.989247311827957,,
fold1,106,ctrl_random[null],1.0,0.21076114033244997,0.989247311827957,,
fold1,107,ctrl_random[null],1.0,0.30372227598387647,0.989247311827957,,
fold1,108,ctrl_random[null],1.0,0.21400456048899819,0.989247311827957,,
fold1,109,ctrl_random[null],1.0,0.3333333333333333,0.989247311827957,,
fold1,110,ctrl_random[null],1.0,0.3247022825277611,0.946236559139785,,
fold1,111,ctrl_random[null],1.0,0.27720516687787566,0.989247311827957,,
fold1,112,ctrl_random[null],1.0,0.29221783610527075,0.989247311827957,,
fold1,113,ctrl_random[null],1.0,0.7757976991260209,0.9032258064516129,,
fold1,114,ctrl_random[null],1.0,0.6498882534945551,0.989247311827957,,
fold1,115,ctrl_random[null],1.0,0.2860387974998353,0.946236559139785,,
fold1,116,ctrl_random[null],1.0,0.5236333207961795,0.946236559139785,,
fold1,117,ctrl_random[null],1.0,0.5560304149029357,0.989247311827957,,
fold1,118,ctrl_random[null],1.0,0.2777777777777778,0.989247311827957,,
fold1,119,ctrl_random[null],1.0,0.0,0.989247311827957,,
fold1,120,ctrl_random[null],1.0,0.5810077862169589,0.989247311827957,,
fold1,121,ctrl_random[null],1.0,0.4508193069244629,0.989247311827957,,
fold1,122,ctrl_random[null],1.0,0.30783376729161055,0.989247311827957,,
fold1,123,ctrl_random[null],1.0,0.268402105341266,0.989247311827957,,
fold1,124,ctrl_random[null],1.0,0.7034708773491987,0.946236559139785,,
fold1,125,ctrl_random[null],1.0,0.39813893894019325,0.9032258064516129,,
fold1,126,ctrl_random[null],1.0,0.3333333333333333,0.989247311827957,,
fold1,127,ctrl_random[null],1.0,0.38169725351645134,0.989247311827957,,
fold1,128,ctrl_random[null],1.0,0.28040522904559034,0.989247311827957,,
fold1,129,ctrl_random[null],1.0,0.41087688888063717,0.989247311827957,,
fold1,130,ctrl_random[null],1.0,0.536804210682532,0.989247311827957,,
fold1,131,ctrl_random[null],1.0,0.29221783610527075,0.989247311827957,,
fold1,132,ctrl_random[null],1.0,0.4062458339355986,0.989247311827957,,
fold1,133,ctrl_random[null],1.0,0.20783895147734713,0.989247311827957,,
fold1,134,ctrl_random[null],1.0,0.21241360983980184,0.989247311827957,,
fold1,135,ctrl_random[null],1.0,0.6188539031736884,0.989247311827957,,
fold1,136,ctrl_random[null],1.0,0.3091414502060379,0.989247311827957,,
fold1,137,ctrl_random[null],1.0,0.5868339271850569,0.989247311827957,,
fold1,138,ctrl_random[null],1.0,0.11740046870872188,0.989247311827957,,
fold1,139,ctrl_random[null],1.0,0.4444444444444444,0.989247311827957,,
fold1,140,ctrl_random[null],1.0,0.6325311456631274,0.989247311827957,,
fold1,141,ctrl_random[null],1.0,0.24478055956467962,0.989247311827957,,
fold1,142,ctrl_random[null],1.0,0.7590264329047542,0.989247311827957,,
fold1,143,ctrl_random[null],1.0,0.37667965395094205,0.989247311827957,,
fold1,144,ctrl_random[null],1.0,0.6111111111111112,0.989247311827957,,
fold1,145,ctrl_random[null],1.0,0.3333333333333333,0.989247311827957,,
fold1,146,ctrl_random[null],1.0,0.6648541968328194,0.989247311827957,,
fold1,147,ctrl_random[null],1.0,0.40867242577777174,0.989247311827957,,
fold1,148,ctrl_random[null],1.0,0.3987884643775541,0.989247311827957,,
fold1,149,ctrl_random[null],1.0,0.641932033053275,0.989247311827957,,
fold1,150,ctrl_random[null],1.0,0.43006117369956937,0.989247311827957,,
fold1,151,ctrl_random[null],1.0,0.26338450577575667,0.989247311827957,,
fold1,152,ctrl_random[null],1.0,0.40190505590005926,0.946236559139785,,
fold1,153,ctrl_random[null],1.0,0.32624792200554986,0.946236559139785,,
fold1,154,ctrl_random[null],1.0,0.4494728822490026,0.989247311827957,,
fold1,155,ctrl_random[null],1.0,0.3383977192243145,0.989247311827957,,
fold1,156,ctrl_random[null],1.0,0.49082661127267424,0.946236559139785,,
fold1,157,ctrl_random[null],1.0,0.21241360983980184,0.989247311827957,,
fold1,158,ctrl_random[null],1.0,0.2860387974998353,0.989247311827957,,
fold1,159,ctrl_random[null],1.0,0.5498344764719263,0.989247311827957,,
fold1,160,ctrl_random[null],1.0,0.5177504394873831,0.989247311827957,,
fold1,161,ctrl_random[null],1.0,0.05555555555555555,0.989247311827957,,
fold1,162,ctrl_random[null],1.0,0.43463583206202405,0.989247311827957,,
fold1,163,ctrl_random[null],1.0,0.4976098517023033,0.989247311827957,,
fold1,164,ctrl_random[null],1.0,0.15729099423015488,0.989247311827957,,
fold1,165,ctrl_random[null],1.0,0.6487397721845771,0.989247311827957,,
fold1,166,ctrl_random[null],1.0,0.4959101901844974,0.989247311827957,,
fold1,167,ctrl_random[null],1.0,0.3333333333333333,0.989247311827957,,
fold1,168,ctrl_random[null],1.0,0.4775537551354118,0.989247311827957,,
fold1,169,ctrl_random[null],1.0,0.2026049974573815,0.989247311827957,,
fold1,170,ctrl_random[null],1.0,0.3271251291860406,0.989247311827957,,
fold1,171,ctrl_random[null],1.0,0.4444444444444444,0.989247311827957,,
fold1,172,ctrl_random[null],1.0,0.3987752373695867,0.989247311827957,,
fold1,173,ctrl_random[null],1.0,0.2966200857570462,0.989247311827957,,
fold1,174,ctrl_random[null],1.0,0.08420647591724434,0.946236559139785,,
fold1,175,ctrl_random[null],1.0,0.2222222222222222,0.989247311827957,,
fold1,176,ctrl_random[null],1.0,0.4463479406791614,0.989247311827957,,
fold1,177,ctrl_random[null],1.0,0.536804210682532,0.989247311827957,,
fold1,178,ctrl_random[null],1.0,0.2222222222222222,0.989247311827957,,
fold1,179,ctrl_random[null],1.0,0.20282135191183784,0.989247311827957,,
fold1,180,ctrl_random[null],1.0,0.4065429200401361,0.989247311827957,,
fold1,181,ctrl_random[null],1.0,0.5710281740879536,0.989247311827957,,
fold1,182,ctrl_random[null],1.0,0.0,0.989247311827957,,
fold1,183,ctrl_random[null],1.0,0.35070944810044835,0.989247311827957,,
fold1,184,ctrl_random[null],1.0,0.21241360983980184,0.989247311827957,,
fold1,185,ctrl_random[null],1.0,0.5566349020859326,0.989247311827957,,
fold1,186,ctrl_random[null],1.0,0.34031265632751495,0.946236559139785,,
fold1,187,ctrl_random[null],1.0,0.2733483309339477,0.946236559139785,,
fold1,188,ctrl_random[null],1.0,0.10609351154560183,0.989247311827957,,
fold1,189,ctrl_random[null],1.0,0.22329160657184216,0.989247311827957,,
fold1,190,ctrl_random[null],1.0,0.5224209399376569,0.989247311827957,,
fold1,191,ctrl_random[null],1.0,0.5626315697999318,0.989247311827957,,
fold1,192,ctrl_random[null],1.0,0.31850712138540366,0.989247311827957,,
fold1,193,ctrl_random[null],1.0,0.43463583206202405,0.989247311827957,,
fold1,194,ctrl_random[null],1.0,0.42152228066489994,0.989247311827957,,
fold1,195,ctrl_random[null],1.0,0.5457469431731352,0.989247311827957,,
fold1,196,ctrl_random[null],1.0,0.08040384652446546,0.989247311827957,,
fold1,197,ctrl_random[null],1.0,0.10502919475992921,0.989247311827957,,
fold1,198,ctrl_random[null],1.0,0.4504800178246492,0.989247311827957,,
fold1,199,ctrl_random[null],1.0,0.49899909461435943,0.989247311827957,,
fold2,0,ctrl_random[null],1.0,0.18181818181818182,0.9692307692307692,,
fold2,1,ctrl_random[null],1.0,0.19363277499522152,0.9692307692307692,,
fold2,2,ctrl_random[null],1.0,0.35953105490094694,0.8769230769230769,,
fold2,3,ctrl_random[null],1.0,0.3437087198181961,0.923076923076923,,
fold2,4,ctrl_random[null],1.0,0.47075692170880346,0.923076923076923,,
fold2,5,ctrl_random[null],1.0,0.2539727750894636,0.923076923076923,,
fold2,6,ctrl_random[null],1.0,0.3904026916184786,0.923076923076923,,
fold2,7,ctrl_random[null],1.0,0.4670158870310596,0.9692307692307692,,
fold2,8,ctrl_random[null],1.0,0.20357899362101828,0.9692307692307692,,
fold2,9,ctrl_random[null],1.0,0.2506735947842611,0.9692307692307692,,
fold2,10,ctrl_random[null],1.0,0.3210256700667072,0.9692307692307692,,
fold2,11,ctrl_random[null],1.0,0.44390980687241033,0.9692307692307692,,
fold2,12,ctrl_random[null],1.0,0.26095914211782945,0.9692307692307692,,
fold2,13,ctrl_random[null],1.0,0.30967952019442085,0.923076923076923,,
fold2,14,ctrl_random[null],1.0,0.5258140247970992,0.9692307692307692,,
fold2,15,ctrl_random[null],1.0,0.32494083431804704,0.9692307692307692,,
fold2,16,ctrl_random[null],1.0,0.05468295618555075,0.923076923076923,,
fold2,17,ctrl_random[null],1.0,0.4770256072845911,0.9692307692307692,,
fold2,18,ctrl_random[null],1.0,0.43192455852353073,0.9692307692307692,,
fold2,19,ctrl_random[null],1.0,0.23908732044976697,0.9692307692307692,,
fold2,20,ctrl_random[null],1.0,0.3398303905575863,0.9692307692307692,,
fold2,21,ctrl_random[null],1.0,0.152134293756963,0.9692307692307692,,
fold2,22,ctrl_random[null],1.0,0.4407608511141128,0.9692307692307692,,
fold2,23,ctrl_random[null],1.0,0.5052522341370319,0.923076923076923,,
fold2,24,ctrl_random[null],1.0,0.3012920368369703,0.9692307692307692,,
fold2,25,ctrl_random[null],1.0,0.4084226403607481,0.9692307692307692,,
fold2,26,ctrl_random[null],1.0,0.5582346196766231,0.9692307692307692,,
fold2,27,ctrl_random[null],1.0,0.5183748440037199,0.923076923076923,,
fold2,28,ctrl_random[null],1.0,0.3452712542017006,0.923076923076923,,
fold2,29,ctrl_random[null],1.0,0.24996454484182162,0.9692307692307692,,
fold2,30,ctrl_random[null],1.0,0.12637426232349805,0.9692307692307692,,
fold2,31,ctrl_random[null],1.0,0.579437141649615,0.9692307692307692,,
fold2,32,ctrl_random[null],1.0,0.23908732044976697,0.9692307692307692,,
fold2,33,ctrl_random[null],1.0,0.4459599946707354,0.9692307692307692,,
fold2,34,ctrl_random[null],1.0,0.257385263285708,0.9692307692307692,,
fold2,35,ctrl_random[null],1.0,0.3760130403706782,0.9692307692307692,,
fold2,36,ctrl_random[null],1.0,0.5680091422104424,0.923076923076923,,
fold2,37,ctrl_random[null],1.0,0.382370192483382,0.9692307692307692,,
fold2,38,ctrl_random[null],1.0,0.27651663759142303,0.9692307692307692,,
fold2,39,ctrl_random[null],1.0,0.2998167087471551,0.9692307692307692,,
fold2,40,ctrl_random[null],1.0,0.5051231019955886,0.9692307692307692,,
fold2,41,ctrl_random[null],1.0,0.5968969369300926,0.923076923076923,,
fold2,42,ctrl_random[null],1.0,0.4014581840909673,0.9692307692307692,,
fold2,43,ctrl_random[null],1.0,0.7672271427162186,0.9692307692307692,,
fold2,44,ctrl_random[null],1.0,0.3973145956347101,0.9692307692307692,,
fold2,45,ctrl_random[null],1.0,0.44277732393601127,0.923076923076923,,
fold2,46,ctrl_random[null],1.0,0.17895880020045044,0.9692307692307692,,
fold2,47,ctrl_random[null],1.0,0.23107733360939492,0.8769230769230769,,
fold2,48,ctrl_random[null],1.0,0.34623388650456965,0.9692307692307692,,
fold2,49,ctrl_random[null],1.0,0.39971366027200456,0.9692307692307692,,
fold2,50,ctrl_random[null],1.0,0.31931308434236544,0.9692307692307692,,
fold2,51,ctrl_random[null],1.0,0.18181818181818182,0.9692307692307692,,
fold2,52,ctrl_random[null],1.0,0.21291936507558298,0.9692307692307692,,
fold2,53,ctrl_random[null],1.0,0.5104177781178967,0.9692307692307692,,
fold2,54,ctrl_random[null],1.0,0.40756353931844364,0.9692307692307692,,
fold2,55,ctrl_random[null],1.0,0.35953105490094694,0.9692307692307692,,
fold2,56,ctrl_random[null],1.0,0.4972165652813975,0.8769230769230769,,
fold2,57,ctrl_random[null],1.0,0.2727272727272727,0.9692307692307692,,
fold2,58,ctrl_random[null],1.0,0.4070765344440414,0.9692307692307692,,
fold2,59,ctrl_random[null],1.0,0.4386720152005946,0.9692307692307692,,
fold2,60,ctrl_random[null],1.0,0.4379358920195491,0.9692307692307692,,
fold2,61,ctrl_random[null],1.0,0.2900869490894444,0.9692307692307692,,
fold2,62,ctrl_random[null],1.0,0.257385263285708,0.9692307692307692,,
fold2,63,ctrl_random[null],1.0,0.5789597570802163,0.9692307692307692,,
fold2,64,ctrl_random[null],1.0,0.17854831253806427,0.9692307692307692,,
fold2,65,ctrl_random[null],1.0,0.2773614595772545,0.9692307692307692,,
fold2,66,ctrl_random[null],1.0,0.3704095662211472,0.923076923076923,,
fold2,67,ctrl_random[null],1.0,0.18897427350271673,0.9692307692307692,,
fold2,68,ctrl_random[null],1.0,0.04340189108683712,0.9692307692307692,,
fold2,69,ctrl_random[null],1.0,0.43579095690764547,0.9692307692307692,,
fold2,70,ctrl_random[null],1.0,0.45868904300171187,0.923076923076923,,
fold2,71,ctrl_random[null],1.0,0.46778882649616677,0.9692307692307692,,
fold2,72,ctrl_random[null],1.0,0.45454545454545453,0.9692307692307692,,
fold2,73,ctrl_random[null],1.0,0.30273930083876066,0.923076923076923,,
fold2,74,ctrl_random[null],1.0,0.5260072272775641,0.9692307692307692,,
fold2,75,ctrl_random[null],1.0,0.28871469959450685,0.9692307692307692,,
fold2,76,ctrl_random[null],1.0,0.45454545454545453,0.923076923076923,,
fold2,77,ctrl_random[null],1.0,0.41594299122344014,0.9692307692307692,,
fold2,78,ctrl_random[null],1.0,0.2028611857262268,0.923076923076923,,
fold2,79,ctrl_random[null],1.0,0.32494083431804704,0.9692307692307692,,
fold2,80,ctrl_random[null],1.0,0.2219825169699223,0.9692307692307692,,
fold2,81,ctrl_random[null],1.0,0.045454545454545456,0.9692307692307692,,
fold2,82,ctrl_random[null],1.0,0.08288386259620152,0.9692307692307692,,
fold2,83,ctrl_random[null],1.0,0.564028154767814,0.9692307692307692,,
fold2,84,ctrl_random[null],1.0,0.30709210609301896,0.923076923076923,,
fold2,85,ctrl_random[null],1.0,0.08680378217367422,0.923076923076923,,
fold2,86,ctrl_random[null],1.0,0.30441573098609787,0.9692307692307692,,
fold2,87,ctrl_random[null],1.0,0.35295859264440366,0.9692307692307692,,
fold2,88,ctrl_random[null],1.0,0.3299964113588579,0.9692307692307692,,
fold2,89,ctrl_random[null],1.0,0.3299964113588579,0.9692307692307692,,
fold2,90,ctrl_random[null],1.0,0.34829435419479887,0.9692307692307692,,
fold2,91,ctrl_random[null],1.0,0.26300361363878205,0.9692307692307692,,
fold2,92,ctrl_random[null],1.0,0.05468295618555075,0.9692307692307692,,
fold2,93,ctrl_random[null],1.0,0.3430365683481144,0.9692307692307692,,
fold2,94,ctrl_random[null],1.0,0.1759341165134602,0.9692307692307692,,
fold2,95,ctrl_random[null],1.0,0.6675766739600416,0.9692307692307692,,
fold2,96,ctrl_random[null],1.0,0.35008129361085966,0.9692307692307692,,
fold2,97,ctrl_random[null],1.0,0.33685663768566515,0.9692307692307692,,
fold2,98,ctrl_random[null],1.0,0.4032154136335027,0.9692307692307692,,
fold2,99,ctrl_random[null],1.0,0.3610966437579257,0.9692307692307692,,
fold2,100,ctrl_random[null],1.0,0.30984509866190574,0.9692307692307692,,
fold2,101,ctrl_random[null],1.0,0.3825999085763547,0.9692307692307692,,
fold2,102,ctrl_random[null],1.0,0.4209055022679488,0.923076923076923,,
fold2,103,ctrl_random[null],1.0,0.33311373538911127,0.9692307692307692,,
fold2,104,ctrl_random[null],1.0,0.2531517337449714,0.9692307692307692,,
fold2,105,ctrl_random[null],1.0,0.38682910039989166,0.9692307692307692,,
fold2,106,ctrl_random[null],1.0,0.23115235313047558,0.923076923076923,,
fold2,107,ctrl_random[null],1.0,0.5955962553853907,0.923076923076923,,
fold2,108,ctrl_random[null],1.0,0.05221356159077431,0.9692307692307692,,
fold2,109,ctrl_random[null],1.0,0.35953105490094694,0.9692307692307692,,
fold2,110,ctrl_random[null],1.0,0.5542929691625958,0.9692307692307692,,
fold2,111,ctrl_random[null],1.0,0.3436580760998806,0.9692307692307692,,
fold2,112,ctrl_random[null],1.0,0.6390328648031521,0.8769230769230769,,
fold2,113,ctrl_random[null],1.0,0.29606008857289895,0.9692307692307692,,
fold2,114,ctrl_random[null],1.0,0.18181818181818182,0.923076923076923,,
fold2,115,ctrl_random[null],1.0,0.23957791884349142,0.9692307692307692,,
fold2,116,ctrl_random[null],1.0,0.5414435595627409,0.9692307692307692,,
fold2,117,ctrl_random[null],1.0,0.23286427302545565,0.923076923076923,,
fold2,118,ctrl_random[null],1.0,0.27360222355877994,0.9692307692307692,,
fold2,119,ctrl_random[null],1.0,0.42743531449444655,0.9692307692307692,,
fold2,120,ctrl_random[null],1.0,0.31229775287709655,0.8769230769230769,,
fold2,121,ctrl_random[null],1.0,0.3562209915088954,0.9692307692307692,,
fold2,122,ctrl_random[null],1.0,0.1566940562472899,0.9692307692307692,,
fold2,123,ctrl_random[null],1.0,0.1630636841803727,0.9692307692307692,,
fold2,124,ctrl_random[null],1.0,0.5301125360129807,0.9692307692307692,,
fold2,125,ctrl_random[null],1.0,0.47655682036064495,0.9692307692307692,,
fold2,126,ctrl_random[null],1.0,0.35116172649714217,0.9692307692307692,,
fold2,127,ctrl_random[null],1.0,0.28470170694642644,0.9692307692307692,,
fold2,128,ctrl_random[null],1.0,0.1898006093614489,0.9692307692307692,,
fold2,129,ctrl_random[null],1.0,0.16274183992737845,0.9692307692307692,,
fold2,130,ctrl_random[null],1.0,0.2522717953970592,0.9692307692307692,,
fold2,131,ctrl_random[null],1.0,0.17397854063352655,0.9692307692307692,,
fold2,132,ctrl_random[null],1.0,0.14076477180430116,0.923076923076923,,
fold2,133,ctrl_random[null],1.0,0.1302500376530769,0.9692307692307692,,
fold2,134,ctrl_random[null],1.0,0.3197577404276626,0.9692307692307692,,
fold2,135,ctrl_random[null],1.0,0.4472665679650954,0.9692307692307692,,
fold2,136,ctrl_random[null],1.0,0.2196017225519449,0.9692307692307692,,
fold2,137,ctrl_random[null],1.0,0.2932214109862932,0.9692307692307692,,
fold2,138,ctrl_random[null],1.0,0.14312265249986522,0.9692307692307692,,
fold2,139,ctrl_random[null],1.0,0.36224154236072614,0.9692307692307692,,
fold2,140,ctrl_random[null],1.0,0.3923899928937118,0.9692307692307692,,
fold2,141,ctrl_random[null],1.0,0.47828294336481164,0.9692307692307692,,
fold2,142,ctrl_random[null],1.0,0.2930576926109263,0.9692307692307692,,
fold2,143,ctrl_random[null],1.0,0.3448818659985545,0.9692307692307692,,
fold2,144,ctrl_random[null],1.0,0.501971475389746,0.9692307692307692,,
fold2,145,ctrl_random[null],1.0,0.25640541803771044,0.9692307692307692,,
fold2,146,ctrl_random[null],1.0,0.5589721992353675,0.9692307692307692,,
fold2,147,ctrl_random[null],1.0,0.2915157278631169,0.9692307692307692,,
fold2,148,ctrl_random[null],1.0,0.27464443174638675,0.8769230769230769,,
fold2,149,ctrl_random[null],1.0,0.42386143566232504,0.9692307692307692,,
fold2,150,ctrl_random[null],1.0,0.39971366027200456,0.9692307692307692,,
fold2,151,ctrl_random[null],1.0,0.5092284107310053,0.9692307692307692,,
fold2,152,ctrl_random[null],1.0,0.521503264818429,0.9692307692307692,,
fold2,153,ctrl_random[null],1.0,0.2960157594206682,0.9692307692307692,,
fold2,154,ctrl_random[null],1.0,0.18181818181818182,0.9692307692307692,,
fold2,155,ctrl_random[null],1.0,0.4203254850274576,0.9692307692307692,,
fold2,156,ctrl_random[null],1.0,0.3505384960724692,0.923076923076923,,
fold2,157,ctrl_random[null],1.0,0.28804857813771184,0.9692307692307692,,
fold2,158,ctrl_random[null],1.0,0.1761414345782489,0.8769230769230769,,
fold2,159,ctrl_random[null],1.0,0.3799203013496719,0.9692307692307692,,
fold2,160,ctrl_random[null],1.0,0.24760314715638082,0.9692307692307692,,
fold2,161,ctrl_random[null],1.0,0.30233674706024716,0.9692307692307692,,
fold2,162,ctrl_random[null],1.0,0.2466090806514196,0.9692307692307692,,
fold2,163,ctrl_random[null],1.0,0.29703643875347036,0.9692307692307692,,
fold2,164,ctrl_random[null],1.0,0.1791999491355061,0.9692307692307692,,
fold2,165,ctrl_random[null],1.0,0.5809282867162678,0.923076923076923,,
fold2,166,ctrl_random[null],1.0,0.4525459549680019,0.923076923076923,,
fold2,167,ctrl_random[null],1.0,0.5336864148451022,0.9692307692307692,,
fold2,168,ctrl_random[null],1.0,0.24133714056793168,0.9692307692307692,,
fold2,169,ctrl_random[null],1.0,0.18962016083877684,0.923076923076923,,
fold2,170,ctrl_random[null],1.0,0.18181818181818182,0.9692307692307692,,
fold2,171,ctrl_random[null],1.0,0.09090909090909091,0.9692307692307692,,
fold2,172,ctrl_random[null],1.0,0.2894000924360691,0.9692307692307692,,
fold2,173,ctrl_random[null],1.0,0.13431098199592803,0.923076923076923,,
fold2,174,ctrl_random[null],1.0,0.323563150909005,0.9692307692307692,,
fold2,175,ctrl_random[null],1.0,0.31230632272441183,0.9692307692307692,,
fold2,176,ctrl_random[null],1.0,0.23871146096583742,0.9692307692307692,,
fold2,177,ctrl_random[null],1.0,0.4731275794703295,0.9692307692307692,,
fold2,178,ctrl_random[null],1.0,0.22111476416960227,0.9692307692307692,,
fold2,179,ctrl_random[null],1.0,0.41950868720880585,0.9692307692307692,,
fold2,180,ctrl_random[null],1.0,0.6679973968410302,0.9692307692307692,,
fold2,181,ctrl_random[null],1.0,0.39333627917037844,0.9692307692307692,,
fold2,182,ctrl_random[null],1.0,0.3830654115940279,0.9692307692307692,,
fold2,183,ctrl_random[null],1.0,0.26004715353327595,0.923076923076923,,
fold2,184,ctrl_random[null],1.0,0.10206924248598458,0.9692307692307692,,
fold2,185,ctrl_random[null],1.0,0.3810368267692738,0.9692307692307692,,
fold2,186,ctrl_random[null],1.0,0.1836434009550832,0.9692307692307692,,
fold2,187,ctrl_random[null],1.0,0.5303675483007333,0.9692307692307692,,
fold2,188,ctrl_random[null],1.0,0.2446324036348989,0.9692307692307692,,
fold2,189,ctrl_random[null],1.0,0.17379295350529242,0.9692307692307692,,
fold2,190,ctrl_random[null],1.0,0.09090909090909091,0.923076923076923,,
fold2,191,ctrl_random[null],1.0,0.458630646114853,0.9692307692307692,,
fold2,192,ctrl_random[null],1.0,0.2564101194475988,0.9692307692307692,,
fold2,193,ctrl_random[null],1.0,0.38951748886484855,0.9692307692307692,,
fold2,194,ctrl_random[null],1.0,0.5096169320152254,0.9692307692307692,,
fold2,195,ctrl_random[null],1.0,0.412177816785098,0.923076923076923,,
fold2,196,ctrl_random[null],1.0,0.22727272727272727,0.9692307692307692,,
fold2,197,ctrl_random[null],1.0,0.5353766627739478,0.9692307692307692,,
fold2,198,ctrl_random[null],1.0,0.25789014575013325,0.9692307692307692,,
fold2,199,ctrl_random[null],1.0,0.3448818659985545,0.8769230769230769,,
fold3,0,ctrl_random[null],1.0,0.2857142857142857,0.946236559139785,,
fold3,1,ctrl_random[null],1.0,0.2857142857142857,0.989247311827957,,
fold3,2,ctrl_random[null],1.0,0.42857142857142855,0.989247311827957,,
fold3,3,ctrl_random[null],1.0,0.5947779081280721,0.989247311827957,,
fold3,4,ctrl_random[null],1.0,0.599019080700466,0.989247311827957,,
fold3,5,ctrl_random[null],1.0,0.14285714285714285,0.989247311827957,,
fold3,6,ctrl_random[null],1.0,0.4100786518994463,0.989247311827957,,
fold3,7,ctrl_random[null],1.0,0.22120178426390183,0.989247311827957,,
fold3,8,ctrl_random[null],1.0,0.261605413734684,0.989247311827957,,
fold3,9,ctrl_random[null],1.0,0.2857142857142857,0.989247311827957,,
fold3,10,ctrl_random[null],1.0,0.4811499576403739,0.989247311827957,,
fold3,11,ctrl_random[null],1.0,0.6482995886219837,0.989247311827957,,
fold3,12,ctrl_random[null],1.0,0.0,0.989247311827957,,
fold3,13,ctrl_random[null],1.0,0.5228219936266353,0.989247311827957,,
fold3,14,ctrl_random[null],1.0,0.3539172574221726,0.946236559139785,,
fold3,15,ctrl_random[null],1.0,0.5762226589200429,0.989247311827957,,
fold3,16,ctrl_random[null],1.0,0.4100786518994463,0.946236559139785,,
fold3,17,ctrl_random[null],1.0,0.14285714285714285,0.946236559139785,,
fold3,18,ctrl_random[null],1.0,0.6783631614135023,0.946236559139785,,
fold3,19,ctrl_random[null],1.0,0.36131296877270486,0.989247311827957,,
fold3,20,ctrl_random[null],1.0,0.18481436085487138,0.989247311827957,,
fold3,21,ctrl_random[null],1.0,0.5319478026743127,0.989247311827957,,
fold3,22,ctrl_random[null],1.0,0.14285714285714285,0.989247311827957,,
fold3,23,ctrl_random[null],1.0,0.5534672949924655,0.989247311827957,,
fold3,24,ctrl_random[null],1.0,0.14285714285714285,0.989247311827957,,
fold3,25,ctrl_random[null],1.0,0.25112261189359986,0.989247311827957,,
fold3,26,ctrl_random[null],1.0,0.24156520571198398,0.946236559139785,,
fold3,27,ctrl_random[null],1.0,0.2801712030128892,0.989247311827957,,
fold3,28,ctrl_random[null],1.0,0.2963355967855025,0.989247311827957,,
fold3,29,ctrl_random[null],1.0,0.7027346488680892,0.989247311827957,,
fold3,30,ctrl_random[null],1.0,0.20798017775415834,0.989247311827957,,
fold3,31,ctrl_random[null],1.0,0.06218218309258029,0.9032258064516129,,
fold3,32,ctrl_random[null],1.0,0.34790993570979,0.946236559139785,,
fold3,33,ctrl_random[null],1.0,0.2562429322834428,0.989247311827957,,
fold3,34,ctrl_random[null],1.0,0.3605210087729019,0.989247311827957,,
fold3,35,ctrl_random[null],1.0,0.0,0.946236559139785,,
fold3,36,ctrl_random[null],1.0,0.11606703015192053,0.989247311827957,,
fold3,37,ctrl_random[null],1.0,0.3540698093315328,0.989247311827957,,
fold3,38,ctrl_random[null],1.0,0.302230742809365,0.989247311827957,,
fold3,39,ctrl_random[null],1.0,0.42857142857142855,0.946236559139785,,
fold3,40,ctrl_random[null],1.0,0.3383653325546256,0.989247311827957,,
fold3,41,ctrl_random[null],1.0,0.439338986208263,0.989247311827957,,
fold3,42,ctrl_random[null],1.0,0.0820498824997882,0.989247311827957,,
fold3,43,ctrl_random[null],1.0,0.19295862791004786,0.989247311827957,,
fold3,44,ctrl_random[null],1.0,0.0,0.989247311827957,,
fold3,45,ctrl_random[null],1.0,0.4879455640101992,0.989247311827957,,
fold3,46,ctrl_random[null],1.0,0.48149436456883005,0.989247311827957,,
fold3,47,ctrl_random[null],1.0,0.2857142857142857,0.989247311827957,,
fold3,48,ctrl_random[null],1.0,0.7282851769869758,0.989247311827957,,
fold3,49,ctrl_random[null],1.0,0.23285150356391954,0.989247311827957,,
fold3,50,ctrl_random[null],1.0,0.4577585289208506,0.989247311827957,,
fold3,51,ctrl_random[null],1.0,0.2857142857142857,0.946236559139785,,
fold3,52,ctrl_random[null],1.0,0.2731032126511738,0.989247311827957,,
fold3,53,ctrl_random[null],1.0,0.20505279285264716,0.989247311827957,,
fold3,54,ctrl_random[null],1.0,0.37996485076949243,0.989247311827957,,
fold3,55,ctrl_random[null],1.0,0.5403593746760397,0.989247311827957,,
fold3,56,ctrl_random[null],1.0,0.078344641406759,0.989247311827957,,
fold3,57,ctrl_random[null],1.0,0.09425056505520672,0.989247311827957,,
fold3,58,ctrl_random[null],1.0,0.14285714285714285,0.989247311827957,,
fold3,59,ctrl_random[null],1.0,0.5185657892782053,0.946236559139785,,
fold3,60,ctrl_random[null],1.0,0.2857142857142857,0.989247311827957,,
fold3,61,ctrl_random[null],1.0,0.39910007514058565,0.989247311827957,,
fold3,62,ctrl_random[null],1.0,0.4221202291300595,0.989247311827957,,
fold3,63,ctrl_random[null],1.0,0.2830232720044513,0.946236559139785,,
fold3,64,ctrl_random[null],1.0,0.22120178426390183,0.946236559139785,,
fold3,65,ctrl_random[null],1.0,0.2731032126511738,0.989247311827957,,
fold3,66,ctrl_random[null],1.0,0.20798017775415834,0.989247311827957,,
fold3,67,ctrl_random[null],1.0,0.3450884211530563,0.989247311827957,,
fold3,68,ctrl_random[null],1.0,0.42857142857142855,0.989247311827957,,
fold3,69,ctrl_random[null],1.0,0.3053106796202365,0.989247311827957,,
fold3,70,ctrl_random[null],1.0,0.2857142857142857,0.946236559139785,,
fold3,71,ctrl_random[null],1.0,0.2309534812495416,0.989247311827957,,
fold3,72,ctrl_random[null],1.0,0.17259520646196572,0.946236559139785,,
fold3,73,ctrl_random[null],1.0,0.5145017882915798,0.989247311827957,,
fold3,74,ctrl_random[null],1.0,0.19825982974323367,0.989247311827957,,
fold3,75,ctrl_random[null],1.0,0.0,0.989247311827957,,
fold3,76,ctrl_random[null],1.0,0.056692894713149984,0.946236559139785,,
fold3,77,ctrl_random[null],1.0,0.3757086464210624,0.946236559139785,,
fold3,78,ctrl_random[null],1.0,0.3722977959416188,0.946236559139785,,
fold3,79,ctrl_random[null],1.0,0.14285714285714285,0.946236559139785,,
fold3,80,ctrl_random[null],1.0,0.27789467897705183,0.989247311827957,,
fold3,81,ctrl_random[null],1.0,0.2857142857142857,0.989247311827957,,
fold3,82,ctrl_random[null],1.0,0.25112261189359986,0.989247311827957,,
fold3,83,ctrl_random[null],1.0,0.42532997726529054,0.989247311827957,,
fold3,84,ctrl_random[null],1.0,0.17338850393347247,0.989247311827957,,
fold3,85,ctrl_random[null],1.0,0.23710770791234959,0.989247311827957,,
fold3,86,ctrl_random[null],1.0,0.42857142857142855,0.9032258064516129,,
fold3,87,ctrl_random[null],1.0,0.0,0.989247311827957,,
fold3,88,ctrl_random[null],1.0,0.2277131375523062,0.989247311827957,,
fold3,89,ctrl_random[null],1.0,0.21106011456502977,0.989247311827957,,
fold3,90,ctrl_random[null],1.0,0.09870806285484114,0.989247311827957,,
fold3,91,ctrl_random[null],1.0,0.2857142857142857,0.989247311827957,,
fold3,92,ctrl_random[null],1.0,0.20697353189129813,0.989247311827957,,
fold3,93,ctrl_random[null],1.0,0.4722608349920266,0.989247311827957,,
fold3,94,ctrl_random[null],1.0,0.3624789608642725,0.989247311827957,,
fold3,95,ctrl_random[null],1.0,0.5228219936266353,0.989247311827957,,
fold3,96,ctrl_random[null],1.0,0.4873889269368881,0.989247311827957,,
fold3,97,ctrl_random[null],1.0,0.14285714285714285,0.989247311827957,,
fold3,98,ctrl_random[null],1.0,0.30713214398405303,0.989247311827957,,
fold3,99,ctrl_random[null],1.0,0.23710770791234959,0.989247311827957,,
fold3,100,ctrl_random[null],1.0,0.0,0.989247311827957,,
fold3,101,ctrl_random[null],1.0,0.12757710714665746,0.989247311827957,,
fold3,102,ctrl_random[null],1.0,0.5407545878809682,0.946236559139785,,
fold3,103,ctrl_random[null],1.0,0.2857142857142857,0.989247311827957,,
fold3,104,ctrl_random[null],1.0,0.4936944634684441,0.989247311827957,,
fold3,105,ctrl_random[null],1.0,0.108265469036457,0.989247311827957,,
fold3,106,ctrl_random[null],1.0,0.35083732061130124,0.989247311827957,,
fold3,107,ctrl_random[null],1.0,0.5106213110712168,0.989247311827957,,
fold3,108,ctrl_random[null],1.0,0.14285714285714285,0.989247311827957,,
fold3,109,ctrl_random[null],1.0,0.0,0.946236559139785,,
fold3,110,ctrl_random[null],1.0,0.3035942256359102,0.989247311827957,,
fold3,111,ctrl_random[null],1.0,0.3939797547507427,0.989247311827957,,
fold3,112,ctrl_random[null],1.0,0.22878750257729405,0.989247311827957,,
fold3,113,ctrl_random[null],1.0,0.23285150356391954,0.989247311827957,,
fold3,114,ctrl_random[null],1.0,0.14285714285714285,0.989247311827957,,
fold3,115,ctrl_random[null],1.0,0.39980191987621966,0.989247311827957,,
fold3,116,ctrl_random[null],1.0,0.06512303489701549,0.946236559139785,,
fold3,117,ctrl_random[null],1.0,0.0,0.989247311827957,,
fold3,118,ctrl_random[null],1.0,0.14285714285714285,0.989247311827957,,
fold3,119,ctrl_random[null],1.0,0.3267284486316995,0.989247311827957,,
fold3,120,ctrl_random[null],1.0,0.13024606979403097,0.9032258064516129,,
fold3,121,ctrl_random[null],1.0,0.08593035972015119,0.989247311827957,,
fold3,122,ctrl_random[null],1.0,0.41596035550831667,0.989247311827957,,
fold3,123,ctrl_random[null],1.0,0.09870806285484114,0.989247311827957,,
fold3,124,ctrl_random[null],1.0,0.11606703015192053,0.989247311827957,,
fold3,125,ctrl_random[null],1.0,0.404273976358975,0.989247311827957,,
fold3,126,ctrl_random[null],1.0,0.26722150904230346,0.946236559139785,,
fold3,127,ctrl_random[null],1.0,0.2950336866564998,0.989247311827957,,
fold3,128,ctrl_random[null],1.0,0.2857142857142857,0.989247311827957,,
fold3,129,ctrl_random[null],1.0,0.30713214398405303,0.989247311827957,,
fold3,130,ctrl_random[null],1.0,0.19955003757029283,0.989247311827957,,
fold3,131,ctrl_random[null],1.0,0.22490702535693105,0.946236559139785,,
fold3,132,ctrl_random[null],1.0,0.632475852301242,0.989247311827957,,
fold3,133,ctrl_random[null],1.0,0.2857142857142857,0.989247311827957,,
fold3,134,ctrl_random[null],1.0,0.261605413734684,0.946236559139785,,
fold3,135,ctrl_random[null],1.0,0.11338578942629997,0.989247311827957,,
fold3,136,ctrl_random[null],1.0,0.0,0.989247311827957,,
fold3,137,ctrl_random[null],1.0,0.5319478026743127,0.989247311827957,,
fold3,138,ctrl_random[null],1.0,0.5473196994489696,0.989247311827957,,
fold3,139,ctrl_random[null],1.0,0.30105447527180645,0.9032258064516129,,
fold3,140,ctrl_random[null],1.0,0.55669289471315,0.989247311827957,,
fold3,141,ctrl_random[null],1.0,0.25461043597919153,0.946236559139785,,
fold3,142,ctrl_random[null],1.0,0.40446255659182684,0.989247311827957,,
fold3,143,ctrl_random[null],1.0,0.0820498824997882,0.989247311827957,,
fold3,144,ctrl_random[null],1.0,0.5254966032329437,0.989247311827957,,
fold3,145,ctrl_random[null],1.0,0.46604776239900386,0.989247311827957,,
fold3,146,ctrl_random[null],1.0,0.280296823989028,0.989247311827957,,
fold3,147,ctrl_random[null],1.0,0.17044765212903729,0.989247311827957,,
fold3,148,ctrl_random[null],1.0,0.2120938522811411,0.989247311827957,,
fold3,149,ctrl_random[null],1.0,0.2230724290400017,0.989247311827957,,
fold3,150,ctrl_random[null],1.0,0.31135655185704253,0.989247311827957,,
fold3,151,ctrl_random[null],1.0,0.14285714285714285,0.946236559139785,,
fold3,152,ctrl_random[null],1.0,0.22120178426390183,0.989247311827957,,
fold3,153,ctrl_random[null],1.0,0.6816794437699834,0.989247311827957,,
fold3,154,ctrl_random[null],1.0,0.2562429322834428,0.989247311827957,,
fold3,155,ctrl_random[null],1.0,0.6261983677295194,0.946236559139785,,
fold3,156,ctrl_random[null],1.0,0.5254966032329437,0.989247311827957,,
fold3,157,ctrl_random[null],1.0,0.08999436070677666,0.989247311827957,,
fold3,158,ctrl_random[null],1.0,0.14285714285714285,0.989247311827957,,
fold3,159,ctrl_random[null],1.0,0.2792630862729166,0.989247311827957,,
fold3,160,ctrl_random[null],1.0,0.391585875227464,0.989247311827957,,
fold3,161,ctrl_random[null],1.0,0.14285714285714285,0.946236559139785,,
fold3,162,ctrl_random[null],1.0,0.22878750257729405,0.946236559139785,,
fold3,163,ctrl_random[null],1.0,0.45847421057935617,0.989247311827957,,
fold3,164,ctrl_random[null],1.0,0.20798017775415834,0.989247311827957,,
fold3,165,ctrl_random[null],1.0,0.17646844074434392,0.989247311827957,,
fold3,166,ctrl_random[null],1.0,0.28632481916091734,0.989247311827957,,
fold3,167,ctrl_random[null],1.0,0.4317420480180965,0.989247311827957,,
fold3,168,ctrl_random[null],1.0,0.2857142857142857,0.989247311827957,,
fold3,169,ctrl_random[null],1.0,0.7667976761196178,0.989247311827957,,
fold3,170,ctrl_random[null],1.0,0.14285714285714285,0.989247311827957,,
fold3,171,ctrl_random[null],1.0,0.2617322206628731,0.989247311827957,,
fold3,172,ctrl_random[null],1.0,0.3939797547507427,0.946236559139785,,
fold3,173,ctrl_random[null],1.0,0.3844223485691268,0.989247311827957,,
fold3,174,ctrl_random[null],1.0,0.40446255659182684,0.989247311827957,,
fold3,175,ctrl_random[null],1.0,0.14285714285714285,0.989247311827957,,
fold3,176,ctrl_random[null],1.0,0.42857142857142855,0.989247311827957,,
fold3,177,ctrl_random[null],1.0,0.19173043083305896,0.946236559139785,,
fold3,178,ctrl_random[null],1.0,0.2938006026254995,0.989247311827957,,
fold3,179,ctrl_random[null],1.0,0.10337637410288415,0.989247311827957,,
fold3,180,ctrl_random[null],1.0,0.2792630862729166,0.989247311827957,,
fold3,181,ctrl_random[null],1.0,0.4907536116640089,0.989247311827957,,
fold3,182,ctrl_random[null],1.0,0.2798460490083393,0.989247311827957,,
fold3,183,ctrl_random[null],1.0,0.5080863169112139,0.989247311827957,,
fold3,184,ctrl_random[null],1.0,0.14285714285714285,0.9032258064516129,,
fold3,185,ctrl_random[null],1.0,0.6209996814580399,0.989247311827957,,
fold3,186,ctrl_random[null],1.0,0.2857142857142857,0.989247311827957,,
fold3,187,ctrl_random[null],1.0,0.078344641406759,0.989247311827957,,
fold3,188,ctrl_random[null],1.0,0.3496098910629111,0.989247311827957,,
fold3,189,ctrl_random[null],1.0,0.0,0.989247311827957,,
fold3,190,ctrl_random[null],1.0,0.22120178426390183,0.989247311827957,,
fold3,191,ctrl_random[null],1.0,0.17818309716150035,0.989247311827957,,
fold3,192,ctrl_random[null],1.0,0.42226589203987264,0.989247311827957,,
fold3,193,ctrl_random[null],1.0,0.108265469036457,0.989247311827957,,
fold3,194,ctrl_random[null],1.0,0.34202823210091965,0.989247311827957,,
fold3,195,ctrl_random[null],1.0,0.21106011456502977,0.946236559139785,,
fold3,196,ctrl_random[null],1.0,0.2857142857142857,0.989247311827957,,
fold3,197,ctrl_random[null],1.0,0.3640589271210447,0.989247311827957,,
fold3,198,ctrl_random[null],1.0,0.42857142857142855,0.989247311827957,,
fold3,199,ctrl_random[null],1.0,0.37996485076949243,0.989247311827957,,
fold0,0,base_california,0.25,0.07518906475513229,0.24529844644317253,0.053264318034060995,0.125
fold0,0,base_california,1.0,0.4574692444233059,0.9321340964840557,-0.17740472406148136,0.5
fold0,0,base_iforest,0.25,0.22325993750665052,0.24529844644317253,0.7080891430377962,0.25
fold0,0,base_iforest,1.0,0.36935520048880205,0.9811937857726901,0.6975124180316927,0.375
fold0,0,base_pca,0.25,0.23381882041201552,0.24529844644317253,4.90554547309876,0.25
fold0,0,base_pca,1.0,0.25,0.9811937857726901,3.812239527702335,0.25
fold0,0,base_snd,0.25,0.3906449474314214,0.24529844644317253,2.468667149543763,0.5
fold0,0,base_snd,1.0,0.4731141918547273,0.9321340964840557,2.0825411081314433,0.625
fold0,0,ctrl_random,0.25,0.19679364718731468,0.24529844644317253,3.0241369009017953,0.25
fold0,0,ctrl_random,1.0,0.19679364718731468,0.9811937857726901,2.9277266263961796,0.25
fold0,0,ctrl_untrained,0.25,0.21545432734002362,0.1471790678659035,17.371134757995613,0.25
fold0,0,ctrl_untrained,1.0,0.25,0.9811937857726901,15.151070117950447,0.25
fold0,1,base_california,0.25,0.07518906475513229,0.24529844644317253,0.053264318034060995,0.125
fold0,1,base_california,1.0,0.4574692444233059,0.9321340964840557,-0.17740472406148136,0.5
fold0,1,base_iforest,0.25,0.32682444491210794,0.24529844644317253,0.6949299275875092,0.375
fold0,1,base_iforest,1.0,0.4535511058189154,0.9811937857726901,0.6832807958126068,0.5
fold0,1,base_pca,0.25,0.23381882041201552,0.24529844644317253,4.90554547309876,0.25
fold0,1,base_pca,1.0,0.25,0.9811937857726901,3.812239527702335,0.25
fold0,1,base_snd,0.25,0.3906449474314214,0.24529844644317253,2.468667149543763,0.5
fold0,1,base_snd,1.0,0.4731141918547273,0.9321340964840557,2.0825411081314433,0.625
fold0,1,ctrl_random,0.25,0.3251890647551323,0.24529844644317253,3.1118448972702035,0.375
fold0,1,ctrl_random,1.0,0.4501890647551323,0.9811937857726901,2.955013871192934,0.5
fold0,1,ctrl_untrained,0.25,0.21545432734002362,0.1471790678659035,17.626269340515144,0.25
fold0,1,ctrl_untrained,1.0,0.25,0.9811937857726901,15.362606525421148,0.25
fold0,2,base_california,0.25,0.07518906475513229,0.24529844644317253,0.053264318034060995,0.125
fold0,2,base_california,1.0,0.4574692444233059,0.9321340964840557,-0.17740472406148136,0.5
fold0,2,base_iforest,0.25,0.21272355742986399,0.24529844644317253,0.707435816526413,0.25
fold0,2,base_iforest,1.0,0.3195442652439343,0.9811937857726901,0.6911972463130952,0.375
fold0,2,base_pca,0.25,0.23381882041201552,0.24529844644317253,4.90554547309876,0.25
fold0,2,base_pca,1.0,0.25,0.9811937857726901,3.812239527702335,0.25
fold0,2,base_snd,0.25,0.3906449474314214,0.24529844644317253,2.468667149543763,0.5
fold0,2,base_snd,1.0,0.4731141918547273,0.9321340964840557,2.0825411081314433,0.625
fold0,2,ctrl_random,0.25,0.05440941020600776,0.24529844644317253,3.1825424432754543,0.125
fold0,2,ctrl_random,1.0,0.22571697920373407,0.8830744071954211,2.9016114473342918,0.375
fold0,2,ctrl_untrained,0.25,0.21545432734002362,0.19623875715453803,17.53614521026612,0.25
fold0,2,ctrl_untrained,1.0,0.25,0.9811937857726901,15.228934764862064,0.25
fold0,3,base_california,0.25,0.07518906475513229,0.24529844644317253,0.053264318034060995,0.125
fold0,3,base_california,1.0,0.4574692444233059,0.9321340964840557,-0.17740472406148136,0.5
fold0,3,base_iforest,0.25,0.10390473701784847,0.19623875715453803,0.7217094004154208,0.125
fold0,3,base_iforest,1.0,0.36935520048880205,0.9811937857726901,0.6991414725780487,0.375
fold0,3,base_pca,0.25,0.23381882041201552,0.24529844644317253,4.90554547309876,0.25
fold0,3,base_pca,1.0,0.25,0.9811937857726901,3.812239527702335,0.25
fold0,3,base_snd,0.25,0.3906449474314214,0.24529844644317253,2.468667149543763,0.5
fold0,3,base_snd,1.0,0.4731141918547273,0.9321340964840557,2.0825411081314433,0.625
fold0,3,ctrl_random,0.25,0.2838901659924135,0.24529844644317253,3.021976828575136,0.375
fold0,3,ctrl_random,1.0,0.33829957619842127,0.9811937857726901,2.923773646354676,0.5
fold0,3,ctrl_untrained,0.25,0.21545432734002362,0.1471790678659035,17.450507164001465,0.25
fold0,3,ctrl_untrained,1.0,0.25,0.9811937857726901,15.198519229888925,0.25
fold0,4,base_california,0.25,0.07518906475513229,0.24529844644317253,0.053264318034060995,0.125
fold0,4,base_california,1.0,0.4574692444233059,0.9321340964840557,-0.17740472406148136,0.5
fold0,4,base_iforest,0.25,0.43264980263627806,0.24529844644317253,0.7031686604022982,0.5
fold0,4,base_iforest,1.0,0.49435520048880205,0.9811937857726901,0.6914267241954803,0.5
fold0,4,base_pca,0.25,0.23381882041201552,0.24529844644317253,4.90554547309876,0.25
fold0,4,base_pca,1.0,0.25,0.9811937857726901,3.812239527702335,0.25
fold0,4,base_snd,0.25,0.3906449474314214,0.24529844644317253,2.468667149543763,0.5
fold0,4,base_snd,1.0,0.4731141918547273,0.9321340964840557,2.0825411081314433,0.625
fold0,4,ctrl_random,0.25,0.29864291131417814,0.24529844644317253,3.0385850667953496,0.375
fold0,4,ctrl_random,1.0,0.42364291131417814,0.9811937857726901,2.934139847755433,0.5
fold0,4,ctrl_untrained,0.25,0.21545432734002362,0.1471790678659035,17.553954124450698,0.25
fold0,4,ctrl_untrained,1.0,0.25,0.9811937857726901,15.278048038482673,0.25
fold1,0,base_california,0.25,0.0,0.17204301075268819,0.3513686507940381,0.0
fold1,0,base_california,1.0,0.10130249872869075,0.989247311827957,-0.0036297839833362216,0.1111111111111111
fold1,0,base_iforest,0.25,0.1111111111111111,0.17204301075268819,0.7394529879093172,0.1111111111111111
fold1,0,base_iforest,1.0,0.17794583533789537,0.989247311827957,0.7213290631771089,0.2222222222222222
fold1,0,base_pca,0.25,0.0,0.17204301075268819,6.463346242904664,0.0
fold1,0,base_pca,1.0,0.05304675577280092,0.989247311827957,5.158422708511353,0.1111111111111111
fold1,0,base_snd,0.25,0.2222222222222222,0.21505376344086022,2.969415307045069,0.2222222222222222
fold1,0,base_snd,1.0,0.4444444444444444,0.946236559139785,2.1884633302689283,0.4444444444444444
fold1,0,ctrl_random,0.25,0.16176236047545647,0.21505376344086022,3.0553175210952785,0.2222222222222222
fold1,0,ctrl_random,1.0,0.34462880979704585,0.989247311827957,2.9188951253891,0.4444444444444444
fold1,0,ctrl_untrained,0.25,0.0,0.21505376344086022,20.790623664855968,0.0
fold1,0,ctrl_untrained,1.0,0.0,0.989247311827957,18.804486274719245,0.0
fold1,1,base_california,0.25,0.0,0.17204301075268819,0.3513686507940381,0.0
fold1,1,base_california,1.0,0.10130249872869075,0.989247311827957,-0.0036297839833362216,0.1111111111111111
fold1,1,base_iforest,0.25,0.1111111111111111,0.21505376344086022,0.7248829305171967,0.1111111111111111
fold1,1,base_iforest,1.0,0.1111111111111111,0.989247311827957,0.7096985876560213,0.1111111111111111
fold1,1,base_pca,0.25,0.0,0.17204301075268819,6.463346242904664,0.0
fold1,1,base_pca,1.0,0.05304675577280092,0.989247311827957,5.158422708511353,0.1111111111111111
fold1,1,base_snd,0.25,0.2222222222222222,0.21505376344086022,2.969415307045069,0.2222222222222222
fold1,1,base_snd,1.0,0.4444444444444444,0.946236559139785,2.1884633302689283,0.4444444444444444
fold1,1,ctrl_random,0.25,0.0,0.21505376344086022,3.1710463762283347,0.0
fold1,1,ctrl_random,1.0,0.2222222222222222,0.989247311827957,2.974189162254334,0.2222222222222222
fold1,1,ctrl_untrained,0.25,0.0,0.21505376344086022,21.040375709533706,0.0
fold1,1,ctrl_untrained,1.0,0.0,0.989247311827957,19.032349586486827,0.0
fold1,2,base_california,0.25,0.0,0.17204301075268819,0.3513686507940381,0.0
fold1,2,base_california,1.0,0.10130249872869075,0.989247311827957,-0.0036297839833362216,0.1111111111111111
fold1,2,base_iforest,0.25,0.1111111111111111,0.17204301075268819,0.7328161895275116,0.1111111111111111
fold1,2,base_iforest,1.0,0.17794583533789537,0.989247311827957,0.7132643759250643,0.2222222222222222
fold1,2,base_pca,0.25,0.0,0.17204301075268819,6.463346242904664,0.0
fold1,2,base_pca,1.0,0.05304675577280092,0.989247311827957,5.158422708511353,0.1111111111111111
fold1,2,base_snd,0.25,0.2222222222222222,0.21505376344086022,2.969415307045069,0.2222222222222222
fold1,2,base_snd,1.0,0.4444444444444444,0.946236559139785,2.1884633302689283,0.4444444444444444
fold1,2,ctrl_random,0.25,0.16666666666666666,0.21505376344086022,3.1088348627090485,0.2222222222222222
fold1,2,ctrl_random,1.0,0.27058614240534024,0.989247311827957,2.9049712419509905,0.3333333333333333
fold1,2,ctrl_untrained,0.25,0.0,0.21505376344086022,20.896473884582537,0.0
fold1,2,ctrl_untrained,1.0,0.0,0.989247311827957,18.844265937805194,0.0
fold1,3,base_california,0.25,0.0,0.17204301075268819,0.3513686507940381,0.0
fold1,3,base_california,1.0,0.10130249872869075,0.989247311827957,-0.0036297839833362216,0.1111111111111111
fold1,3,base_iforest,0.25,0.1111111111111111,0.21505376344086022,0.7339026033878328,0.1111111111111111
fold1,3,base_iforest,1.0,0.17794583533789537,0.989247311827957,0.7154840528964999,0.2222222222222222
fold1,3,base_pca,0.25,0.0,0.17204301075268819,6.463346242904664,0.0
fold1,3,base_pca,1.0,0.05304675577280092,0.989247311827957,5.158422708511353,0.1111111111111111
fold1,3,base_snd,0.25,0.2222222222222222,0.21505376344086022,2.969415307045069,0.2222222222222222
fold1,3,base_snd,1.0,0.4444444444444444,0.946236559139785,2.1884633302689283,0.4444444444444444
fold1,3,ctrl_random,0.25,0.2222222222222222,0.21505376344086022,3.027421355247498,0.2222222222222222
fold1,3,ctrl_random,1.0,0.5026274512678126,0.946236559139785,2.927173733711244,0.5555555555555556
fold1,3,ctrl_untrained,0.25,0.0,0.21505376344086022,20.988902091979984,0.0
fold1,3,ctrl_untrained,1.0,0.0,0.989247311827957,18.87132167816162,0.0
fold1,4,base_california,0.25,0.0,0.17204301075268819,0.3513686507940381,0.0
fold1,4,base_california,1.0,0.10130249872869075,0.989247311827957,-0.0036297839833362216,0.1111111111111111
fold1,4,base_iforest,0.25,0.1111111111111111,0.21505376344086022,0.7331769764423373,0.1111111111111111
fold1,4,base_iforest,1.0,0.2890569464490065,0.989247311827957,0.7169004976749422,0.3333333333333333
fold1,4,base_pca,0.25,0.0,0.17204301075268819,6.463346242904664,0.0
fold1,4,base_pca,1.0,0.05304675577280092,0.989247311827957,5.158422708511353,0.1111111111111111
fold1,4,base_snd,0.25,0.2222222222222222,0.21505376344086022,2.969415307045069,0.2222222222222222
fold1,4,base_snd,1.0,0.4444444444444444,0.946236559139785,2.1884633302689283,0.4444444444444444
fold1,4,ctrl_random,0.25,0.0,0.21505376344086022,3.0791519880294818,0.0
fold1,4,ctrl_random,1.0,0.39151634015670145,0.989247311827957,2.918623089790346,0.4444444444444444
fold1,4,ctrl_untrained,0.25,0.0,0.21505376344086022,20.94850254058839,0.0
fold1,4,ctrl_untrained,1.0,0.0,0.989247311827957,19.01383495330811,0.0
fold2,0,base_california,0.25,0.0,0.13846153846153844,1.0471062064170984,0.0
fold2,0,base_california,1.0,0.0,0.9692307692307692,0.168239690363415,0.0
fold2,0,base_iforest,0.25,0.26095914211782945,0.23076923076923075,0.7188623845577241,0.2727272727272727
fold2,0,base_iforest,1.0,0.3692929937102783,0.923076923076923,0.7125523984432223,0.45454545454545453
fold2,0,base_pca,0.25,0.09090909090909091,0.23076923076923075,7.26469159126282,0.09090909090909091
fold2,0,base_pca,1.0,0.2232601131162826,0.9692307692307692,4.765279054641729,0.2727272727272727
fold2,0,base_snd,0.25,0.18181818181818182,0.23076923076923075,2.5640274286270643,0.18181818181818182
fold2,0,base_snd,1.0,0.3518682330269204,0.9692307692307692,2.205846190452619,0.36363636363636365
fold2,0,ctrl_random,0.25,0.0,0.23076923076923075,3.1169849634170554,0.0
fold2,0,ctrl_random,1.0,0.18181818181818182,0.9692307692307692,2.9419494867324847,0.18181818181818182
fold2,0,ctrl_untrained,0.25,0.09090909090909091,0.23076923076923075,19.890866279602065,0.09090909090909091
fold2,0,ctrl_untrained,1.0,0.09090909090909091,0.9692307692307692,18.05521106719971,0.09090909090909091
fold2,1,base_california,0.25,0.0,0.13846153846153844,1.0471062064170984,0.0
fold2,1,base_california,1.0,0.0,0.9692307692307692,0.168239690363415,0.0
fold2,1,base_iforest,0.25,0.18181818181818182,0.1846153846153846,0.7115955054759979,0.18181818181818182
fold2,1,base_iforest,1.0,0.23908732044976697,0.9692307692307692,0.7034246623516083,0.2727272727272727
fold2,1,base_pca,0.25,0.09090909090909091,0.23076923076923075,7.26469159126282,0.09090909090909091
fold2,1,base_pca,1.0,0.2232601131162826,0.9692307692307692,4.765279054641729,0.2727272727272727
fold2,1,base_snd,0.25,0.18181818181818182,0.23076923076923075,2.5640274286270643,0.18181818181818182
fold2,1,base_snd,1.0,0.3518682330269204,0.9692307692307692,2.205846190452619,0.36363636363636365
fold2,1,ctrl_random,0.25,0.13636363636363635,0.23076923076923075,3.1434050798416155,0.18181818181818182
fold2,1,ctrl_random,1.0,0.19363277499522152,0.9692307692307692,2.996767163276674,0.2727272727272727
fold2,1,ctrl_untrained,0.25,0.09090909090909091,0.23076923076923075,20.154379844665534,0.09090909090909091
fold2,1,ctrl_untrained,1.0,0.09090909090909091,0.9692307692307692,18.336155891418464,0.09090909090909091
fold2,2,base_california,0.25,0.0,0.13846153846153844,1.0471062064170984,0.0
fold2,2,base_california,1.0,0.0,0.9692307692307692,0.168239690363415,0.0
fold2,2,base_iforest,0.25,0.18181818181818182,0.23076923076923075,0.71335044503212,0.18181818181818182
fold2,2,base_iforest,1.0,0.2446324036348989,0.9692307692307692,0.7036229670047762,0.2727272727272727
fold2,2,base_pca,0.25,0.09090909090909091,0.23076923076923075,7.26469159126282,0.09090909090909091
fold2,2,base_pca,1.0,0.2232601131162826,0.9692307692307692,4.765279054641729,0.2727272727272727
fold2,2,base_snd,0.25,0.18181818181818182,0.23076923076923075,2.5640274286270643,0.18181818181818182
fold2,2,base_snd,1.0,0.3518682330269204,0.9692307692307692,2.205846190452619,0.36363636363636365
fold2,2,ctrl_random,0.25,0.14817822954067605,0.23076923076923075,3.0468770265579237,0.18181818181818182
fold2,2,ctrl_random,1.0,0.35953105490094694,0.8769230769230769,2.9016114473342918,0.36363636363636365
fold2,2,ctrl_untrained,0.25,0.09090909090909091,0.23076923076923075,20.05106449127199,0.09090909090909091
fold2,2,ctrl_untrained,1.0,0.09090909090909091,0.9692307692307692,18.25347995758058,0.09090909090909091
fold2,3,base_california,0.25,0.0,0.13846153846153844,1.0471062064170984,0.0
fold2,3,base_california,1.0,0.0,0.9692307692307692,0.168239690363415,0.0
fold2,3,base_iforest,0.25,0.18181818181818182,0.1846153846153846,0.7169605195522308,0.18181818181818182
fold2,3,base_iforest,1.0,0.23908732044976697,0.8769230769230769,0.7092529237270355,0.2727272727272727
fold2,3,base_pca,0.25,0.09090909090909091,0.23076923076923075,7.26469159126282,0.09090909090909091
fold2,3,base_pca,1.0,0.2232601131162826,0.9692307692307692,4.765279054641729,0.2727272727272727
fold2,3,base_snd,0.25,0.18181818181818182,0.23076923076923075,2.5640274286270643,0.18181818181818182
fold2,3,base_snd,1.0,0.3518682330269204,0.9692307692307692,2.205846190452619,0.36363636363636365
fold2,3,ctrl_random,0.25,0.0360772966356409,0.23076923076923075,3.0381389856338528,0.09090909090909091
fold2,3,ctrl_random,1.0,0.3437087198181961,0.923076923076923,2.927173733711244,0.45454545454545453
fold2,3,ctrl_untrained,0.25,0.09090909090909091,0.23076923076923075,20.02011013031007,0.09090909090909091
fold2,3,ctrl_untrained,1.0,0.09090909090909091,0.9692307692307692,18.14685153961182,0.09090909090909091
fold2,4,base_california,0.25,0.0,0.13846153846153844,1.0471062064170984,0.0
fold2,4,base_california,1.0,0.0,0.9692307692307692,0.168239690363415,0.0
fold2,4,base_iforest,0.25,0.26470204441438333,0.1846153846153846,0.7165188491344452,0.2727272727272727
fold2,4,base_iforest,1.0,0.26470204441438333,0.9692307692307692,0.7084115445613861,0.2727272727272727
fold2,4,base_pca,0.25,0.09090909090909091,0.23076923076923075,7.26469159126282,0.09090909090909091
fold2,4,base_pca,1.0,0.2232601131162826,0.9692307692307692,4.765279054641729,0.2727272727272727
fold2,4,base_snd,0.25,0.18181818181818182,0.23076923076923075,2.5640274286270643,0.18181818181818182
fold2,4,base_snd,1.0,0.3518682330269204,0.9692307692307692,2.205846190452619,0.36363636363636365
fold2,4,ctrl_random,0.25,0.09090909090909091,0.23076923076923075,3.0549598932266253,0.09090909090909091
fold2,4,ctrl_random,1.0,0.47075692170880346,0.923076923076923,2.900867104530337,0.6363636363636364
fold2,4,ctrl_untrained,0.25,0.09090909090909091,0.23076923076923075,20.021134376525886,0.09090909090909091
fold2,4,ctrl_untrained,1.0,0.09090909090909091,0.9692307692307692,18.208481788635257,0.09090909090909091
fold3,0,base_california,0.25,0.0,0.17204301075268819,0.3218780308961875,0.0
fold3,0,base_california,1.0,0.3267284486316995,0.9032258064516129,-0.07765760645270266,0.42857142857142855
fold3,0,base_iforest,0.25,0.13024606979403097,0.17204301075268819,0.7395763099193573,0.14285714285714285
fold3,0,base_iforest,1.0,0.19536910469104646,0.989247311827957,0.7262153327465057,0.2857142857142857
fold3,0,base_pca,0.25,0.0,0.21505376344086022,24.746764183044455,0.0
fold3,0,base_pca,1.0,0.059374135438770556,0.946236559139785,23.90079212188723,0.14285714285714285
fold3,0,base_snd,0.25,0.14285714285714285,0.21505376344086022,2.900692105293654,0.14285714285714285
fold3,0,base_snd,1.0,0.37548697807876047,0.946236559139785,2.423999428749723,0.42857142857142855
fold3,0,ctrl_random,0.25,0.2857142857142857,0.21505376344086022,3.0553175210952785,0.2857142857142857
fold3,0,ctrl_random,1.0,0.2857142857142857,0.946236559139785,2.9419494867324847,0.2857142857142857
fold3,0,ctrl_untrained,0.25,0.06218218309258029,0.21505376344086022,23.07583522796631,0.14285714285714285
fold3,0,ctrl_untrained,1.0,0.0682029717078869,0.989247311827957,20.577626228332534,0.14285714285714285
fold3,1,base_california,0.25,0.0,0.17204301075268819,0.3218780308961875,0.0
fold3,1,base_california,1.0,0.3267284486316995,0.9032258064516129,-0.07765760645270266,0.42857142857142855
fold3,1,base_iforest,0.25,0.13024606979403097,0.17204301075268819,0.7247918546199799,0.14285714285714285
fold3,1,base_iforest,1.0,0.13024606979403097,0.9032258064516129,0.7145464122295382,0.14285714285714285
fold3,1,base_pca,0.25,0.0,0.21505376344086022,24.746764183044455,0.0
fold3,1,base_pca,1.0,0.059374135438770556,0.946236559139785,23.90079212188723,0.14285714285714285
fold3,1,base_snd,0.25,0.14285714285714285,0.21505376344086022,2.900692105293654,0.14285714285714285
fold3,1,base_snd,1.0,0.37548697807876047,0.946236559139785,2.423999428749723,0.42857142857142855
fold3,1,ctrl_random,0.25,0.0,0.21505376344086022,3.1710463762283347,0.0
fold3,1,ctrl_random,1.0,0.2857142857142857,0.989247311827957,2.974189162254334,0.2857142857142857
fold3,1,ctrl_untrained,0.25,0.06218218309258029,0.21505376344086022,23.400986671447768,0.14285714285714285
fold3,1,ctrl_untrained,1.0,0.06512303489701549,0.989247311827957,20.98208904266359,0.14285714285714285
fold3,2,base_california,0.25,0.0,0.17204301075268819,0.3218780308961875,0.0
fold3,2,base_california,1.0,0.3267284486316995,0.9032258064516129,-0.07765760645270266,0.42857142857142855
fold3,2,base_iforest,0.25,0.13024606979403097,0.21505376344086022,0.7268729507923128,0.14285714285714285
fold3,2,base_iforest,1.0,0.13024606979403097,0.9032258064516129,0.7231063544750214,0.14285714285714285
fold3,2,base_pca,0.25,0.0,0.21505376344086022,24.746764183044455,0.0
fold3,2,base_pca,1.0,0.059374135438770556,0.946236559139785,23.90079212188723,0.14285714285714285
fold3,2,base_snd,0.25,0.14285714285714285,0.21505376344086022,2.900692105293654,0.14285714285714285
fold3,2,base_snd,1.0,0.37548697807876047,0.946236559139785,2.423999428749723,0.42857142857142855
fold3,2,ctrl_random,0.25,0.2857142857142857,0.21505376344086022,3.1088348627090485,0.2857142857142857
fold3,2,ctrl_random,1.0,0.42857142857142855,0.989247311827957,2.904089808464051,0.42857142857142855
fold3,2,ctrl_untrained,0.25,0.06218218309258029,0.21505376344086022,23.24367237091066,0.14285714285714285
fold3,2,ctrl_untrained,1.0,0.0682029717078869,0.989247311827957,20.766640663146983,0.14285714285714285
fold3,3,base_california,0.25,0.0,0.17204301075268819,0.3218780308961875,0.0
fold3,3,base_california,1.0,0.3267284486316995,0.9032258064516129,-0.07765760645270266,0.42857142857142855
fold3,3,base_iforest,0.25,0.13024606979403097,0.21505376344086022,0.7325905263423922,0.14285714285714285
fold3,3,base_iforest,1.0,0.13024606979403097,0.9032258064516129,0.7213090360164643,0.14285714285714285
fold3,3,base_pca,0.25,0.0,0.21505376344086022,24.746764183044455,0.0
fold3,3,base_pca,1.0,0.059374135438770556,0.946236559139785,23.90079212188723,0.14285714285714285
fold3,3,base_snd,0.25,0.14285714285714285,0.21505376344086022,2.900692105293654,0.14285714285714285
fold3,3,base_snd,1.0,0.37548697807876047,0.946236559139785,2.423999428749723,0.42857142857142855
fold3,3,ctrl_random,0.25,0.11874827087754111,0.21505376344086022,3.064874529838562,0.14285714285714285
fold3,3,ctrl_random,1.0,0.5947779081280721,0.989247311827957,2.923773646354676,0.7142857142857143
fold3,3,ctrl_untrained,0.25,0.06218218309258029,0.21505376344086022,23.16704463958741,0.14285714285714285
fold3,3,ctrl_untrained,1.0,0.06512303489701549,0.989247311827957,20.7552194595337,0.14285714285714285
fold3,4,base_california,0.25,0.0,0.17204301075268819,0.3218780308961875,0.0
fold3,4,base_california,1.0,0.3267284486316995,0.9032258064516129,-0.07765760645270266,0.42857142857142855
fold3,4,base_iforest,0.25,0.108265469036457,0.21505376344086022,0.7410740554332733,0.14285714285714285
fold3,4,base_iforest,1.0,0.13024606979403097,0.9032258064516129,0.7304924428462982,0.14285714285714285
fold3,4,base_pca,0.25,0.0,0.21505376344086022,24.746764183044455,0.0
fold3,4,base_pca,1.0,0.059374135438770556,0.946236559139785,23.90079212188723,0.14285714285714285
fold3,4,base_snd,0.25,0.14285714285714285,0.21505376344086022,2.900692105293654,0.14285714285714285
fold3,4,base_snd,1.0,0.37548697807876047,0.946236559139785,2.423999428749723,0.42857142857142855
fold3,4,ctrl_random,0.25,0.20503932594972316,0.21505376344086022,3.059367775917055,0.2857142857142857
fold3,4,ctrl_random,1.0,0.599019080700466,0.989247311827957,2.9236646890640277,0.7142857142857143
fold3,4,ctrl_untrained,0.25,0.06218218309258029,0.21505376344086022,23.210831642150897,0.14285714285714285
fold3,4,ctrl_untrained,1.0,0.0682029717078869,0.989247311827957,20.735497474670417,0.14285714285714285
