dataset,seed,threshold,padf,event_recall,alarms_per_hour,alarm_windows_per_hour,episodes_per_hour,padf_ORACLE_0.25ph,alarms_per_hour_ORACLE_0.25ph,padf_ORACLE_1ph,alarms_per_hour_ORACLE_1ph,padf_runs,threshold_runs,in_run
fold0,0,3.1312254667282122,0.19679364718731468,0.25,0.04905968928863451,0.04905968928863451,0.04905968928863451,0.19679364718731468,0.24529844644317253,0.19679364718731468,0.9811937857726901,0.1967936471873146,3.131225466728212,True
fold0,1,3.016839861869813,0.3251890647551323,0.375,0.7849550286181521,0.7849550286181521,0.6377759607522486,0.3251890647551323,0.24529844644317253,0.4501890647551323,0.9811937857726901,0.3251890647551323,3.016839861869813,True
fold0,2,3.142265200614929,0.05440941020600776,0.125,0.294358135731807,0.294358135731807,0.19623875715453803,0.05440941020600776,0.24529844644317253,0.22571697920373407,0.8830744071954211,0.0544094102060077,3.142265200614929,True
fold0,3,3.136123061180115,0.18467760024440105,0.25,0.09811937857726902,0.09811937857726902,0.09811937857726902,0.2838901659924135,0.24529844644317253,0.33829957619842127,0.9811937857726901,0.184677600244401,3.136123061180115,True
fold0,4,3.132897257804871,0.18467760024440105,0.25,0.0,0.0,0.0,0.29864291131417814,0.24529844644317253,0.42364291131417814,0.9811937857726901,0.184677600244401,3.132897257804871,True
fold0,5,2.97842562198639,0.559677600244401,0.625,0.34341782502044155,0.34341782502044155,0.294358135731807,0.5,0.24529844644317253,0.559677600244401,0.9811937857726901,,,False
fold0,6,3.152530074119568,0.14335221053287456,0.25,0.294358135731807,0.294358135731807,0.1471790678659035,0.14335221053287456,0.19623875715453803,0.2903031670934677,0.9811937857726901,,,False
fold0,7,3.1171101331710815,0.3588188204120155,0.375,0.24529844644317253,0.24529844644317253,0.1471790678659035,0.3588188204120155,0.24529844644317253,0.5971853207249929,0.9811937857726901,,,False
fold0,8,3.17817771434784,0.04960628287400624,0.125,0.1471790678659035,0.1471790678659035,0.04905968928863451,0.04960628287400624,0.24529844644317253,0.10155865138293046,0.9811937857726901,,,False
fold0,9,3.1294788122177133,0.25,0.25,0.44153720359771054,0.44153720359771054,0.34341782502044155,0.25,0.24529844644317253,0.5092936471873146,0.9811937857726901,,,False
fold0,10,3.0584715604782122,0.24453275718328668,0.375,0.34341782502044155,0.34341782502044155,0.34341782502044155,0.24453275718328668,0.24529844644317253,0.24453275718328668,0.9811937857726901,,,False
fold0,11,3.0569061040878296,0.22421256574801246,0.25,0.39247751430907607,0.39247751430907607,0.39247751430907607,0.22421256574801246,0.24529844644317253,0.2896684484243016,0.9811937857726901,,,False
fold0,12,3.3314951658248906,0.0,0.0,0.0,0.0,0.0,0.09473228540689987,0.24529844644317253,0.33369759647667696,0.9811937857726901,,,False
fold0,13,3.076860785484314,0.1729235717633295,0.25,0.294358135731807,0.294358135731807,0.24529844644317253,0.1729235717633295,0.24529844644317253,0.1729235717633295,0.9811937857726901,,,False
fold0,14,3.058599829673767,0.0,0.0,0.39247751430907607,0.39247751430907607,0.34341782502044155,0.0,0.24529844644317253,0.125,0.8830744071954211,,,False
fold0,15,3.016784787178042,0.18198265553488854,0.25,0.24529844644317253,0.24529844644317253,0.19623875715453803,0.18198265553488854,0.24529844644317253,0.39335221053287456,0.9321340964840557,,,False
fold0,16,3.0978847742080697,0.0,0.0,0.294358135731807,0.294358135731807,0.19623875715453803,0.0,0.24529844644317253,0.21545432734002362,0.9811937857726901,,,False
fold0,17,3.1185640096664446,0.125,0.125,0.294358135731807,0.294358135731807,0.24529844644317253,0.0,0.24529844644317253,0.2037450656184296,0.9811937857726901,,,False
fold0,18,3.041209816932681,0.3922803275883971,0.5,0.34341782502044155,0.34341782502044155,0.294358135731807,0.24713769284760753,0.24529844644317253,0.5924693923435294,0.9321340964840557,,,False
fold0,19,3.154832482337954,0.05440941020600776,0.125,0.1471790678659035,0.1471790678659035,0.1471790678659035,0.10636177871493199,0.19623875715453803,0.10881882041201552,0.9811937857726901,,,False
fold0,20,3.070983767509461,0.16511462061641557,0.25,0.294358135731807,0.294358135731807,0.24529844644317253,0.16511462061641557,0.24529844644317253,0.2901146206164156,0.9811937857726901,,,False
fold0,21,3.1602503061294573,0.10390473701784847,0.125,0.1471790678659035,0.1471790678659035,0.09811937857726902,0.10881882041201552,0.24529844644317253,0.5404945081699993,0.9811937857726901,,,False
fold0,22,3.097904562950136,0.0,0.0,0.04905968928863451,0.04905968928863451,0.04905968928863451,0.05698265553488855,0.24529844644317253,0.39743698287491214,0.9321340964840557,,,False
fold0,23,3.1427999734878562,0.10390473701784847,0.125,0.09811937857726902,0.09811937857726902,0.09811937857726902,0.17245629824876257,0.19623875715453803,0.35390473701784847,0.9811937857726901,,,False
fold0,24,3.0656398534774785,0.43185520048880205,0.5,0.34341782502044155,0.34341782502044155,0.34341782502044155,0.43185520048880205,0.24529844644317253,0.6245655771770087,0.9811937857726901,,,False
fold0,25,3.2571469545364398,0.0,0.0,0.09811937857726902,0.09811937857726902,0.09811937857726902,0.0,0.24529844644317253,0.31545588267628916,0.9811937857726901,,,False
fold0,26,2.977429747581483,0.1139653110697771,0.125,0.7358953393295176,0.7358953393295176,0.588716271463614,0.10881882041201552,0.24529844644317253,0.3639653110697771,0.9811937857726901,,,False
fold0,27,3.032770276069643,0.05440941020600776,0.125,0.6377759607522486,0.6377759607522486,0.588716271463614,0.05440941020600776,0.24529844644317253,0.3948637375460314,0.9811937857726901,,,False
fold0,28,3.210116505622865,0.125,0.125,0.04905968928863451,0.04905968928863451,0.04905968928863451,0.18467760024440105,0.24529844644317253,0.559677600244401,0.9811937857726901,,,False
fold0,29,3.184556841850281,0.0,0.0,0.04905968928863451,0.04905968928863451,0.04905968928863451,0.23381882041201552,0.19623875715453803,0.6875638860304452,0.9811937857726901,,,False
fold0,30,3.0684217214584364,0.2822322854068999,0.375,0.49059689288634506,0.49059689288634506,0.39247751430907607,0.125,0.1471790678659035,0.4072322854068999,0.9811937857726901,,,False
fold0,31,2.9623297452926654,0.125,0.125,0.6868356500408831,0.6868356500408831,0.5396565821749796,0.0,0.19623875715453803,0.125,0.8830744071954211,,,False
fold0,32,3.1308804750442514,0.051952368508924235,0.125,0.19623875715453803,0.19623875715453803,0.1471790678659035,0.051952368508924235,0.24529844644317253,0.5463075689977264,0.9811937857726901,,,False
fold0,33,3.168916344642642,0.0,0.0,0.04905968928863451,0.04905968928863451,0.04905968928863451,0.0,0.24529844644317253,0.24435520048880205,0.9811937857726901,,,False
fold0,34,3.0916653871536273,0.09045432734002364,0.125,0.34341782502044155,0.34341782502044155,0.34341782502044155,0.0,0.24529844644317253,0.23381882041201552,0.9321340964840557,,,False
fold0,35,3.043832182884217,0.5030464326307561,0.625,0.1471790678659035,0.1471790678659035,0.09811937857726902,0.5030464326307561,0.24529844644317253,0.5056196779596369,0.9811937857726901,,,False
fold0,36,3.105114817619325,0.18467760024440105,0.25,0.09811937857726902,0.09811937857726902,0.09811937857726902,0.3040328007332031,0.19623875715453803,0.3723110831650912,0.9811937857726901,,,False
fold0,37,3.078951478004456,0.07518906475513229,0.125,0.24529844644317253,0.24529844644317253,0.24529844644317253,0.07518906475513229,0.24529844644317253,0.5,0.9811937857726901,,,False
fold0,38,3.1151403188705453,0.09473228540689987,0.125,0.09811937857726902,0.09811937857726902,0.09811937857726902,0.09473228540689987,0.24529844644317253,0.5449213501620321,0.9811937857726901,,,False
fold0,39,3.162967562675477,0.05967760024440104,0.125,0.04905968928863451,0.04905968928863451,0.04905968928863451,0.24448868340949226,0.24529844644317253,0.24731108316509123,0.9811937857726901,,,False
fold0,40,3.055706143379213,0.125,0.125,0.39247751430907607,0.39247751430907607,0.39247751430907607,0.0,0.24529844644317253,0.3101866127469235,0.9811937857726901,,,False
fold0,41,3.118021607398989,0.0,0.0,0.09811937857726902,0.09811937857726902,0.09811937857726902,0.0,0.24529844644317253,0.18198265553488854,0.9811937857726901,,,False
fold0,42,3.083747267723085,0.22421256574801246,0.25,0.1471790678659035,0.1471790678659035,0.04905968928863451,0.22421256574801246,0.24529844644317253,0.4244016305031448,0.9811937857726901,,,False
fold0,43,3.0680443048477195,0.17909380177298076,0.25,0.24529844644317253,0.24529844644317253,0.24529844644317253,0.17909380177298076,0.24529844644317253,0.30409380177298073,0.9811937857726901,,,False
fold0,44,3.2045634984970097,0.21973228540689987,0.25,0.09811937857726902,0.09811937857726902,0.09811937857726902,0.21973228540689987,0.24529844644317253,0.4640874858957019,0.9321340964840557,,,False
fold0,45,3.225026965141299,0.0,0.0,0.24529844644317253,0.24529844644317253,0.24529844644317253,0.0,0.24529844644317253,0.22421256574801246,0.9811937857726901,,,False
fold0,46,3.070412278175356,0.18558212074599847,0.25,0.1471790678659035,0.1471790678659035,0.1471790678659035,0.18558212074599847,0.19623875715453803,0.18558212074599847,0.9811937857726901,,,False
fold0,47,3.0902615785598773,0.0,0.0,0.24529844644317253,0.24529844644317253,0.24529844644317253,0.0,0.24529844644317253,0.375,0.9811937857726901,,,False
fold0,48,3.2300375699996957,0.0,0.0,0.09811937857726902,0.09811937857726902,0.09811937857726902,0.0,0.24529844644317253,0.3253348660677631,0.9811937857726901,,,False
fold0,49,3.040426850318909,0.05698265553488855,0.125,0.49059689288634506,0.49059689288634506,0.34341782502044155,0.0,0.24529844644317253,0.4214350240438128,0.9811937857726901,,,False
fold0,50,3.1004482507705706,0.0,0.0,0.294358135731807,0.294358135731807,0.19623875715453803,0.0,0.24529844644317253,0.2695481291130044,0.9811937857726901,,,False
fold0,51,3.1083909273147596,0.0,0.0,0.24529844644317253,0.24529844644317253,0.19623875715453803,0.0,0.24529844644317253,0.30698265553488857,0.9811937857726901,,,False
fold0,52,3.2544254064559937,0.0,0.0,0.04905968928863451,0.04905968928863451,0.04905968928863451,0.1615586197531183,0.24529844644317253,0.3435412752880068,0.9811937857726901,,,False
fold0,53,3.078580975532532,0.25,0.25,0.294358135731807,0.294358135731807,0.24529844644317253,0.25,0.24529844644317253,0.7424082511852135,0.9811937857726901,,,False
fold0,54,3.0830215215682997,0.086369554997986,0.125,0.19623875715453803,0.19623875715453803,0.19623875715453803,0.2037450656184296,0.24529844644317253,0.5056974341273538,0.9811937857726901,,,False
fold0,55,3.1171716451644897,0.18467760024440105,0.25,0.34341782502044155,0.34341782502044155,0.24529844644317253,0.05967760024440104,0.24529844644317253,0.23662996875332526,0.9811937857726901,,,False
fold0,56,3.065972447395325,0.125,0.125,0.19623875715453803,0.19623875715453803,0.19623875715453803,0.125,0.19623875715453803,0.34921256574801246,0.9811937857726901,,,False
fold0,57,3.165606141090395,0.0,0.0,0.1471790678659035,0.1471790678659035,0.1471790678659035,0.30698265553488857,0.24529844644317253,0.4889653110697771,0.9811937857726901,,,False
fold0,58,3.0646356344223022,0.06855156123091412,0.125,0.24529844644317253,0.24529844644317253,0.24529844644317253,0.06855156123091412,0.24529844644317253,0.2941993929584532,0.9811937857726901,,,False
fold0,59,3.092526316642762,0.125,0.125,0.19623875715453803,0.19623875715453803,0.19623875715453803,0.125,0.24529844644317253,0.25,0.9811937857726901,,,False
fold0,60,3.0487223863601702,0.0625,0.125,0.39247751430907607,0.39247751430907607,0.34341782502044155,0.0625,0.24529844644317253,0.17131882041201552,0.9811937857726901,,,False
fold0,61,3.063830018043519,0.18467760024440105,0.25,0.34341782502044155,0.34341782502044155,0.294358135731807,0.18467760024440105,0.24529844644317253,0.30967760024440105,0.9811937857726901,,,False
fold0,62,2.9933303594589233,0.5409176795787014,0.625,0.5396565821749796,0.5396565821749796,0.39247751430907607,0.41591767957870135,0.24529844644317253,0.633934555493083,0.9811937857726901,,,False
fold0,63,3.0234652757644676,0.0,0.0,0.24529844644317253,0.24529844644317253,0.24529844644317253,0.0,0.24529844644317253,0.4864620956116163,0.9811937857726901,,,False
fold0,64,3.0448585748672503,0.23465527563474237,0.375,0.8830744071954211,0.8830744071954211,0.49059689288634506,0.14420094829471874,0.24529844644317253,0.23465527563474237,0.9811937857726901,,,False
fold0,65,3.102726101875307,0.125,0.125,0.19623875715453803,0.19623875715453803,0.19623875715453803,0.125,0.24529844644317253,0.36935520048880205,0.9811937857726901,,,False
fold0,66,3.1335784196853664,0.0,0.0,0.0,0.0,0.0,0.04960628287400624,0.24529844644317253,0.22655865138293046,0.9321340964840557,,,False
fold0,67,3.019504189491274,0.3603759844495642,0.5,0.6377759607522486,0.6377759607522486,0.44153720359771054,0.05967760024440104,0.24529844644317253,0.4853759844495642,0.9811937857726901,,,False
fold0,68,3.0747021436691284,0.0,0.0,0.09811937857726902,0.09811937857726902,0.04905968928863451,0.125,0.24529844644317253,0.40053871280574427,0.9811937857726901,,,False
fold0,69,3.0835472345352186,0.125,0.125,0.19623875715453803,0.19623875715453803,0.1471790678659035,0.4838188204120155,0.24529844644317253,0.7338188204120155,0.9811937857726901,,,False
fold0,70,3.098586916923524,0.17940941020600776,0.25,0.24529844644317253,0.24529844644317253,0.19623875715453803,0.17940941020600776,0.24529844644317253,0.17940941020600776,0.9811937857726901,,,False
fold0,71,3.2111099958419818,0.1139653110697771,0.125,0.09811937857726902,0.09811937857726902,0.09811937857726902,0.1139653110697771,0.24529844644317253,0.41838650481584333,0.9811937857726901,,,False
fold0,72,3.0991848707199114,0.09045432734002364,0.125,0.09811937857726902,0.09811937857726902,0.09811937857726902,0.09045432734002364,0.24529844644317253,0.2562558032869277,0.9811937857726901,,,False
fold0,73,3.137166142463685,0.125,0.125,0.294358135731807,0.294358135731807,0.19623875715453803,0.125,0.24529844644317253,0.211369554997986,0.9811937857726901,,,False
fold0,74,3.1821855306625384,0.21973228540689987,0.25,0.04905968928863451,0.04905968928863451,0.04905968928863451,0.21973228540689987,0.24529844644317253,0.41652593259421455,0.9811937857726901,,,False
fold0,75,3.2575117349624643,0.0625,0.125,0.04905968928863451,0.04905968928863451,0.04905968928863451,0.44045588267628916,0.24529844644317253,0.5029558826762892,0.9321340964840557,,,False
fold0,76,3.0539432764053354,0.22421256574801246,0.25,0.44153720359771054,0.44153720359771054,0.34341782502044155,0.125,0.24529844644317253,0.4484251314960249,0.9811937857726901,,,False
fold0,77,3.1585866212844875,0.0,0.0,0.09811937857726902,0.09811937857726902,0.09811937857726902,0.0,0.1471790678659035,0.125,0.9811937857726901,,,False
fold0,78,3.213516354560855,0.0,0.0,0.09811937857726902,0.09811937857726902,0.09811937857726902,0.0,0.24529844644317253,0.321434555493083,0.9811937857726901,,,False
fold0,79,3.130372166633607,0.0,0.0,0.04905968928863451,0.04905968928863451,0.04905968928863451,0.23381882041201552,0.24529844644317253,0.4838188204120155,0.9321340964840557,,,False
fold0,80,3.183116078376771,0.0,0.0,0.04905968928863451,0.04905968928863451,0.04905968928863451,0.0,0.24529844644317253,0.05967760024440104,0.9811937857726901,,,False
fold0,81,2.9547919034957895,0.523765086140103,0.625,0.8830744071954211,0.8830744071954211,0.6868356500408831,0.2794098856513009,0.24529844644317253,0.523765086140103,0.9811937857726901,,,False
fold0,82,3.162011981010438,0.19045588267628916,0.25,0.09811937857726902,0.09811937857726902,0.09811937857726902,0.25295588267628916,0.19623875715453803,0.5238695549979859,0.9811937857726901,,,False
fold0,83,3.1089414358139043,0.25,0.25,0.04905968928863451,0.04905968928863451,0.04905968928863451,0.25,0.24529844644317253,0.375,0.9811937857726901,,,False
fold0,84,3.2179955244064335,0.0,0.0,0.09811937857726902,0.09811937857726902,0.04905968928863451,0.06545588267628917,0.24529844644317253,0.2501334829206902,0.9321340964840557,,,False
fold0,85,3.1091362237930307,0.1139653110697771,0.125,0.09811937857726902,0.09811937857726902,0.09811937857726902,0.2389653110697771,0.24529844644317253,0.36935520048880205,0.9811937857726901,,,False
fold0,86,3.2617455720901516,0.0,0.0,0.04905968928863451,0.04905968928863451,0.04905968928863451,0.125,0.24529844644317253,0.35390473701784847,0.8830744071954211,,,False
fold0,87,3.1716762781143206,0.0,0.0,0.09811937857726902,0.09811937857726902,0.09811937857726902,0.0,0.19623875715453803,0.25,0.9811937857726901,,,False
fold0,88,3.045465350151064,0.06855156123091412,0.125,0.294358135731807,0.294358135731807,0.294358135731807,0.06855156123091412,0.24529844644317253,0.1935515612309141,0.9811937857726901,,,False
fold0,89,3.2274736166000375,0.0,0.0,0.0,0.0,0.0,0.18467760024440105,0.24529844644317253,0.5329375377510516,0.9811937857726901,,,False
fold0,90,3.229145646095277,0.0,0.0,0.0,0.0,0.0,0.22890473701784847,0.19623875715453803,0.35390473701784847,0.9321340964840557,,,False
fold0,91,3.0741344690322885,0.09473228540689987,0.125,0.44153720359771054,0.44153720359771054,0.294358135731807,0.09045432734002364,0.24529844644317253,0.4181574169029248,0.9811937857726901,,,False
fold0,92,3.029875397682192,0.125,0.125,0.39247751430907607,0.39247751430907607,0.34341782502044155,0.125,0.24529844644317253,0.5646668930880361,0.9321340964840557,,,False
fold0,93,3.0186520814895648,0.1951883754100015,0.25,0.5396565821749796,0.5396565821749796,0.49059689288634506,0.086369554997986,0.24529844644317253,0.3588188204120155,0.9321340964840557,,,False
fold0,94,3.054100155830384,0.0,0.0,0.24529844644317253,0.24529844644317253,0.19623875715453803,0.0,0.24529844644317253,0.25,0.9811937857726901,,,False
fold0,95,3.254779458045961,0.1139653110697771,0.125,0.0,0.0,0.0,0.1139653110697771,0.24529844644317253,0.20441963840980074,0.9321340964840557,,,False
fold0,96,3.1692975759506226,0.0,0.0,0.1471790678659035,0.1471790678659035,0.1471790678659035,0.1875,0.19623875715453803,0.47037699890518925,0.9811937857726901,,,False
fold0,97,3.0950628519058236,0.2389653110697771,0.25,0.34341782502044155,0.34341782502044155,0.24529844644317253,0.2389653110697771,0.19623875715453803,0.2389653110697771,0.9811937857726901,,,False
fold0,98,3.184569954872133,0.0,0.0,0.04905968928863451,0.04905968928863451,0.04905968928863451,0.0,0.24529844644317253,0.09921256574801247,0.9811937857726901,,,False
fold0,99,3.0504668951034546,0.10390473701784847,0.125,0.19623875715453803,0.19623875715453803,0.19623875715453803,0.10390473701784847,0.24529844644317253,0.19863702242474834,0.9811937857726901,,,False
fold0,100,3.0889722108840956,0.125,0.125,0.09811937857726902,0.09811937857726902,0.09811937857726902,0.125,0.24529844644317253,0.6665259325942146,0.9811937857726901,,,False
fold0,101,2.9750703573226946,0.5540938017729807,0.625,0.7849550286181521,0.7849550286181521,0.588716271463614,0.0,0.24529844644317253,0.5540938017729807,0.9811937857726901,,,False
fold0,102,3.137042641639712,0.0,0.0,0.19623875715453803,0.19623875715453803,0.19623875715453803,0.0,0.24529844644317253,0.25,0.9321340964840557,,,False
fold0,103,3.046535849571228,0.30967760024440105,0.375,0.39247751430907607,0.39247751430907607,0.34341782502044155,0.05967760024440104,0.24529844644317253,0.39214684466770694,0.9811937857726901,,,False
fold0,104,3.037105917930605,0.0,0.0,0.34341782502044155,0.34341782502044155,0.34341782502044155,0.0,0.24529844644317253,0.23381882041201552,0.9321340964840557,,,False
fold0,105,3.1429148912429827,0.0,0.0,0.04905968928863451,0.04905968928863451,0.04905968928863451,0.25,0.24529844644317253,0.47421256574801246,0.9811937857726901,,,False
fold0,106,3.307752490043641,0.0,0.0,0.04905968928863451,0.04905968928863451,0.04905968928863451,0.07518906475513229,0.24529844644317253,0.2753781295102646,0.9321340964840557,,,False
fold0,107,3.0645829439163235,0.24159380177298076,0.375,0.24529844644317253,0.24529844644317253,0.24529844644317253,0.24159380177298076,0.24529844644317253,0.4658063675209932,0.9811937857726901,,,False
fold0,108,2.9877985715866107,0.35107159394378334,0.5,0.24529844644317253,0.24529844644317253,0.19623875715453803,0.35341767957870135,0.24529844644317253,0.692082613835638,0.9811937857726901,,,False
fold0,109,3.156230568885804,0.125,0.125,0.0,0.0,0.0,0.125,0.24529844644317253,0.4839523033327057,0.9811937857726901,,,False
fold0,110,3.0569766759872437,0.32363702242474834,0.375,0.5396565821749796,0.5396565821749796,0.44153720359771054,0.19863702242474834,0.24529844644317253,0.32363702242474834,0.9321340964840557,,,False
fold0,111,3.0862745046615614,0.11935520048880206,0.125,0.34341782502044155,0.34341782502044155,0.294358135731807,0.11935520048880206,0.24529844644317253,0.18790676171971618,0.9811937857726901,,,False
fold0,112,3.2007886171340956,0.0,0.0,0.0,0.0,0.0,0.25,0.24529844644317253,0.3324692444233059,0.9811937857726901,,,False
fold0,113,3.106175303459168,0.0,0.0,0.19623875715453803,0.19623875715453803,0.1471790678659035,0.0,0.19623875715453803,0.3125,0.9811937857726901,,,False
fold0,114,3.045875191688538,0.24435520048880205,0.25,0.5396565821749796,0.5396565821749796,0.39247751430907607,0.11935520048880206,0.24529844644317253,0.24435520048880205,0.9811937857726901,,,False
fold0,115,3.112418055534363,0.0,0.0,0.39247751430907607,0.39247751430907607,0.19623875715453803,0.0,0.24529844644317253,0.0,0.9811937857726901,,,False
fold0,116,3.3291684389114398,0.0,0.0,0.0,0.0,0.0,0.22890473701784847,0.19623875715453803,0.49159380177298073,0.9811937857726901,,,False
fold0,117,3.12898647785187,0.04960628287400624,0.125,0.04905968928863451,0.04905968928863451,0.04905968928863451,0.04960628287400624,0.24529844644317253,0.3850999583007495,0.9811937857726901,,,False
fold0,118,3.0453222990036015,0.5,0.5,0.294358135731807,0.294358135731807,0.19623875715453803,0.5,0.24529844644317253,0.5,0.9321340964840557,,,False
fold0,119,3.0797501802444462,0.1875,0.25,0.294358135731807,0.294358135731807,0.294358135731807,0.1875,0.24529844644317253,0.41640473701784847,0.9321340964840557,,,False
fold0,120,3.370904803276062,0.0,0.0,0.0,0.0,0.0,0.0,0.24529844644317253,0.12050392973983835,0.9321340964840557,,,False
fold0,121,3.121952891349793,0.0,0.0,0.09811937857726902,0.09811937857726902,0.09811937857726902,0.0,0.24529844644317253,0.375,0.9811937857726901,,,False
fold0,122,3.083671689033509,0.2389653110697771,0.25,0.24529844644317253,0.24529844644317253,0.24529844644317253,0.2389653110697771,0.24529844644317253,0.2389653110697771,0.9811937857726901,,,False
fold0,123,3.041555047035218,0.11935520048880206,0.125,0.39247751430907607,0.39247751430907607,0.39247751430907607,0.11935520048880206,0.24529844644317253,0.35317402090081756,0.9811937857726901,,,False
fold0,124,3.1451624631881723,0.16121431004173548,0.25,0.09811937857726902,0.09811937857726902,0.09811937857726902,0.2862143100417355,0.24529844644317253,0.2862143100417355,0.9811937857726901,,,False
fold0,125,3.0296460390090956,0.125,0.125,0.6377759607522486,0.6377759607522486,0.49059689288634506,0.125,0.24529844644317253,0.125,0.9321340964840557,,,False
fold0,126,3.1302798986434937,0.0625,0.125,0.1471790678659035,0.1471790678659035,0.1471790678659035,0.1412450656184296,0.19623875715453803,0.36114291131417814,0.9321340964840557,,,False
fold0,127,3.026962161064148,0.3948224165965498,0.5,0.588716271463614,0.588716271463614,0.49059689288634506,0.125,0.24529844644317253,0.3948224165965498,0.9811937857726901,,,False
fold0,128,3.0337163209915174,0.0,0.0,0.6868356500408831,0.6868356500408831,0.588716271463614,0.0,0.24529844644317253,0.0,0.9811937857726901,,,False
fold0,129,3.172245144844057,0.125,0.125,0.0,0.0,0.0,0.23381882041201552,0.24529844644317253,0.333031386160028,0.9811937857726901,,,False
fold0,130,3.1247516870498666,0.0,0.0,0.09811937857726902,0.09811937857726902,0.09811937857726902,0.0,0.19623875715453803,0.40251990451703235,0.9811937857726901,,,False
fold0,131,2.962585330009462,0.6007071264174124,0.75,0.7849550286181521,0.7849550286181521,0.6377759607522486,0.09921256574801247,0.24529844644317253,0.6053992976872484,0.9811937857726901,,,False
fold0,132,3.11475169658661,0.125,0.125,0.19623875715453803,0.19623875715453803,0.19623875715453803,0.125,0.24529844644317253,0.125,0.9321340964840557,,,False
fold0,133,2.9987300634384155,0.31545588267628916,0.375,0.1471790678659035,0.1471790678659035,0.1471790678659035,0.4435515612309141,0.24529844644317253,0.5,0.9811937857726901,,,False
fold0,134,3.2582002878189114,0.0,0.0,0.04905968928863451,0.04905968928863451,0.04905968928863451,0.10390473701784847,0.24529844644317253,0.3507282306180233,0.8830744071954211,,,False
fold0,135,3.10664451122284,0.0,0.0,0.1471790678659035,0.1471790678659035,0.09811937857726902,0.125,0.24529844644317253,0.34052396245270755,0.9811937857726901,,,False
fold0,136,3.0894662141799936,0.06855156123091412,0.125,0.04905968928863451,0.04905968928863451,0.04905968928863451,0.06855156123091412,0.24529844644317253,0.4535404132475681,0.9811937857726901,,,False
fold0,137,3.1197553873062156,0.375,0.375,0.24529844644317253,0.24529844644317253,0.24529844644317253,0.375,0.24529844644317253,0.8447322854068999,0.9811937857726901,,,False
fold0,138,3.0651415586471558,0.0,0.0,0.19623875715453803,0.19623875715453803,0.1471790678659035,0.0,0.24529844644317253,0.0625,0.9811937857726901,,,False
fold0,139,3.032795071601869,0.22890473701784847,0.25,0.39247751430907607,0.39247751430907607,0.294358135731807,0.125,0.24529844644317253,0.7048488759155453,0.9811937857726901,,,False
fold0,140,3.162364602088929,0.18481108316509123,0.25,0.09811937857726902,0.09811937857726902,0.04905968928863451,0.18481108316509123,0.24529844644317253,0.18481108316509123,0.9321340964840557,,,False
fold0,141,3.2984906435012826,0.0,0.0,0.04905968928863451,0.04905968928863451,0.04905968928863451,0.0,0.19623875715453803,0.1875,0.9811937857726901,,,False
fold0,142,3.067743420600893,0.3390874858957019,0.375,0.39247751430907607,0.39247751430907607,0.34341782502044155,0.125,0.24529844644317253,0.3390874858957019,0.9811937857726901,,,False
fold0,143,3.1248036623001116,0.2556196779596369,0.375,0.04905968928863451,0.04905968928863451,0.04905968928863451,0.31260233349452543,0.24529844644317253,0.4429922229135504,0.9811937857726901,,,False
fold0,144,3.230810046195984,0.0,0.0,0.04905968928863451,0.04905968928863451,0.04905968928863451,0.0,0.24529844644317253,0.22890473701784847,0.9811937857726901,,,False
fold0,145,3.0441337823867816,0.125,0.125,0.6377759607522486,0.6377759607522486,0.49059689288634506,0.0,0.24529844644317253,0.125,0.9811937857726901,,,False
fold0,146,3.119171738624574,0.125,0.125,0.04905968928863451,0.04905968928863451,0.04905968928863451,0.125,0.24529844644317253,0.2941993929584532,0.9321340964840557,,,False
fold0,147,3.194245219230652,0.125,0.125,0.04905968928863451,0.04905968928863451,0.04905968928863451,0.17460628287400623,0.24529844644317253,0.6139653110697771,0.9811937857726901,,,False
fold0,148,3.1285909414291386,0.0,0.0,0.09811937857726902,0.09811937857726902,0.09811937857726902,0.0,0.24529844644317253,0.09921256574801247,0.9811937857726901,,,False
fold0,149,3.083068251609804,0.125,0.125,0.39247751430907607,0.39247751430907607,0.294358135731807,0.125,0.24529844644317253,0.4654543273400236,0.9811937857726901,,,False
fold0,150,3.036624789237977,0.29960628287400626,0.375,0.39247751430907607,0.39247751430907607,0.34341782502044155,0.29960628287400626,0.24529844644317253,0.5496062828740063,0.9321340964840557,,,False
fold0,151,3.184718489646912,0.08246924442330589,0.125,0.0,0.0,0.0,0.2074692444233059,0.24529844644317253,0.43185520048880205,0.9811937857726901,,,False
fold0,152,3.041683077812196,0.3810515612309141,0.5,0.44153720359771054,0.44153720359771054,0.34341782502044155,0.3185515612309141,0.19623875715453803,0.5514653110697771,0.9811937857726901,,,False
fold0,153,2.99080264568329,0.0,0.0,0.8340147179067866,0.8340147179067866,0.6868356500408831,0.0,0.24529844644317253,0.0,0.9811937857726901,,,False
fold0,154,3.248334527015687,0.0,0.0,0.04905968928863451,0.04905968928863451,0.04905968928863451,0.0,0.24529844644317253,0.125,0.9811937857726901,,,False
fold0,155,3.104007840156556,0.3253348660677631,0.375,0.39247751430907607,0.39247751430907607,0.39247751430907607,0.0,0.24529844644317253,0.41578919340778675,0.9811937857726901,,,False
fold0,156,3.11054861545563,0.0,0.0,0.34341782502044155,0.34341782502044155,0.294358135731807,0.0,0.24529844644317253,0.3447322854068999,0.9811937857726901,,,False
fold0,157,3.0934234857559213,0.18946457081379975,0.25,0.1471790678659035,0.1471790678659035,0.1471790678659035,0.18946457081379975,0.24529844644317253,0.43946457081379975,0.9811937857726901,,,False
fold0,158,3.0971869230270386,0.0,0.0,0.24529844644317253,0.24529844644317253,0.24529844644317253,0.09473228540689987,0.24529844644317253,0.09473228540689987,0.9321340964840557,,,False
fold0,159,3.1358283758163457,0.0,0.0,0.1471790678659035,0.1471790678659035,0.1471790678659035,0.10390473701784847,0.24529844644317253,0.35390473701784847,0.9811937857726901,,,False
fold0,160,3.10393822193146,0.1891543758249094,0.25,0.49059689288634506,0.49059689288634506,0.49059689288634506,0.1139653110697771,0.24529844644317253,0.4025236020607351,0.9811937857726901,,,False
fold0,161,3.2342141866683973,0.0,0.0,0.0,0.0,0.0,0.25,0.24529844644317253,0.4229235717633295,0.9811937857726901,,,False
fold0,162,3.2000976800918597,0.0,0.0,0.19623875715453803,0.19623875715453803,0.1471790678659035,0.10390473701784847,0.24529844644317253,0.17131882041201552,0.9321340964840557,,,False
fold0,163,3.1312655210494995,0.211369554997986,0.25,0.39247751430907607,0.39247751430907607,0.39247751430907607,0.125,0.24529844644317253,0.27104715524238704,0.9811937857726901,,,False
fold0,164,3.0480047464370745,0.2545984749611401,0.375,0.294358135731807,0.294358135731807,0.24529844644317253,0.2545984749611401,0.24529844644317253,0.3906449474314215,0.9321340964840557,,,False
fold0,165,3.1227136850357073,0.125,0.125,0.04905968928863451,0.04905968928863451,0.04905968928863451,0.375,0.19623875715453803,0.5654558826762892,0.9811937857726901,,,False
fold0,166,3.0988904237747215,0.0,0.0,0.19623875715453803,0.19623875715453803,0.19623875715453803,0.0,0.24529844644317253,0.4654543273400236,0.9811937857726901,,,False
fold0,167,2.953961730003358,0.314951491292235,0.5,1.2264922322158627,1.2264922322158627,0.9811937857726901,0.1935515612309141,0.24529844644317253,0.314951491292235,0.9811937857726901,,,False
fold0,168,3.175499081611634,0.0,0.0,0.04905968928863451,0.04905968928863451,0.04905968928863451,0.0,0.24529844644317253,0.0,0.9811937857726901,,,False
fold0,169,3.0705331563949594,0.211369554997986,0.25,0.39247751430907607,0.39247751430907607,0.294358135731807,0.211369554997986,0.24529844644317253,0.211369554997986,0.8830744071954211,,,False
fold0,170,3.0301920175552377,0.125,0.125,0.294358135731807,0.294358135731807,0.24529844644317253,0.125,0.19623875715453803,0.36935520048880205,0.9811937857726901,,,False
fold0,171,3.1062175035476702,0.25,0.25,0.294358135731807,0.294358135731807,0.24529844644317253,0.25,0.24529844644317253,0.375,0.9811937857726901,,,False
fold0,172,3.088277935981752,0.05967760024440104,0.125,0.588716271463614,0.588716271463614,0.44153720359771054,0.0,0.24529844644317253,0.13486666499953331,0.9811937857726901,,,False
fold0,173,3.0490680932998675,0.125,0.125,0.44153720359771054,0.44153720359771054,0.34341782502044155,0.125,0.24529844644317253,0.30967760024440105,0.9321340964840557,,,False
fold0,174,3.037484765052798,0.0,0.0,0.588716271463614,0.588716271463614,0.49059689288634506,0.0,0.24529844644317253,0.125,0.9321340964840557,,,False
fold0,175,3.0359874963760385,0.34921256574801246,0.375,0.588716271463614,0.588716271463614,0.49059689288634506,0.125,0.24529844644317253,0.47421256574801246,0.9321340964840557,,,False
fold0,176,3.055537343025208,0.4090058885709377,0.5,0.1471790678659035,0.1471790678659035,0.1471790678659035,0.4090058885709377,0.24529844644317253,0.5037381739778376,0.9811937857726901,,,False
fold0,177,3.073217511177064,0.1535110198918547,0.25,0.34341782502044155,0.34341782502044155,0.19623875715453803,0.1535110198918547,0.24529844644317253,0.47890473701784847,0.9811937857726901,,,False
fold0,178,3.0943039655685434,0.0,0.0,0.24529844644317253,0.24529844644317253,0.1471790678659035,0.0,0.24529844644317253,0.37986597565440255,0.9811937857726901,,,False
fold0,179,3.129337906837464,0.06545588267628917,0.125,0.09811937857726902,0.09811937857726902,0.09811937857726902,0.06545588267628917,0.19623875715453803,0.19045588267628916,0.9811937857726901,,,False
fold0,180,3.2199939489364637,0.09473228540689987,0.125,0.04905968928863451,0.04905968928863451,0.04905968928863451,0.1851866127469235,0.24529844644317253,0.2872479745273383,0.9321340964840557,,,False
fold0,181,3.10176479816437,0.08246924442330589,0.125,0.1471790678659035,0.1471790678659035,0.1471790678659035,0.08246924442330589,0.24529844644317253,0.3404543273400236,0.9321340964840557,,,False
fold0,182,3.070289969444275,0.25,0.25,0.44153720359771054,0.44153720359771054,0.294358135731807,0.25,0.24529844644317253,0.29960628287400626,0.9811937857726901,,,False
fold0,183,3.1359781026840228,0.125,0.125,0.04905968928863451,0.04905968928863451,0.04905968928863451,0.21545432734002362,0.24529844644317253,0.5794196384098007,0.9321340964840557,,,False
fold0,184,2.992608904838562,0.0,0.0,0.6868356500408831,0.6868356500408831,0.5396565821749796,0.0,0.24529844644317253,0.4044098856513009,0.9811937857726901,,,False
fold0,185,3.1139575242996247,0.10881882041201552,0.125,0.1471790678659035,0.1471790678659035,0.1471790678659035,0.10881882041201552,0.24529844644317253,0.23710628287400623,0.9321340964840557,,,False
fold0,186,3.061745762825015,0.125,0.125,0.49059689288634506,0.49059689288634506,0.24529844644317253,0.0,0.24529844644317253,0.18467760024440105,0.9811937857726901,,,False
fold0,187,3.1453047990798972,0.125,0.125,0.19623875715453803,0.19623875715453803,0.1471790678659035,0.125,0.24529844644317253,0.47817402090081756,0.9321340964840557,,,False
fold0,188,3.2946590185165414,0.0,0.0,0.04905968928863451,0.04905968928863451,0.04905968928863451,0.1875,0.24529844644317253,0.30440941020600776,0.9811937857726901,,,False
fold0,189,3.0259517431259164,0.21973228540689987,0.25,0.44153720359771054,0.44153720359771054,0.294358135731807,0.21545432734002362,0.24529844644317253,0.27414169561290763,0.9811937857726901,,,False
fold0,190,2.996940016746522,0.3251890647551323,0.375,0.39247751430907607,0.39247751430907607,0.34341782502044155,0.3251890647551323,0.24529844644317253,0.4501890647551323,0.9811937857726901,,,False
fold0,191,3.2113479375839233,0.08246924442330589,0.125,0.19623875715453803,0.19623875715453803,0.19623875715453803,0.08246924442330589,0.24529844644317253,0.3731315032110053,0.9321340964840557,,,False
fold0,192,3.0278738737106328,0.0,0.0,0.7358953393295176,0.7358953393295176,0.44153720359771054,0.0,0.24529844644317253,0.05440941020600776,0.9811937857726901,,,False
fold0,193,3.197705864906312,0.25,0.25,0.24529844644317253,0.24529844644317253,0.19623875715453803,0.25,0.24529844644317253,0.559677600244401,0.9811937857726901,,,False
fold0,194,3.0496877431869525,0.25,0.25,0.6868356500408831,0.6868356500408831,0.5396565821749796,0.125,0.24529844644317253,0.30967760024440105,0.9811937857726901,,,False
fold0,195,3.048194050788881,0.125,0.125,0.34341782502044155,0.34341782502044155,0.24529844644317253,0.125,0.24529844644317253,0.42795763136644205,0.9811937857726901,,,False
fold0,196,3.1012314558029184,0.051952368508924235,0.125,0.09811937857726902,0.09811937857726902,0.04905968928863451,0.051952368508924235,0.24529844644317253,0.1558571055267727,0.9811937857726901,,,False
fold0,197,3.1124771833419818,0.10390473701784847,0.125,0.24529844644317253,0.24529844644317253,0.19623875715453803,0.10390473701784847,0.24529844644317253,0.43637398144115436,0.9811937857726901,,,False
fold0,198,3.05953323841095,0.375,0.375,0.24529844644317253,0.24529844644317253,0.24529844644317253,0.375,0.24529844644317253,0.75,0.9811937857726901,,,False
fold0,199,3.0760806798934954,0.2001890647551323,0.25,0.34341782502044155,0.34341782502044155,0.24529844644317253,0.07518906475513229,0.19623875715453803,0.4501890647551323,0.8830744071954211,,,False
fold1,0,3.1409658193588257,0.1111111111111111,0.1111111111111111,0.12903225806451613,0.12903225806451613,0.12903225806451613,0.16176236047545647,0.21505376344086022,0.34462880979704585,0.989247311827957,0.1111111111111111,3.1409658193588257,True
fold1,1,3.016839861869813,0.2222222222222222,0.2222222222222222,0.9032258064516129,0.9032258064516129,0.6881720430107527,0.0,0.21505376344086022,0.2222222222222222,0.989247311827957,0.2222222222222222,3.016839861869813,True
fold1,2,3.1472424268722548,0.16666666666666666,0.2222222222222222,0.21505376344086022,0.21505376344086022,0.17204301075268819,0.16666666666666666,0.21505376344086022,0.27058614240534024,0.989247311827957,0.1666666666666666,3.1472424268722548,True
fold1,3,3.1859434843063372,0.1111111111111111,0.1111111111111111,0.08602150537634409,0.08602150537634409,0.08602150537634409,0.2222222222222222,0.21505376344086022,0.5026274512678126,0.946236559139785,0.1111111111111111,3.185943484306337,True
fold1,4,3.132897257804871,0.0,0.0,0.08602150537634409,0.08602150537634409,0.08602150537634409,0.0,0.21505376344086022,0.39151634015670145,0.989247311827957,0.0,3.132897257804871,True
fold1,5,2.997522950172425,0.40332894721638185,0.4444444444444444,0.3010752688172043,0.3010752688172043,0.17204301075268819,0.40332894721638185,0.21505376344086022,0.5650913076918384,0.989247311827957,,,False
fold1,6,3.152530074119569,0.12742418714033293,0.2222222222222222,0.21505376344086022,0.21505376344086022,0.12903225806451613,0.191240762417946,0.21505376344086022,0.5637197043405892,0.989247311827957,,,False
fold1,7,3.157142996788025,0.0,0.0,0.34408602150537637,0.34408602150537637,0.25806451612903225,0.0,0.21505376344086022,0.3535021482429706,0.989247311827957,,,False
fold1,8,3.17817771434784,0.0,0.0,0.21505376344086022,0.21505376344086022,0.12903225806451613,0.1111111111111111,0.21505376344086022,0.16666666666666666,0.989247311827957,,,False
fold1,9,3.139140486717225,0.10609351154560183,0.1111111111111111,0.43010752688172044,0.43010752688172044,0.34408602150537637,0.0,0.21505376344086022,0.16929411793447924,0.989247311827957,,,False
fold1,10,3.080203890800478,0.172045832205257,0.2222222222222222,0.3870967741935484,0.3870967741935484,0.34408602150537637,0.06093472109414588,0.21505376344086022,0.3421037022218074,0.989247311827957,,,False
fold1,11,3.064236521720887,0.058183006823368154,0.1111111111111111,0.5161290322580645,0.5161290322580645,0.3870967741935484,0.058183006823368154,0.21505376344086022,0.18632060238876658,0.989247311827957,,,False
fold1,12,3.344501137733461,0.0,0.0,0.0,0.0,0.0,0.16929411793447924,0.21505376344086022,0.3333333333333333,0.989247311827957,,,False
fold1,13,3.081389546394349,0.1111111111111111,0.1111111111111111,0.34408602150537637,0.34408602150537637,0.34408602150537637,0.1111111111111111,0.21505376344086022,0.5082610197220574,0.989247311827957,,,False
fold1,14,3.058599829673767,0.2631166337202908,0.3333333333333333,0.17204301075268819,0.17204301075268819,0.12903225806451613,0.3742277448314019,0.21505376344086022,0.6072082981308048,0.989247311827957,,,False
fold1,15,3.0167897939682007,0.1111111111111111,0.1111111111111111,0.3870967741935484,0.3870967741935484,0.3010752688172043,0.050651249364345376,0.21505376344086022,0.26077753002291987,0.989247311827957,,,False
fold1,16,3.1462668180465703,0.1111111111111111,0.1111111111111111,0.12903225806451613,0.12903225806451613,0.12903225806451613,0.1111111111111111,0.21505376344086022,0.344091664410514,0.989247311827957,,,False
fold1,17,3.1386586427688608,0.1111111111111111,0.1111111111111111,0.34408602150537637,0.34408602150537637,0.25806451612903225,0.0,0.21505376344086022,0.27526897799502315,0.989247311827957,,,False
fold1,18,3.041209816932681,0.2732135936731528,0.4444444444444444,0.43010752688172044,0.43010752688172044,0.43010752688172044,0.1137385623789237,0.21505376344086022,0.42952889747130285,0.989247311827957,,,False
fold1,19,3.1054667234420794,0.19531758702835544,0.2222222222222222,0.17204301075268819,0.17204301075268819,0.17204301075268819,0.30642869813946655,0.21505376344086022,0.6877911876800915,0.989247311827957,,,False
fold1,20,3.0755771398544316,0.2222222222222222,0.2222222222222222,0.3010752688172043,0.3010752688172043,0.25806451612903225,0.2222222222222222,0.21505376344086022,0.32352472095091295,0.989247311827957,,,False
fold1,21,3.1602503061294573,0.18788404888709864,0.2222222222222222,0.12903225806451613,0.12903225806451613,0.12903225806451613,0.23197852255288198,0.21505376344086022,0.24547994156172154,0.989247311827957,,,False
fold1,22,3.097904562950136,0.050651249364345376,0.1111111111111111,0.043010752688172046,0.043010752688172046,0.043010752688172046,0.16176236047545647,0.21505376344086022,0.27526897799502315,0.946236559139785,,,False
fold1,23,3.1723245382308973,0.0,0.0,0.12903225806451613,0.12903225806451613,0.08602150537634409,0.0,0.21505376344086022,0.19930005844267773,0.989247311827957,,,False
fold1,24,3.0960274934768686,0.058183006823368154,0.1111111111111111,0.43010752688172044,0.43010752688172044,0.3870967741935484,0.058183006823368154,0.21505376344086022,0.2331106932120923,0.989247311827957,,,False
fold1,25,3.204899430274965,0.08040384652446546,0.1111111111111111,0.043010752688172046,0.043010752688172046,0.043010752688172046,0.08040384652446546,0.21505376344086022,0.2395441138428682,0.989247311827957,,,False
fold1,26,2.97834074497223,0.05304675577280092,0.1111111111111111,0.8602150537634409,0.8602150537634409,0.6451612903225806,0.04409447366578332,0.21505376344086022,0.2565176331219996,0.989247311827957,,,False
fold1,27,3.037348866462708,0.2401944699407463,0.3333333333333333,0.5161290322580645,0.5161290322580645,0.4731182795698925,0.17637789466313328,0.21505376344086022,0.3011291910348922,0.989247311827957,,,False
fold1,28,3.135123372077943,0.0,0.0,0.08602150537634409,0.08602150537634409,0.08602150537634409,0.0,0.21505376344086022,0.18286644932158938,0.989247311827957,,,False
fold1,29,3.2129145860672006,0.0,0.0,0.08602150537634409,0.08602150537634409,0.08602150537634409,0.0,0.17204301075268819,0.4656231886043384,0.989247311827957,,,False
fold1,30,3.0923732519149785,0.0,0.0,0.3870967741935484,0.3870967741935484,0.3010752688172043,0.0,0.17204301075268819,0.3366900468641807,0.946236559139785,,,False
fold1,31,2.9842036962509164,0.2728734715865676,0.3333333333333333,0.5591397849462365,0.5591397849462365,0.43010752688172044,0.050651249364345376,0.21505376344086022,0.3532773181110331,0.946236559139785,,,False
fold1,32,3.1308804750442514,0.1111111111111111,0.1111111111111111,0.17204301075268819,0.17204301075268819,0.12903225806451613,0.1111111111111111,0.21505376344086022,0.17492768638872416,0.989247311827957,,,False
fold1,33,3.2797120809555063,0.0,0.0,0.043010752688172046,0.043010752688172046,0.043010752688172046,0.16929411793447924,0.21505376344086022,0.41660754561363444,0.989247311827957,,,False
fold1,34,3.118845105171204,0.1111111111111111,0.1111111111111111,0.25806451612903225,0.25806451612903225,0.25806451612903225,0.1111111111111111,0.21505376344086022,0.536804210682532,0.989247311827957,,,False
fold1,35,3.064520955085756,0.2225837881953033,0.3333333333333333,0.17204301075268819,0.17204301075268819,0.17204301075268819,0.22546564237877043,0.21505376344086022,0.3415943530553908,0.989247311827957,,,False
fold1,36,3.2077351808547987,0.0,0.0,0.0,0.0,0.0,0.2653206342222681,0.21505376344086022,0.609763106610235,0.989247311827957,,,False
fold1,37,3.059721350669862,0.05555555555555555,0.1111111111111111,0.21505376344086022,0.21505376344086022,0.21505376344086022,0.10391947573867356,0.21505376344086022,0.10391947573867356,0.989247311827957,,,False
fold1,38,3.1412855386734027,0.0,0.0,0.08602150537634409,0.08602150537634409,0.08602150537634409,0.0,0.21505376344086022,0.5248482909689098,0.989247311827957,,,False
fold1,39,3.140712141990663,0.0,0.0,0.21505376344086022,0.21505376344086022,0.21505376344086022,0.058183006823368154,0.21505376344086022,0.3504008429286389,0.989247311827957,,,False
fold1,40,3.067209124565126,0.16929411793447924,0.2222222222222222,0.4731182795698925,0.4731182795698925,0.3870967741935484,0.058183006823368154,0.21505376344086022,0.31041116955378883,0.989247311827957,,,False
fold1,41,3.13361704349518,0.04409447366578332,0.1111111111111111,0.043010752688172046,0.043010752688172046,0.043010752688172046,0.04409447366578332,0.21505376344086022,0.16609405576676453,0.989247311827957,,,False
fold1,42,3.11309325695038,0.0,0.0,0.3010752688172043,0.3010752688172043,0.21505376344086022,0.0,0.21505376344086022,0.5414970536578616,0.989247311827957,,,False
fold1,43,3.0681611299514784,0.058183006823368154,0.1111111111111111,0.34408602150537637,0.34408602150537637,0.3010752688172043,0.0,0.21505376344086022,0.286642225115256,0.989247311827957,,,False
fold1,44,3.267360806465151,0.1111111111111111,0.1111111111111111,0.08602150537634409,0.08602150537634409,0.08602150537634409,0.1111111111111111,0.21505376344086022,0.15947503129422913,0.989247311827957,,,False
fold1,45,3.228939890861513,0.18788404888709864,0.2222222222222222,0.17204301075268819,0.17204301075268819,0.17204301075268819,0.18788404888709864,0.21505376344086022,0.6323284933315431,0.946236559139785,,,False
fold1,46,3.117577910423279,0.08040384652446546,0.1111111111111111,0.25806451612903225,0.25806451612903225,0.21505376344086022,0.0,0.21505376344086022,0.20207376175052202,0.946236559139785,,,False
fold1,47,3.1062411069870004,0.0,0.0,0.21505376344086022,0.21505376344086022,0.21505376344086022,0.0,0.21505376344086022,0.2417624106155084,0.989247311827957,,,False
fold1,48,3.253123164176941,0.19845327778368935,0.2222222222222222,0.043010752688172046,0.043010752688172046,0.043010752688172046,0.3095643888948005,0.21505376344086022,0.4206755000059116,0.989247311827957,,,False
fold1,49,3.040426850318909,0.1111111111111111,0.1111111111111111,0.43010752688172044,0.43010752688172044,0.3010752688172043,0.1111111111111111,0.21505376344086022,0.49749120021724536,0.989247311827957,,,False
fold1,50,3.1174649000167864,0.15947503129422913,0.2222222222222222,0.21505376344086022,0.21505376344086022,0.12903225806451613,0.15947503129422913,0.21505376344086022,0.6039194757386736,0.989247311827957,,,False
fold1,51,3.236969590187073,0.06999561388304851,0.1111111111111111,0.043010752688172046,0.043010752688172046,0.043010752688172046,0.16235538012113604,0.21505376344086022,0.34677248627518575,0.989247311827957,,,False
fold1,52,3.269470095634461,0.0,0.0,0.043010752688172046,0.043010752688172046,0.043010752688172046,0.050651249364345376,0.21505376344086022,0.42215827927962724,0.989247311827957,,,False
fold1,53,3.103296160697939,0.1111111111111111,0.1111111111111111,0.25806451612903225,0.25806451612903225,0.25806451612903225,0.1111111111111111,0.21505376344086022,0.5501914197616697,0.946236559139785,,,False
fold1,54,3.0830215215682997,0.2222222222222222,0.2222222222222222,0.12903225806451613,0.12903225806451613,0.12903225806451613,0.2222222222222222,0.21505376344086022,0.2728734715865676,0.989247311827957,,,False
fold1,55,3.1304413080215463,0.1111111111111111,0.1111111111111111,0.3870967741935484,0.3870967741935484,0.3010752688172043,0.1111111111111111,0.21505376344086022,0.3333333333333333,0.989247311827957,,,False
fold1,56,3.065972447395325,0.08818894733156664,0.1111111111111111,0.17204301075268819,0.17204301075268819,0.17204301075268819,0.27607299621866527,0.21505376344086022,0.4256930995714209,0.989247311827957,,,False
fold1,57,3.189152359962465,0.0,0.0,0.12903225806451613,0.12903225806451613,0.12903225806451613,0.1111111111111111,0.21505376344086022,0.41252220968506836,0.989247311827957,,,False
fold1,58,3.0646356344223022,0.046179883119043766,0.1111111111111111,0.43010752688172044,0.43010752688172044,0.34408602150537637,0.046179883119043766,0.21505376344086022,0.14540652201088847,0.989247311827957,,,False
fold1,59,3.1346908807754525,0.0,0.0,0.21505376344086022,0.21505376344086022,0.08602150537634409,0.0,0.21505376344086022,0.44456309592950244,0.946236559139785,,,False
fold1,60,3.0924335718154925,0.18908760660432355,0.2222222222222222,0.21505376344086022,0.21505376344086022,0.17204301075268819,0.18908760660432355,0.21505376344086022,0.2903901053330143,0.946236559139785,,,False
fold1,61,3.1160269975662236,0.0,0.0,0.3010752688172043,0.3010752688172043,0.25806451612903225,0.0,0.21505376344086022,0.41660754561363444,0.989247311827957,,,False
fold1,62,3.014509797096254,0.36736341923361243,0.4444444444444444,0.5591397849462365,0.5591397849462365,0.34408602150537637,0.3635607898408335,0.21505376344086022,0.5773764065178878,0.989247311827957,,,False
fold1,63,3.0663853883743295,0.05304675577280092,0.1111111111111111,0.17204301075268819,0.17204301075268819,0.17204301075268819,0.05304675577280092,0.21505376344086022,0.27059661666317,0.989247311827957,,,False
fold1,64,3.095035672187807,0.21241360983980184,0.2222222222222222,0.17204301075268819,0.17204301075268819,0.17204301075268819,0.21241360983980184,0.21505376344086022,0.21241360983980184,0.989247311827957,,,False
fold1,65,3.114212393760681,0.11649027664970142,0.2222222222222222,0.25806451612903225,0.25806451612903225,0.25806451612903225,0.06093472109414588,0.21505376344086022,0.21321811701593743,0.989247311827957,,,False
fold1,66,3.136582732200624,0.0,0.0,0.043010752688172046,0.043010752688172046,0.043010752688172046,0.08420647591724434,0.21505376344086022,0.15104120014402858,0.989247311827957,,,False
fold1,67,3.019504189491274,0.14072368642120553,0.2222222222222222,0.5161290322580645,0.5161290322580645,0.4731182795698925,0.09235976623808753,0.21505376344086022,0.2802438151251862,0.989247311827957,,,False
fold1,68,3.0747021436691284,0.0,0.0,0.12903225806451613,0.12903225806451613,0.08602150537634409,0.0,0.21505376344086022,0.32352472095091295,0.989247311827957,,,False
fold1,69,3.2241755723953256,0.0,0.0,0.08602150537634409,0.08602150537634409,0.08602150537634409,0.09672784036623601,0.21505376344086022,0.4027709357918764,0.989247311827957,,,False
fold1,70,3.117849230766298,0.28416894805028015,0.3333333333333333,0.08602150537634409,0.08602150537634409,0.08602150537634409,0.4002976587269005,0.21505376344086022,0.7069875761679746,0.946236559139785,,,False
fold1,71,3.2111099958419818,0.046179883119043766,0.1111111111111111,0.08602150537634409,0.08602150537634409,0.08602150537634409,0.046179883119043766,0.21505376344086022,0.2414974701473992,0.989247311827957,,,False
fold1,72,3.1093846559524545,0.0,0.0,0.08602150537634409,0.08602150537634409,0.08602150537634409,0.1111111111111111,0.21505376344086022,0.2890569464490065,0.989247311827957,,,False
fold1,73,3.146260142326355,0.0,0.0,0.3010752688172043,0.3010752688172043,0.21505376344086022,0.0,0.21505376344086022,0.19151495763557655,0.989247311827957,,,False
fold1,74,3.192485690116883,0.11446782464195843,0.2222222222222222,0.043010752688172046,0.043010752688172046,0.043010752688172046,0.3537575564594862,0.21505376344086022,0.5132325877537153,0.946236559139785,,,False
fold1,75,3.1926599740982073,0.09672784036623601,0.1111111111111111,0.25806451612903225,0.25806451612903225,0.17204301075268819,0.09672784036623601,0.21505376344086022,0.43015213680581416,0.989247311827957,,,False
fold1,76,3.1248072385787973,0.0,0.0,0.25806451612903225,0.25806451612903225,0.17204301075268819,0.0,0.21505376344086022,0.38578478681524253,0.989247311827957,,,False
fold1,77,3.253781914711001,0.0,0.0,0.0,0.0,0.0,0.12304236965584943,0.21505376344086022,0.46151195403975,0.989247311827957,,,False
fold1,78,3.2985082864761366,0.0,0.0,0.08602150537634409,0.08602150537634409,0.08602150537634409,0.2857196048827404,0.21505376344086022,0.5151478558137178,0.989247311827957,,,False
fold1,79,3.157414793968201,0.0,0.0,0.08602150537634409,0.08602150537634409,0.08602150537634409,0.08818894733156664,0.21505376344086022,0.38638008910613425,0.989247311827957,,,False
fold1,80,3.2390240430831927,0.0,0.0,0.043010752688172046,0.043010752688172046,0.043010752688172046,0.07330599504293857,0.21505376344086022,0.1844171061540497,0.989247311827957,,,False
fold1,81,2.9547919034957895,0.38285316368825495,0.5555555555555556,0.989247311827957,0.989247311827957,0.7741935483870968,0.1894914460602574,0.21505376344086022,0.38285316368825495,0.989247311827957,,,False
fold1,82,3.162011981010437,0.1111111111111111,0.1111111111111111,0.12903225806451613,0.12903225806451613,0.12903225806451613,0.31895006258845826,0.21505376344086022,0.3888888888888889,0.989247311827957,,,False
fold1,83,3.1526237726211557,0.15520558477689442,0.2222222222222222,0.08602150537634409,0.08602150537634409,0.043010752688172046,0.2602347795368236,0.21505376344086022,0.524306677650328,0.946236559139785,,,False
fold1,84,3.321828007698061,0.0,0.0,0.08602150537634409,0.08602150537634409,0.043010752688172046,0.0,0.21505376344086022,0.18788404888709864,0.989247311827957,,,False
fold1,85,3.0572041273117083,0.32352472095091295,0.3333333333333333,0.21505376344086022,0.21505376344086022,0.17204301075268819,0.32352472095091295,0.21505376344086022,0.43463583206202405,0.989247311827957,,,False
fold1,86,3.031882882118227,0.11740046870872188,0.2222222222222222,0.6021505376344086,0.6021505376344086,0.5161290322580645,0.07330599504293857,0.21505376344086022,0.11948587816198233,0.946236559139785,,,False
fold1,87,3.1716762781143206,0.0,0.0,0.08602150537634409,0.08602150537634409,0.08602150537634409,0.0,0.17204301075268819,0.4444444444444444,0.989247311827957,,,False
fold1,88,3.0595363378524785,0.046179883119043766,0.1111111111111111,0.34408602150537637,0.34408602150537637,0.34408602150537637,0.046179883119043766,0.21505376344086022,0.046179883119043766,0.989247311827957,,,False
fold1,89,3.2274736166000375,0.0,0.0,0.0,0.0,0.0,0.0,0.21505376344086022,0.2376948407546203,0.989247311827957,,,False
fold1,90,3.288228154182435,0.0,0.0,0.0,0.0,0.0,0.20783895147734713,0.21505376344086022,0.4621948839318275,0.946236559139785,,,False
fold1,91,3.0810986757278456,0.3827666378660713,0.4444444444444444,0.3870967741935484,0.3870967741935484,0.21505376344086022,0.172045832205257,0.21505376344086022,0.5850848452579203,0.989247311827957,,,False
fold1,92,3.165020108222963,0.09235976623808753,0.1111111111111111,0.12903225806451613,0.12903225806451613,0.12903225806451613,0.20783895147734713,0.21505376344086022,0.43942684487893513,0.946236559139785,,,False
fold1,93,3.0290981531143197,0.1309303349771944,0.2222222222222222,0.5591397849462365,0.5591397849462365,0.4731182795698925,0.0,0.21505376344086022,0.4214409526768459,0.989247311827957,,,False
fold1,94,3.082774281501771,0.0,0.0,0.21505376344086022,0.21505376344086022,0.17204301075268819,0.05555555555555555,0.21505376344086022,0.3745056181440138,0.989247311827957,,,False
fold1,95,3.2582646608352688,0.046179883119043766,0.1111111111111111,0.0,0.0,0.0,0.09027435678482708,0.21505376344086022,0.39670305492429364,0.989247311827957,,,False
fold1,96,3.1692975759506226,0.0,0.0,0.17204301075268819,0.17204301075268819,0.17204301075268819,0.0,0.21505376344086022,0.4827192114157848,0.989247311827957,,,False
fold1,97,3.1242989301681527,0.16176236047545647,0.2222222222222222,0.17204301075268819,0.17204301075268819,0.12903225806451613,0.2222222222222222,0.21505376344086022,0.4908458042935162,0.989247311827957,,,False
fold1,98,3.192999482154848,0.0,0.0,0.043010752688172046,0.043010752688172046,0.043010752688172046,0.06381657527761304,0.21505376344086022,0.37933130323383357,0.989247311827957,,,False
fold1,99,3.0758477449417136,0.18110672499415964,0.2222222222222222,0.08602150537634409,0.08602150537634409,0.08602150537634409,0.23415348076696058,0.21505376344086022,0.5183897915040198,0.946236559139785,,,False
fold1,100,3.126050353050232,0.0,0.0,0.12903225806451613,0.12903225806451613,0.12903225806451613,0.0,0.21505376344086022,0.5236333207961795,0.9032258064516129,,,False
fold1,101,3.1463974714279175,0.0,0.0,0.12903225806451613,0.12903225806451613,0.12903225806451613,0.0,0.21505376344086022,0.16176236047545647,0.989247311827957,,,False
fold1,102,3.1552935838699367,0.05555555555555555,0.1111111111111111,0.043010752688172046,0.043010752688172046,0.043010752688172046,0.1137385623789237,0.21505376344086022,0.18704455742186227,0.946236559139785,,,False
fold1,103,3.1258755922317514,0.1111111111111111,0.1111111111111111,0.21505376344086022,0.21505376344086022,0.12903225806451613,0.1111111111111111,0.21505376344086022,0.33908555327263623,0.946236559139785,,,False
fold1,104,3.046716570854189,0.048363920183118005,0.1111111111111111,0.3010752688172043,0.3010752688172043,0.3010752688172043,0.0,0.21505376344086022,0.15947503129422913,0.989247311827957,,,False
fold1,105,3.1429148912429827,0.0,0.0,0.08602150537634409,0.08602150537634409,0.08602150537634409,0.0,0.21505376344086022,0.0,0.989247311827957,,,False
fold1,106,3.307752490043641,0.0,0.0,0.043010752688172046,0.043010752688172046,0.043010752688172046,0.0,0.21505376344086022,0.21076114033244997,0.989247311827957,,,False
fold1,107,3.0645829439163235,0.0,0.0,0.4731182795698925,0.4731182795698925,0.4731182795698925,0.0,0.21505376344086022,0.30372227598387647,0.989247311827957,,,False
fold1,108,3.0178064107894915,0.04409447366578332,0.1111111111111111,0.3010752688172043,0.3010752688172043,0.21505376344086022,0.0,0.21505376344086022,0.21400456048899819,0.989247311827957,,,False
fold1,109,3.2499536275863647,0.0,0.0,0.043010752688172046,0.043010752688172046,0.043010752688172046,0.0,0.21505376344086022,0.3333333333333333,0.989247311827957,,,False
fold1,110,3.1037853956222534,0.2716555267549602,0.3333333333333333,0.34408602150537637,0.34408602150537637,0.3010752688172043,0.1111111111111111,0.21505376344086022,0.3247022825277611,0.946236559139785,,,False
fold1,111,3.068529963493348,0.21338859160026258,0.3333333333333333,0.3010752688172043,0.3010752688172043,0.3010752688172043,0.21338859160026258,0.21505376344086022,0.27720516687787566,0.989247311827957,,,False
fold1,112,3.200788617134096,0.0,0.0,0.0,0.0,0.0,0.0,0.21505376344086022,0.29221783610527075,0.989247311827957,,,False
fold1,113,2.984917998313904,0.7757976991260209,0.8888888888888888,0.7741935483870968,0.7741935483870968,0.6881720430107527,0.2222222222222222,0.21505376344086022,0.7757976991260209,0.9032258064516129,,,False
fold1,114,3.058794140815736,0.24899664038049757,0.3333333333333333,0.43010752688172044,0.43010752688172044,0.25806451612903225,0.24899664038049757,0.17204301075268819,0.6498882534945551,0.989247311827957,,,False
fold1,115,3.1369568109512347,0.1111111111111111,0.1111111111111111,0.3010752688172043,0.3010752688172043,0.12903225806451613,0.1111111111111111,0.21505376344086022,0.2860387974998353,0.946236559139785,,,False
fold1,116,3.3417307138443006,0.0,0.0,0.0,0.0,0.0,0.29899515999820975,0.21505376344086022,0.5236333207961795,0.946236559139785,,,False
fold1,117,3.1201394796371464,0.21844719205432878,0.3333333333333333,0.043010752688172046,0.043010752688172046,0.043010752688172046,0.21844719205432878,0.21505376344086022,0.5560304149029357,0.989247311827957,,,False
fold1,118,3.045322299003601,0.16415786688391204,0.2222222222222222,0.34408602150537637,0.34408602150537637,0.3010752688172043,0.16415786688391204,0.21505376344086022,0.2777777777777778,0.989247311827957,,,False
fold1,119,3.0810650587081927,0.0,0.0,0.3870967741935484,0.3870967741935484,0.3870967741935484,0.0,0.21505376344086022,0.0,0.989247311827957,,,False
fold1,120,3.4378260374069223,0.0,0.0,0.0,0.0,0.0,0.1111111111111111,0.21505376344086022,0.5810077862169589,0.989247311827957,,,False
fold1,121,3.121952891349794,0.0,0.0,0.08602150537634409,0.08602150537634409,0.08602150537634409,0.050651249364345376,0.21505376344086022,0.4508193069244629,0.989247311827957,,,False
fold1,122,3.083671689033509,0.1649618851075542,0.2222222222222222,0.21505376344086022,0.21505376344086022,0.21505376344086022,0.1649618851075542,0.21505376344086022,0.30783376729161055,0.989247311827957,,,False
fold1,123,3.1033092737197885,0.2222222222222222,0.2222222222222222,0.21505376344086022,0.21505376344086022,0.21505376344086022,0.2222222222222222,0.21505376344086022,0.268402105341266,0.989247311827957,,,False
fold1,124,3.1451624631881723,0.2548556139982333,0.3333333333333333,0.08602150537634409,0.08602150537634409,0.08602150537634409,0.2548556139982333,0.21505376344086022,0.7034708773491987,0.946236559139785,,,False
fold1,125,3.052860617637636,0.20282135191183784,0.2222222222222222,0.3870967741935484,0.3870967741935484,0.3870967741935484,0.09672784036623601,0.21505376344086022,0.39813893894019325,0.9032258064516129,,,False
fold1,126,3.1302798986434937,0.1111111111111111,0.1111111111111111,0.12903225806451613,0.12903225806451613,0.12903225806451613,0.1111111111111111,0.17204301075268819,0.3333333333333333,0.989247311827957,,,False
fold1,127,3.069407820701599,0.050651249364345376,0.1111111111111111,0.4731182795698925,0.4731182795698925,0.43010752688172044,0.050651249364345376,0.21505376344086022,0.38169725351645134,0.989247311827957,,,False
fold1,128,3.033716320991517,0.16929411793447924,0.2222222222222222,0.6021505376344086,0.6021505376344086,0.5161290322580645,0.0,0.21505376344086022,0.28040522904559034,0.989247311827957,,,False
fold1,129,3.1926103830337533,0.09672784036623601,0.1111111111111111,0.0,0.0,0.0,0.1870021971510631,0.21505376344086022,0.41087688888063717,0.989247311827957,,,False
fold1,130,3.196640372276307,0.046179883119043766,0.1111111111111111,0.0,0.0,0.0,0.21822571532430077,0.21505376344086022,0.536804210682532,0.989247311827957,,,False
fold1,131,2.962585330009462,0.2890569464490065,0.3333333333333333,0.8602150537634409,0.8602150537634409,0.6451612903225806,0.1306512995043973,0.21505376344086022,0.29221783610527075,0.989247311827957,,,False
fold1,132,3.1506143808364877,0.1371225703205516,0.2222222222222222,0.17204301075268819,0.17204301075268819,0.17204301075268819,0.23385041068678764,0.21505376344086022,0.4062458339355986,0.989247311827957,,,False
fold1,133,3.0280545949935918,0.1111111111111111,0.1111111111111111,0.25806451612903225,0.25806451612903225,0.21505376344086022,0.0,0.21505376344086022,0.20783895147734713,0.989247311827957,,,False
fold1,134,3.1638592481613177,0.10130249872869075,0.1111111111111111,0.21505376344086022,0.21505376344086022,0.12903225806451613,0.21241360983980184,0.21505376344086022,0.21241360983980184,0.989247311827957,,,False
fold1,135,3.10664451122284,0.1111111111111111,0.1111111111111111,0.043010752688172046,0.043010752688172046,0.043010752688172046,0.21720462265671292,0.21505376344086022,0.6188539031736884,0.989247311827957,,,False
fold1,136,3.0020629167556776,0.1111111111111111,0.1111111111111111,0.43010752688172044,0.43010752688172044,0.43010752688172044,0.1111111111111111,0.21505376344086022,0.3091414502060379,0.989247311827957,,,False
fold1,137,3.1197553873062156,0.30642869813946655,0.3333333333333333,0.3870967741935484,0.3870967741935484,0.3010752688172043,0.1111111111111111,0.21505376344086022,0.5868339271850569,0.989247311827957,,,False
fold1,138,3.0651415586471558,0.0,0.0,0.3870967741935484,0.3870967741935484,0.25806451612903225,0.0,0.21505376344086022,0.11740046870872188,0.989247311827957,,,False
fold1,139,3.116997599601746,0.1111111111111111,0.1111111111111111,0.25806451612903225,0.25806451612903225,0.21505376344086022,0.0,0.21505376344086022,0.4444444444444444,0.989247311827957,,,False
fold1,140,3.2463389635086077,0.1111111111111111,0.1111111111111111,0.043010752688172046,0.043010752688172046,0.043010752688172046,0.3208713460579205,0.21505376344086022,0.6325311456631274,0.989247311827957,,,False
fold1,141,3.4099277257919316,0.0,0.0,0.043010752688172046,0.043010752688172046,0.043010752688172046,0.1111111111111111,0.21505376344086022,0.24478055956467962,0.989247311827957,,,False
fold1,142,3.067743420600893,0.33728306650986023,0.4444444444444444,0.21505376344086022,0.21505376344086022,0.21505376344086022,0.33728306650986023,0.21505376344086022,0.7590264329047542,0.989247311827957,,,False
fold1,143,3.206589102745056,0.0,0.0,0.08602150537634409,0.08602150537634409,0.08602150537634409,0.268402105341266,0.21505376344086022,0.37667965395094205,0.989247311827957,,,False
fold1,144,3.3254848718643215,0.0,0.0,0.0,0.0,0.0,0.05555555555555555,0.21505376344086022,0.6111111111111112,0.989247311827957,,,False
fold1,145,2.938004851341249,0.3333333333333333,0.3333333333333333,1.4193548387096775,1.4193548387096775,0.9032258064516129,0.0,0.21505376344086022,0.3333333333333333,0.989247311827957,,,False
fold1,146,3.119171738624574,0.0,0.0,0.17204301075268819,0.17204301075268819,0.17204301075268819,0.0,0.21505376344086022,0.6648541968328194,0.989247311827957,,,False
fold1,147,3.194245219230652,0.0,0.0,0.08602150537634409,0.08602150537634409,0.08602150537634409,0.14661199008587714,0.21505376344086022,0.40867242577777174,0.989247311827957,,,False
fold1,148,3.0558420419693006,0.20895777228900325,0.3333333333333333,0.43010752688172044,0.43010752688172044,0.3010752688172043,0.1451411970113902,0.17204301075268819,0.3987884643775541,0.989247311827957,,,False
fold1,149,3.083068251609804,0.172045832205257,0.2222222222222222,0.25806451612903225,0.25806451612903225,0.25806451612903225,0.1111111111111111,0.21505376344086022,0.641932033053275,0.989247311827957,,,False
fold1,150,3.1237903833389296,0.1111111111111111,0.1111111111111111,0.21505376344086022,0.21505376344086022,0.21505376344086022,0.1111111111111111,0.21505376344086022,0.43006117369956937,0.989247311827957,,,False
fold1,151,3.184718489646912,0.046179883119043766,0.1111111111111111,0.08602150537634409,0.08602150537634409,0.08602150537634409,0.046179883119043766,0.21505376344086022,0.26338450577575667,0.989247311827957,,,False
fold1,152,3.041683077812196,0.050651249364345376,0.1111111111111111,0.4731182795698925,0.4731182795698925,0.43010752688172044,0.0,0.21505376344086022,0.40190505590005926,0.946236559139785,,,False
fold1,153,3.013408780097963,0.2562523081225013,0.3333333333333333,0.5591397849462365,0.5591397849462365,0.4731182795698925,0.19531758702835544,0.21505376344086022,0.32624792200554986,0.946236559139785,,,False
fold1,154,3.254636406898499,0.0,0.0,0.043010752688172046,0.043010752688172046,0.043010752688172046,0.058183006823368154,0.21505376344086022,0.4494728822490026,0.989247311827957,,,False
fold1,155,3.104007840156556,0.050651249364345376,0.1111111111111111,0.5591397849462365,0.5591397849462365,0.5591397849462365,0.0,0.21505376344086022,0.3383977192243145,0.989247311827957,,,False
fold1,156,3.1368089914321913,0.10609351154560183,0.1111111111111111,0.17204301075268819,0.17204301075268819,0.12903225806451613,0.2976084691811784,0.21505376344086022,0.49082661127267424,0.946236559139785,,,False
fold1,157,3.157897353172303,0.0,0.0,0.08602150537634409,0.08602150537634409,0.08602150537634409,0.0,0.21505376344086022,0.21241360983980184,0.989247311827957,,,False
fold1,158,3.101451754570008,0.1111111111111111,0.1111111111111111,0.21505376344086022,0.21505376344086022,0.21505376344086022,0.1111111111111111,0.21505376344086022,0.2860387974998353,0.989247311827957,,,False
fold1,159,3.0337892770767225,0.06999561388304851,0.1111111111111111,0.4731182795698925,0.4731182795698925,0.34408602150537637,0.0,0.21505376344086022,0.5498344764719263,0.989247311827957,,,False
fold1,160,3.133179068565369,0.1844171061540497,0.2222222222222222,0.21505376344086022,0.21505376344086022,0.17204301075268819,0.1844171061540497,0.21505376344086022,0.5177504394873831,0.989247311827957,,,False
fold1,161,3.1816972494125384,0.0,0.0,0.08602150537634409,0.08602150537634409,0.08602150537634409,0.0,0.21505376344086022,0.05555555555555555,0.989247311827957,,,False
fold1,162,3.2000976800918597,0.0,0.0,0.17204301075268819,0.17204301075268819,0.12903225806451613,0.0,0.21505376344086022,0.43463583206202405,0.989247311827957,,,False
fold1,163,3.1312655210494995,0.2222222222222222,0.2222222222222222,0.34408602150537637,0.34408602150537637,0.34408602150537637,0.2222222222222222,0.21505376344086022,0.4976098517023033,0.989247311827957,,,False
fold1,164,3.1974514722824097,0.09235976623808753,0.1111111111111111,0.0,0.0,0.0,0.09235976623808753,0.21505376344086022,0.15729099423015488,0.989247311827957,,,False
fold1,165,3.1227136850357073,0.08420647591724434,0.1111111111111111,0.043010752688172046,0.043010752688172046,0.043010752688172046,0.21906420119883405,0.21505376344086022,0.6487397721845771,0.989247311827957,,,False
fold1,166,3.112204670906068,0.0,0.0,0.21505376344086022,0.21505376344086022,0.17204301075268819,0.08420647591724434,0.21505376344086022,0.4959101901844974,0.989247311827957,,,False
fold1,167,2.9786964654922508,0.29899515999820975,0.3333333333333333,0.946236559139785,0.946236559139785,0.7311827956989247,0.1111111111111111,0.21505376344086022,0.3333333333333333,0.989247311827957,,,False
fold1,168,3.175499081611634,0.0,0.0,0.043010752688172046,0.043010752688172046,0.043010752688172046,0.172045832205257,0.17204301075268819,0.4775537551354118,0.989247311827957,,,False
fold1,169,3.0979624986648577,0.10130249872869075,0.1111111111111111,0.34408602150537637,0.34408602150537637,0.25806451612903225,0.10130249872869075,0.21505376344086022,0.2026049974573815,0.989247311827957,,,False
fold1,170,3.0335949659347543,0.0,0.0,0.21505376344086022,0.21505376344086022,0.21505376344086022,0.0,0.21505376344086022,0.3271251291860406,0.989247311827957,,,False
fold1,171,3.1097649335861215,0.1111111111111111,0.1111111111111111,0.3010752688172043,0.3010752688172043,0.25806451612903225,0.1111111111111111,0.21505376344086022,0.4444444444444444,0.989247311827957,,,False
fold1,172,3.17766058444977,0.058183006823368154,0.1111111111111111,0.12903225806451613,0.12903225806451613,0.12903225806451613,0.1863616275297848,0.21505376344086022,0.3987752373695867,0.989247311827957,,,False
fold1,173,3.146509289741518,0.10130249872869075,0.1111111111111111,0.21505376344086022,0.21505376344086022,0.12903225806451613,0.10130249872869075,0.21505376344086022,0.2966200857570462,0.989247311827957,,,False
fold1,174,3.037484765052798,0.08420647591724434,0.1111111111111111,0.5591397849462365,0.5591397849462365,0.4731182795698925,0.08420647591724434,0.21505376344086022,0.08420647591724434,0.946236559139785,,,False
fold1,175,3.158985018730164,0.0,0.0,0.17204301075268819,0.17204301075268819,0.12903225806451613,0.0,0.21505376344086022,0.2222222222222222,0.989247311827957,,,False
fold1,176,3.0998600721359253,0.046179883119043766,0.1111111111111111,0.25806451612903225,0.25806451612903225,0.21505376344086022,0.046179883119043766,0.21505376344086022,0.4463479406791614,0.989247311827957,,,False
fold1,177,3.073217511177064,0.2222222222222222,0.2222222222222222,0.25806451612903225,0.25806451612903225,0.17204301075268819,0.2222222222222222,0.21505376344086022,0.536804210682532,0.989247311827957,,,False
fold1,178,3.16234815120697,0.0,0.0,0.12903225806451613,0.12903225806451613,0.08602150537634409,0.0,0.21505376344086022,0.2222222222222222,0.989247311827957,,,False
fold1,179,3.1727072000503553,0.0,0.0,0.0,0.0,0.0,0.0,0.21505376344086022,0.20282135191183784,0.989247311827957,,,False
fold1,180,3.2199939489364637,0.0,0.0,0.17204301075268819,0.17204301075268819,0.17204301075268819,0.0,0.21505376344086022,0.4065429200401361,0.989247311827957,,,False
fold1,181,3.10176479816437,0.1111111111111111,0.1111111111111111,0.17204301075268819,0.17204301075268819,0.17204301075268819,0.17492768638872416,0.21505376344086022,0.5710281740879536,0.989247311827957,,,False
fold1,182,3.1009782552719134,0.0,0.0,0.3010752688172043,0.3010752688172043,0.21505376344086022,0.0,0.21505376344086022,0.0,0.989247311827957,,,False
fold1,183,3.1359781026840228,0.0,0.0,0.08602150537634409,0.08602150537634409,0.08602150537634409,0.06093472109414588,0.21505376344086022,0.35070944810044835,0.989247311827957,,,False
fold1,184,3.0539928674697885,0.16666666666666666,0.2222222222222222,0.43010752688172044,0.43010752688172044,0.34408602150537637,0.1111111111111111,0.21505376344086022,0.21241360983980184,0.989247311827957,,,False
fold1,185,3.1445673704147357,0.0,0.0,0.08602150537634409,0.08602150537634409,0.08602150537634409,0.0,0.21505376344086022,0.5566349020859326,0.989247311827957,,,False
fold1,186,3.061745762825015,0.23443549923636947,0.3333333333333333,0.3870967741935484,0.3870967741935484,0.21505376344086022,0.15766256146038188,0.21505376344086022,0.34031265632751495,0.946236559139785,,,False
fold1,187,3.158014178276063,0.10130249872869075,0.1111111111111111,0.08602150537634409,0.08602150537634409,0.08602150537634409,0.10130249872869075,0.21505376344086022,0.2733483309339477,0.946236559139785,,,False
fold1,188,3.2981587648391737,0.0,0.0,0.043010752688172046,0.043010752688172046,0.043010752688172046,0.0,0.21505376344086022,0.10609351154560183,0.989247311827957,,,False
fold1,189,3.0259517431259164,0.22329160657184216,0.3333333333333333,0.5591397849462365,0.5591397849462365,0.34408602150537637,0.22329160657184216,0.21505376344086022,0.22329160657184216,0.989247311827957,,,False
fold1,190,3.044368863105776,0.3806025642399001,0.4444444444444444,0.21505376344086022,0.21505376344086022,0.17204301075268819,0.4917136753510112,0.21505376344086022,0.5224209399376569,0.989247311827957,,,False
fold1,191,3.1885830163955697,0.1111111111111111,0.1111111111111111,0.21505376344086022,0.21505376344086022,0.21505376344086022,0.1111111111111111,0.21505376344086022,0.5626315697999318,0.989247311827957,,,False
fold1,192,3.0543714761734018,0.09235976623808753,0.1111111111111111,0.4731182795698925,0.4731182795698925,0.3010752688172043,0.09235976623808753,0.21505376344086022,0.31850712138540366,0.989247311827957,,,False
fold1,193,3.2442492246627825,0.1111111111111111,0.1111111111111111,0.17204301075268819,0.17204301075268819,0.17204301075268819,0.1111111111111111,0.17204301075268819,0.43463583206202405,0.989247311827957,,,False
fold1,194,3.054587244987488,0.31041116955378883,0.3333333333333333,0.5161290322580645,0.5161290322580645,0.4731182795698925,0.31041116955378883,0.21505376344086022,0.42152228066489994,0.989247311827957,,,False
fold1,195,3.05531179904938,0.2654603656126028,0.3333333333333333,0.21505376344086022,0.21505376344086022,0.17204301075268819,0.2654603656126028,0.21505376344086022,0.5457469431731352,0.989247311827957,,,False
fold1,196,3.1485627889633188,0.0,0.0,0.043010752688172046,0.043010752688172046,0.043010752688172046,0.0,0.21505376344086022,0.08040384652446546,0.989247311827957,,,False
fold1,197,3.1131795644760136,0.06093472109414588,0.1111111111111111,0.34408602150537637,0.34408602150537637,0.3010752688172043,0.06093472109414588,0.21505376344086022,0.10502919475992921,0.989247311827957,,,False
fold1,198,3.1660321950912493,0.0,0.0,0.08602150537634409,0.08602150537634409,0.08602150537634409,0.06093472109414588,0.21505376344086022,0.4504800178246492,0.989247311827957,,,False
fold1,199,3.077633738517762,0.16176236047545647,0.2222222222222222,0.43010752688172044,0.43010752688172044,0.25806451612903225,0.16176236047545647,0.21505376344086022,0.49899909461435943,0.989247311827957,,,False
fold2,0,3.140965819358827,0.0,0.0,0.1846153846153846,0.1846153846153846,0.1846153846153846,0.0,0.23076923076923075,0.18181818181818182,0.9692307692307692,0.0,3.140965819358827,True
fold2,1,3.016839861869813,0.19363277499522152,0.2727272727272727,0.9692307692307692,0.9692307692307692,0.6923076923076923,0.13636363636363635,0.23076923076923075,0.19363277499522152,0.9692307692307692,0.1936327749952215,3.016839861869813,True
fold2,2,3.1472424268722548,0.09090909090909091,0.09090909090909091,0.23076923076923075,0.23076923076923075,0.1846153846153846,0.14817822954067605,0.23076923076923075,0.35953105490094694,0.8769230769230769,0.0909090909090909,3.1472424268722548,True
fold2,3,3.1859434843063372,0.0,0.0,0.0923076923076923,0.0923076923076923,0.0923076923076923,0.0360772966356409,0.23076923076923075,0.3437087198181961,0.923076923076923,0.0,3.185943484306337,True
fold2,4,3.132897257804871,0.09090909090909091,0.09090909090909091,0.0,0.0,0.0,0.09090909090909091,0.23076923076923075,0.47075692170880346,0.923076923076923,0.0909090909090909,3.132897257804871,True
fold2,5,2.997522950172425,0.1630636841803727,0.18181818181818182,0.41538461538461535,0.41538461538461535,0.2769230769230769,0.09090909090909091,0.23076923076923075,0.2539727750894636,0.923076923076923,,,False
fold2,6,3.16641128063202,0.14817822954067605,0.18181818181818182,0.2769230769230769,0.2769230769230769,0.13846153846153844,0.14817822954067605,0.1846153846153846,0.3904026916184786,0.923076923076923,,,False
fold2,7,3.157142996788025,0.05221356159077431,0.09090909090909091,0.32307692307692304,0.32307692307692304,0.23076923076923075,0.05221356159077431,0.23076923076923075,0.4670158870310596,0.9692307692307692,,,False
fold2,8,3.1862510442733765,0.09090909090909091,0.09090909090909091,0.1846153846153846,0.1846153846153846,0.0923076923076923,0.09090909090909091,0.23076923076923075,0.20357899362101828,0.9692307692307692,,,False
fold2,9,3.139140486717226,0.14678141448153303,0.18181818181818182,0.41538461538461535,0.41538461538461535,0.32307692307692304,0.08680378217367422,0.23076923076923075,0.2506735947842611,0.9692307692307692,,,False
fold2,10,3.080203890800478,0.09100616939686561,0.18181818181818182,0.41538461538461535,0.41538461538461535,0.3692307692307692,0.04340189108683712,0.23076923076923075,0.3210256700667072,0.9692307692307692,,,False
fold2,11,3.064236521720887,0.29400937571681496,0.36363636363636365,0.41538461538461535,0.41538461538461535,0.2769230769230769,0.11219119389863313,0.23076923076923075,0.44390980687241033,0.9692307692307692,,,False
fold2,12,3.344501137733461,0.0,0.0,0.0,0.0,0.0,0.05221356159077431,0.23076923076923075,0.26095914211782945,0.9692307692307692,,,False
fold2,13,3.081389546394349,0.18181818181818182,0.18181818181818182,0.3692307692307692,0.3692307692307692,0.32307692307692304,0.18181818181818182,0.23076923076923075,0.30967952019442085,0.923076923076923,,,False
fold2,14,3.058599829673767,0.3501538060820424,0.45454545454545453,0.0923076923076923,0.0923076923076923,0.0923076923076923,0.3501538060820424,0.23076923076923075,0.5258140247970992,0.9692307692307692,,,False
fold2,15,3.0167897939682007,0.09090909090909091,0.09090909090909091,0.3692307692307692,0.3692307692307692,0.32307692307692304,0.09090909090909091,0.23076923076923075,0.32494083431804704,0.9692307692307692,,,False
fold2,16,3.0978847742080697,0.0,0.0,0.2769230769230769,0.2769230769230769,0.1846153846153846,0.0,0.23076923076923075,0.05468295618555075,0.923076923076923,,,False
fold2,17,3.1386586427688616,0.1566940562472899,0.18181818181818182,0.23076923076923075,0.23076923076923075,0.13846153846153844,0.1566940562472899,0.23076923076923075,0.4770256072845911,0.9692307692307692,,,False
fold2,18,3.0704849958419818,0.28372294331606107,0.36363636363636365,0.2769230769230769,0.2769230769230769,0.23076923076923075,0.28372294331606107,0.23076923076923075,0.43192455852353073,0.9692307692307692,,,False
fold2,19,3.159205555915835,0.14817822954067605,0.18181818181818182,0.0923076923076923,0.0923076923076923,0.0923076923076923,0.14817822954067605,0.23076923076923075,0.23908732044976697,0.9692307692307692,,,False
fold2,20,3.0755771398544316,0.17575291329402878,0.2727272727272727,0.2769230769230769,0.2769230769230769,0.23076923076923075,0.17575291329402878,0.23076923076923075,0.3398303905575863,0.9692307692307692,,,False
fold2,21,3.1803258657455444,0.06281422181671709,0.09090909090909091,0.23076923076923075,0.23076923076923075,0.1846153846153846,0.06281422181671709,0.23076923076923075,0.152134293756963,0.9692307692307692,,,False
fold2,22,3.173496365547182,0.0,0.0,0.0,0.0,0.0,0.09090909090909091,0.23076923076923075,0.4407608511141128,0.9692307692307692,,,False
fold2,23,3.1723245382308973,0.06281422181671709,0.09090909090909091,0.04615384615384615,0.04615384615384615,0.04615384615384615,0.2581504359073566,0.23076923076923075,0.5052522341370319,0.923076923076923,,,False
fold2,24,3.0960274934768686,0.2323958292683159,0.2727272727272727,0.23076923076923075,0.23076923076923075,0.23076923076923075,0.2323958292683159,0.23076923076923075,0.3012920368369703,0.9692307692307692,,,False
fold2,25,3.2571469545364398,0.09090909090909091,0.09090909090909091,0.04615384615384615,0.04615384615384615,0.04615384615384615,0.18181818181818182,0.23076923076923075,0.4084226403607481,0.9692307692307692,,,False
fold2,26,2.97834074497223,0.28913143982157496,0.45454545454545453,0.5076923076923077,0.5076923076923077,0.3692307692307692,0.09766810704531977,0.23076923076923075,0.5582346196766231,0.9692307692307692,,,False
fold2,27,3.0373488664627097,0.3839667835200171,0.45454545454545453,0.4615384615384615,0.4615384615384615,0.3692307692307692,0.0,0.23076923076923075,0.5183748440037199,0.923076923076923,,,False
fold2,28,3.252921700477602,0.0,0.0,0.0923076923076923,0.0923076923076923,0.0923076923076923,0.045454545454545456,0.1846153846153846,0.3452712542017006,0.923076923076923,,,False
fold2,29,3.2129145860672006,0.0,0.0,0.0923076923076923,0.0923076923076923,0.0923076923076923,0.04340189108683712,0.23076923076923075,0.24996454484182162,0.9692307692307692,,,False
fold2,30,3.0684217214584364,0.12637426232349805,0.18181818181818182,0.5538461538461538,0.5538461538461538,0.4615384615384615,0.12637426232349805,0.23076923076923075,0.12637426232349805,0.9692307692307692,,,False
fold2,31,2.9842036962509164,0.29703643875347036,0.36363636363636365,0.4615384615384615,0.4615384615384615,0.3692307692307692,0.07556708146752616,0.1846153846153846,0.579437141649615,0.9692307692307692,,,False
fold2,32,3.1308804750442514,0.0,0.0,0.23076923076923075,0.23076923076923075,0.1846153846153846,0.0,0.23076923076923075,0.23908732044976697,0.9692307692307692,,,False
fold2,33,3.2797120809555063,0.0,0.0,0.04615384615384615,0.04615384615384615,0.04615384615384615,0.1075819106178873,0.23076923076923075,0.4459599946707354,0.9692307692307692,,,False
fold2,34,3.118845105171204,0.07556708146752616,0.09090909090909091,0.23076923076923075,0.23076923076923075,0.23076923076923075,0.07556708146752616,0.23076923076923075,0.257385263285708,0.9692307692307692,,,False
fold2,35,3.064520955085756,0.1327395434914118,0.18181818181818182,0.32307692307692304,0.32307692307692304,0.23076923076923075,0.049855680895210266,0.23076923076923075,0.3760130403706782,0.9692307692307692,,,False
fold2,36,3.2077351808547987,0.0,0.0,0.0,0.0,0.0,0.41377807356720897,0.23076923076923075,0.5680091422104424,0.923076923076923,,,False
fold2,37,3.0963269472122206,0.07751922793374166,0.18181818181818182,0.13846153846153844,0.13846153846153844,0.13846153846153844,0.1322021841192924,0.1846153846153846,0.382370192483382,0.9692307692307692,,,False
fold2,38,3.1412855386734027,0.0,0.0,0.0923076923076923,0.0923076923076923,0.0923076923076923,0.19363277499522152,0.23076923076923075,0.27651663759142303,0.9692307692307692,,,False
fold2,39,3.162967562675477,0.0,0.0,0.0923076923076923,0.0923076923076923,0.0923076923076923,0.0,0.23076923076923075,0.2998167087471551,0.9692307692307692,,,False
fold2,40,3.067209124565126,0.17771287308276512,0.18181818181818182,0.32307692307692304,0.32307692307692304,0.2769230769230769,0.17771287308276512,0.23076923076923075,0.5051231019955886,0.9692307692307692,,,False
fold2,41,3.1336170434951804,0.0,0.0,0.0923076923076923,0.0923076923076923,0.0923076923076923,0.05468295618555075,0.23076923076923075,0.5968969369300926,0.923076923076923,,,False
fold2,42,3.083747267723085,0.09090909090909091,0.09090909090909091,0.0923076923076923,0.0923076923076923,0.0923076923076923,0.14817822954067605,0.23076923076923075,0.4014581840909673,0.9692307692307692,,,False
fold2,43,3.0681611299514784,0.153723312725808,0.18181818181818182,0.2769230769230769,0.2769230769230769,0.23076923076923075,0.153723312725808,0.1846153846153846,0.7672271427162186,0.9692307692307692,,,False
fold2,44,3.267360806465151,0.04340189108683712,0.09090909090909091,0.04615384615384615,0.04615384615384615,0.04615384615384615,0.13431098199592803,0.23076923076923075,0.3973145956347101,0.9692307692307692,,,False
fold2,45,3.1941839456558254,0.07914096029964765,0.09090909090909091,0.23076923076923075,0.23076923076923075,0.23076923076923075,0.07914096029964765,0.23076923076923075,0.44277732393601127,0.923076923076923,,,False
fold2,46,3.117577910423279,0.09365549288887508,0.18181818181818182,0.1846153846153846,0.1846153846153846,0.1846153846153846,0.09561545267761144,0.23076923076923075,0.17895880020045044,0.9692307692307692,,,False
fold2,47,3.1062411069870004,0.06281422181671709,0.09090909090909091,0.1846153846153846,0.1846153846153846,0.1846153846153846,0.06281422181671709,0.1846153846153846,0.23107733360939492,0.8769230769230769,,,False
fold2,48,3.253123164176941,0.09090909090909091,0.09090909090909091,0.04615384615384615,0.04615384615384615,0.04615384615384615,0.17379295350529242,0.23076923076923075,0.34623388650456965,0.9692307692307692,,,False
fold2,49,3.110939383506775,0.03778354073376308,0.09090909090909091,0.2769230769230769,0.2769230769230769,0.23076923076923075,0.03778354073376308,0.23076923076923075,0.39971366027200456,0.9692307692307692,,,False
fold2,50,3.1174649000167864,0.049855680895210266,0.09090909090909091,0.23076923076923075,0.23076923076923075,0.13846153846153844,0.049855680895210266,0.23076923076923075,0.31931308434236544,0.9692307692307692,,,False
fold2,51,3.236969590187073,0.09090909090909091,0.09090909090909091,0.04615384615384615,0.04615384615384615,0.04615384615384615,0.09090909090909091,0.23076923076923075,0.18181818181818182,0.9692307692307692,,,False
fold2,52,3.269470095634461,0.0,0.0,0.04615384615384615,0.04615384615384615,0.04615384615384615,0.049855680895210266,0.23076923076923075,0.21291936507558298,0.9692307692307692,,,False
fold2,53,3.078580975532532,0.17771287308276512,0.18181818181818182,0.2769230769230769,0.2769230769230769,0.23076923076923075,0.17771287308276512,0.23076923076923075,0.5104177781178967,0.9692307692307692,,,False
fold2,54,3.099122405052187,0.0,0.0,0.23076923076923075,0.23076923076923075,0.23076923076923075,0.0,0.23076923076923075,0.40756353931844364,0.9692307692307692,,,False
fold2,55,3.1304413080215463,0.17771287308276512,0.18181818181818182,0.3692307692307692,0.3692307692307692,0.2769230769230769,0.0,0.23076923076923075,0.35953105490094694,0.9692307692307692,,,False
fold2,56,3.1183236837387085,0.09090909090909091,0.09090909090909091,0.0923076923076923,0.0923076923076923,0.0923076923076923,0.2727272727272727,0.23076923076923075,0.4972165652813975,0.8769230769230769,,,False
fold2,57,3.189152359962465,0.0,0.0,0.13846153846153844,0.13846153846153844,0.13846153846153844,0.0,0.23076923076923075,0.2727272727272727,0.9692307692307692,,,False
fold2,58,3.1448842287063616,0.07914096029964765,0.09090909090909091,0.13846153846153844,0.13846153846153844,0.13846153846153844,0.16594474247332186,0.23076923076923075,0.4070765344440414,0.9692307692307692,,,False
fold2,59,3.092526316642762,0.21379016971840603,0.2727272727272727,0.13846153846153844,0.13846153846153844,0.13846153846153844,0.21379016971840603,0.23076923076923075,0.4386720152005946,0.9692307692307692,,,False
fold2,60,3.0924335718154916,0.0,0.0,0.32307692307692304,0.32307692307692304,0.2769230769230769,0.0,0.23076923076923075,0.4379358920195491,0.9692307692307692,,,False
fold2,61,3.1160269975662236,0.1269863875447318,0.18181818181818182,0.1846153846153846,0.1846153846153846,0.1846153846153846,0.23403174340895613,0.23076923076923075,0.2900869490894444,0.9692307692307692,,,False
fold2,62,3.0126975774765032,0.16647617237661708,0.18181818181818182,0.7384615384615384,0.7384615384615384,0.4615384615384615,0.0,0.13846153846153844,0.257385263285708,0.9692307692307692,,,False
fold2,63,3.0663853883743295,0.09090909090909091,0.09090909090909091,0.13846153846153844,0.13846153846153844,0.13846153846153844,0.22522007290501894,0.23076923076923075,0.5789597570802163,0.9692307692307692,,,False
fold2,64,3.095035672187807,0.049855680895210266,0.09090909090909091,0.2769230769230769,0.2769230769230769,0.23076923076923075,0.049855680895210266,0.23076923076923075,0.17854831253806427,0.9692307692307692,,,False
fold2,65,3.114212393760681,0.08288386259620152,0.09090909090909091,0.23076923076923075,0.23076923076923075,0.23076923076923075,0.08288386259620152,0.23076923076923075,0.2773614595772545,0.9692307692307692,,,False
fold2,66,3.136582732200624,0.0,0.0,0.0,0.0,0.0,0.09090909090909091,0.23076923076923075,0.3704095662211472,0.923076923076923,,,False
fold2,67,3.0356611013412476,0.049855680895210266,0.09090909090909091,0.7384615384615384,0.7384615384615384,0.5538461538461538,0.0,0.23076923076923075,0.18897427350271673,0.9692307692307692,,,False
fold2,68,3.11175000667572,0.0,0.0,0.0923076923076923,0.0923076923076923,0.04615384615384615,0.0,0.23076923076923075,0.04340189108683712,0.9692307692307692,,,False
fold2,69,3.2241755723953256,0.0360772966356409,0.09090909090909091,0.04615384615384615,0.04615384615384615,0.04615384615384615,0.18181818181818182,0.23076923076923075,0.43579095690764547,0.9692307692307692,,,False
fold2,70,3.117849230766298,0.23908732044976697,0.2727272727272727,0.13846153846153844,0.13846153846153844,0.0923076923076923,0.23908732044976697,0.23076923076923075,0.45868904300171187,0.923076923076923,,,False
fold2,71,3.2459541559219365,0.06889620756865446,0.09090909090909091,0.04615384615384615,0.04615384615384615,0.04615384615384615,0.21707443710933053,0.23076923076923075,0.46778882649616677,0.9692307692307692,,,False
fold2,72,3.1093846559524545,0.0,0.0,0.0923076923076923,0.0923076923076923,0.0923076923076923,0.09090909090909091,0.23076923076923075,0.45454545454545453,0.9692307692307692,,,False
fold2,73,3.146260142326355,0.0,0.0,0.32307692307692304,0.32307692307692304,0.23076923076923075,0.0,0.23076923076923075,0.30273930083876066,0.923076923076923,,,False
fold2,74,3.192485690116884,0.16647617237661708,0.18181818181818182,0.04615384615384615,0.04615384615384615,0.04615384615384615,0.257385263285708,0.23076923076923075,0.5260072272775641,0.9692307692307692,,,False
fold2,75,3.3171292543411273,0.0,0.0,0.0923076923076923,0.0923076923076923,0.0923076923076923,0.03778354073376308,0.23076923076923075,0.28871469959450685,0.9692307692307692,,,False
fold2,76,3.124807238578798,0.09090909090909091,0.09090909090909091,0.23076923076923075,0.23076923076923075,0.13846153846153844,0.09090909090909091,0.23076923076923075,0.45454545454545453,0.923076923076923,,,False
fold2,77,3.253781914711001,0.0,0.0,0.0,0.0,0.0,0.18181818181818182,0.23076923076923075,0.41594299122344014,0.9692307692307692,,,False
fold2,78,3.2985082864761366,0.0,0.0,0.0923076923076923,0.0923076923076923,0.0923076923076923,0.09090909090909091,0.23076923076923075,0.2028611857262268,0.923076923076923,,,False
fold2,79,3.157414793968201,0.0,0.0,0.04615384615384615,0.04615384615384615,0.04615384615384615,0.215277245771147,0.23076923076923075,0.32494083431804704,0.9692307692307692,,,False
fold2,80,3.2390240430831927,0.0,0.0,0.04615384615384615,0.04615384615384615,0.04615384615384615,0.1444632890361806,0.23076923076923075,0.2219825169699223,0.9692307692307692,,,False
fold2,81,2.9756592512130746,0.045454545454545456,0.09090909090909091,1.0615384615384615,1.0615384615384615,0.8307692307692307,0.045454545454545456,0.23076923076923075,0.045454545454545456,0.9692307692307692,,,False
fold2,82,3.2340229749679583,0.0,0.0,0.04615384615384615,0.04615384615384615,0.04615384615384615,0.0,0.23076923076923075,0.08288386259620152,0.9692307692307692,,,False
fold2,83,3.1526237726211557,0.09090909090909091,0.09090909090909091,0.0923076923076923,0.0923076923076923,0.0923076923076923,0.09090909090909091,0.23076923076923075,0.564028154767814,0.9692307692307692,,,False
fold2,84,3.321828007698061,0.0,0.0,0.0923076923076923,0.0923076923076923,0.04615384615384615,0.049855680895210266,0.23076923076923075,0.30709210609301896,0.923076923076923,,,False
fold2,85,3.1225003004074097,0.0,0.0,0.13846153846153844,0.13846153846153844,0.13846153846153844,0.0,0.23076923076923075,0.08680378217367422,0.923076923076923,,,False
fold2,86,3.031882882118227,0.17917420898642653,0.2727272727272727,0.3692307692307692,0.3692307692307692,0.3692307692307692,0.0,0.23076923076923075,0.30441573098609787,0.9692307692307692,,,False
fold2,87,3.251435399055482,0.0,0.0,0.0,0.0,0.0,0.09090909090909091,0.23076923076923075,0.35295859264440366,0.9692307692307692,,,False
fold2,88,3.0595363378524785,0.1328362200991113,0.18181818181818182,0.2769230769230769,0.2769230769230769,0.2769230769230769,0.05726913863158514,0.23076923076923075,0.3299964113588579,0.9692307692307692,,,False
fold2,89,3.2274736166000375,0.0,0.0,0.0,0.0,0.0,0.09090909090909091,0.23076923076923075,0.3299964113588579,0.9692307692307692,,,False
fold2,90,3.288228154182435,0.0,0.0,0.0,0.0,0.0,0.09090909090909091,0.1846153846153846,0.34829435419479887,0.9692307692307692,,,False
fold2,91,3.0810986757278456,0.22522007290501894,0.2727272727272727,0.4615384615384615,0.4615384615384615,0.2769230769230769,0.09090909090909091,0.23076923076923075,0.26300361363878205,0.9692307692307692,,,False
fold2,92,3.165020108222963,0.0,0.0,0.1846153846153846,0.1846153846153846,0.1846153846153846,0.0,0.23076923076923075,0.05468295618555075,0.9692307692307692,,,False
fold2,93,3.0290981531143197,0.20161735494366723,0.36363636363636365,0.4615384615384615,0.4615384615384615,0.41538461538461535,0.1620468747938434,0.23076923076923075,0.3430365683481144,0.9692307692307692,,,False
fold2,94,3.0827742815017705,0.0,0.0,0.2769230769230769,0.2769230769230769,0.23076923076923075,0.0,0.23076923076923075,0.1759341165134602,0.9692307692307692,,,False
fold2,95,3.2582646608352688,0.06889620756865446,0.09090909090909091,0.0,0.0,0.0,0.1780830639936906,0.23076923076923075,0.6675766739600416,0.9692307692307692,,,False
fold2,96,3.1692975759506226,0.0,0.0,0.13846153846153844,0.13846153846153844,0.13846153846153844,0.03778354073376308,0.23076923076923075,0.35008129361085966,0.9692307692307692,,,False
fold2,97,3.1242989301681527,0.09090909090909091,0.09090909090909091,0.2769230769230769,0.2769230769230769,0.1846153846153846,0.09090909090909091,0.23076923076923075,0.33685663768566515,0.9692307692307692,,,False
fold2,98,3.192999482154848,0.0,0.0,0.04615384615384615,0.04615384615384615,0.04615384615384615,0.09090909090909091,0.23076923076923075,0.4032154136335027,0.9692307692307692,,,False
fold2,99,3.0758477449417136,0.0,0.0,0.23076923076923075,0.23076923076923075,0.23076923076923075,0.0,0.23076923076923075,0.3610966437579257,0.9692307692307692,,,False
fold2,100,3.126050353050232,0.0,0.0,0.13846153846153844,0.13846153846153844,0.13846153846153844,0.0,0.23076923076923075,0.30984509866190574,0.9692307692307692,,,False
fold2,101,3.1463974714279193,0.0,0.0,0.13846153846153844,0.13846153846153844,0.13846153846153844,0.0,0.23076923076923075,0.3825999085763547,0.9692307692307692,,,False
fold2,102,3.1552935838699367,0.05726913863158514,0.09090909090909091,0.04615384615384615,0.04615384615384615,0.04615384615384615,0.10272368408613061,0.23076923076923075,0.4209055022679488,0.923076923076923,,,False
fold2,103,3.1258755922317514,0.09090909090909091,0.09090909090909091,0.1846153846153846,0.1846153846153846,0.13846153846153844,0.29864923836365465,0.23076923076923075,0.33311373538911127,0.9692307692307692,,,False
fold2,104,3.046716570854189,0.09090909090909091,0.09090909090909091,0.2769230769230769,0.2769230769230769,0.2769230769230769,0.09090909090909091,0.23076923076923075,0.2531517337449714,0.9692307692307692,,,False
fold2,105,3.217089772224428,0.0,0.0,0.0,0.0,0.0,0.14817822954067605,0.23076923076923075,0.38682910039989166,0.9692307692307692,,,False
fold2,106,3.307752490043641,0.0,0.0,0.04615384615384615,0.04615384615384615,0.04615384615384615,0.0,0.23076923076923075,0.23115235313047558,0.923076923076923,,,False
fold2,107,3.109306454658509,0.09090909090909091,0.09090909090909091,0.23076923076923075,0.23076923076923075,0.23076923076923075,0.09090909090909091,0.23076923076923075,0.5955962553853907,0.923076923076923,,,False
fold2,108,3.0178064107894915,0.0,0.0,0.23076923076923075,0.23076923076923075,0.1846153846153846,0.0,0.23076923076923075,0.05221356159077431,0.9692307692307692,,,False
fold2,109,3.2499536275863647,0.0,0.0,0.04615384615384615,0.04615384615384615,0.04615384615384615,0.14559204709464166,0.23076923076923075,0.35953105490094694,0.9692307692307692,,,False
fold2,110,3.1037853956222534,0.2668432074225511,0.36363636363636365,0.32307692307692304,0.32307692307692304,0.2769230769230769,0.13636363636363635,0.23076923076923075,0.5542929691625958,0.9692307692307692,,,False
fold2,111,3.103909373283387,0.183031736277643,0.2727272727272727,0.23076923076923075,0.23076923076923075,0.1846153846153846,0.183031736277643,0.23076923076923075,0.3436580760998806,0.9692307692307692,,,False
fold2,112,3.2007886171340956,0.0,0.0,0.0,0.0,0.0,0.128692631642854,0.23076923076923075,0.6390328648031521,0.8769230769230769,,,False
fold2,113,3.106175303459168,0.0,0.0,0.1846153846153846,0.1846153846153846,0.13846153846153844,0.0,0.1846153846153846,0.29606008857289895,0.9692307692307692,,,False
fold2,114,3.058794140815736,0.09090909090909091,0.09090909090909091,0.3692307692307692,0.3692307692307692,0.32307692307692304,0.09090909090909091,0.1846153846153846,0.18181818181818182,0.923076923076923,,,False
fold2,115,3.1369568109512347,0.07556708146752616,0.09090909090909091,0.23076923076923075,0.23076923076923075,0.13846153846153844,0.07556708146752616,0.23076923076923075,0.23957791884349142,0.9692307692307692,,,False
fold2,116,3.3417307138442998,0.0,0.0,0.0,0.0,0.0,0.14312265249986522,0.23076923076923075,0.5414435595627409,0.9692307692307692,,,False
fold2,117,3.1201394796371464,0.0,0.0,0.23076923076923075,0.23076923076923075,0.1846153846153846,0.0,0.23076923076923075,0.23286427302545565,0.923076923076923,,,False
fold2,118,3.0453222990036015,0.0,0.0,0.4615384615384615,0.4615384615384615,0.3692307692307692,0.0,0.23076923076923075,0.27360222355877994,0.9692307692307692,,,False
fold2,119,3.0810650587081927,0.14492592563784665,0.18181818181818182,0.2769230769230769,0.2769230769230769,0.2769230769230769,0.14492592563784665,0.23076923076923075,0.42743531449444655,0.9692307692307692,,,False
fold2,120,3.437826037406922,0.0,0.0,0.0,0.0,0.0,0.0,0.23076923076923075,0.31229775287709655,0.8769230769230769,,,False
fold2,121,3.122088313102722,0.0,0.0,0.0923076923076923,0.0923076923076923,0.0923076923076923,0.039570480149823825,0.23076923076923075,0.3562209915088954,0.9692307692307692,,,False
fold2,122,3.083671689033509,0.0,0.0,0.32307692307692304,0.32307692307692304,0.32307692307692304,0.0,0.23076923076923075,0.1566940562472899,0.9692307692307692,,,False
fold2,123,3.1033092737197885,0.1630636841803727,0.18181818181818182,0.23076923076923075,0.23076923076923075,0.23076923076923075,0.1630636841803727,0.23076923076923075,0.1630636841803727,0.9692307692307692,,,False
fold2,124,3.156401276588441,0.0,0.0,0.0923076923076923,0.0923076923076923,0.0923076923076923,0.17323518851284592,0.23076923076923075,0.5301125360129807,0.9692307692307692,,,False
fold2,125,3.074016213417055,0.08680378217367422,0.09090909090909091,0.2769230769230769,0.2769230769230769,0.2769230769230769,0.0,0.23076923076923075,0.47655682036064495,0.9692307692307692,,,False
fold2,126,3.1553364992141733,0.1093659123711015,0.18181818181818182,0.0,0.0,0.0,0.1093659123711015,0.13846153846153844,0.35116172649714217,0.9692307692307692,,,False
fold2,127,3.069407820701599,0.11466058849340958,0.18181818181818182,0.41538461538461535,0.41538461538461535,0.3692307692307692,0.0,0.23076923076923075,0.28470170694642644,0.9692307692307692,,,False
fold2,128,3.033716320991517,0.0360772966356409,0.09090909090909091,0.6461538461538461,0.6461538461538461,0.5538461538461538,0.0360772966356409,0.23076923076923075,0.1898006093614489,0.9692307692307692,,,False
fold2,129,3.1926103830337533,0.0,0.0,0.0923076923076923,0.0923076923076923,0.04615384615384615,0.0,0.23076923076923075,0.16274183992737845,0.9692307692307692,,,False
fold2,130,3.196640372276307,0.0,0.0,0.04615384615384615,0.04615384615384615,0.04615384615384615,0.05468295618555075,0.1846153846153846,0.2522717953970592,0.9692307692307692,,,False
fold2,131,3.044773936271669,0.0,0.0,0.4615384615384615,0.4615384615384615,0.41538461538461535,0.0,0.23076923076923075,0.17397854063352655,0.9692307692307692,,,False
fold2,132,3.1506143808364877,0.0,0.0,0.23076923076923075,0.23076923076923075,0.23076923076923075,0.09090909090909091,0.23076923076923075,0.14076477180430116,0.923076923076923,,,False
fold2,133,3.0280545949935918,0.0,0.0,0.2769230769230769,0.2769230769230769,0.23076923076923075,0.0,0.23076923076923075,0.1302500376530769,0.9692307692307692,,,False
fold2,134,3.3141425848007207,0.0,0.0,0.04615384615384615,0.04615384615384615,0.04615384615384615,0.0,0.1846153846153846,0.3197577404276626,0.9692307692307692,,,False
fold2,135,3.2873362302780174,0.0,0.0,0.0,0.0,0.0,0.11513756161734999,0.23076923076923075,0.4472665679650954,0.9692307692307692,,,False
fold2,136,3.133109688758852,0.03778354073376308,0.09090909090909091,0.0,0.0,0.0,0.128692631642854,0.23076923076923075,0.2196017225519449,0.9692307692307692,,,False
fold2,137,3.1197553873062156,0.2932214109862932,0.36363636363636365,0.2769230769230769,0.2769230769230769,0.23076923076923075,0.21765432951876704,0.23076923076923075,0.2932214109862932,0.9692307692307692,,,False
fold2,138,3.0651415586471558,0.0,0.0,0.3692307692307692,0.3692307692307692,0.23076923076923075,0.0,0.23076923076923075,0.14312265249986522,0.9692307692307692,,,False
fold2,139,3.116997599601746,0.0721545932712818,0.09090909090909091,0.23076923076923075,0.23076923076923075,0.1846153846153846,0.0721545932712818,0.23076923076923075,0.36224154236072614,0.9692307692307692,,,False
fold2,140,3.2463389635086077,0.07914096029964765,0.09090909090909091,0.04615384615384615,0.04615384615384615,0.04615384615384615,0.16647617237661708,0.23076923076923075,0.3923899928937118,0.9692307692307692,,,False
fold2,141,3.4099277257919316,0.0,0.0,0.04615384615384615,0.04615384615384615,0.04615384615384615,0.20654973714250022,0.23076923076923075,0.47828294336481164,0.9692307692307692,,,False
fold2,142,3.111549496650697,0.06578496533819901,0.09090909090909091,0.2769230769230769,0.2769230769230769,0.23076923076923075,0.06578496533819901,0.23076923076923075,0.2930576926109263,0.9692307692307692,,,False
fold2,143,3.206589102745056,0.0,0.0,0.0923076923076923,0.0923076923076923,0.0923076923076923,0.06889620756865446,0.23076923076923075,0.3448818659985545,0.9692307692307692,,,False
fold2,144,3.3254848718643215,0.0,0.0,0.0,0.0,0.0,0.1621425555731988,0.23076923076923075,0.501971475389746,0.9692307692307692,,,False
fold2,145,3.068292260169984,0.09178404174059814,0.18181818181818182,0.41538461538461535,0.41538461538461535,0.32307692307692304,0.09178404174059814,0.23076923076923075,0.25640541803771044,0.9692307692307692,,,False
fold2,146,3.141648411750794,0.10826876727126254,0.18181818181818182,0.0,0.0,0.0,0.2498954667985849,0.23076923076923075,0.5589721992353675,0.9692307692307692,,,False
fold2,147,3.2321637868881243,0.06281422181671709,0.09090909090909091,0.04615384615384615,0.04615384615384615,0.04615384615384615,0.06281422181671709,0.23076923076923075,0.2915157278631169,0.9692307692307692,,,False
fold2,148,3.1252204179763816,0.0,0.0,0.1846153846153846,0.1846153846153846,0.1846153846153846,0.153723312725808,0.23076923076923075,0.27464443174638675,0.8769230769230769,,,False
fold2,149,3.083068251609804,0.16647617237661708,0.18181818181818182,0.32307692307692304,0.32307692307692304,0.23076923076923075,0.16647617237661708,0.23076923076923075,0.42386143566232504,0.9692307692307692,,,False
fold2,150,3.123790383338929,0.2727272727272727,0.2727272727272727,0.1846153846153846,0.1846153846153846,0.1846153846153846,0.2727272727272727,0.1846153846153846,0.39971366027200456,0.9692307692307692,,,False
fold2,151,3.1947222948074354,0.049855680895210266,0.09090909090909091,0.04615384615384615,0.04615384615384615,0.04615384615384615,0.23167386271339208,0.23076923076923075,0.5092284107310053,0.9692307692307692,,,False
fold2,152,3.1282633543014526,0.08101241144792458,0.18181818181818182,0.13846153846153844,0.13846153846153844,0.13846153846153844,0.08101241144792458,0.1846153846153846,0.521503264818429,0.9692307692307692,,,False
fold2,153,3.013408780097963,0.2960157594206682,0.45454545454545453,0.4615384615384615,0.4615384615384615,0.41538461538461535,0.128245713471775,0.23076923076923075,0.2960157594206682,0.9692307692307692,,,False
fold2,154,3.254636406898499,0.0,0.0,0.04615384615384615,0.04615384615384615,0.04615384615384615,0.0,0.23076923076923075,0.18181818181818182,0.9692307692307692,,,False
fold2,155,3.1091367006301893,0.20830662495893792,0.2727272727272727,0.32307692307692304,0.32307692307692304,0.32307692307692304,0.12542276236273642,0.23076923076923075,0.4203254850274576,0.9692307692307692,,,False
fold2,156,3.1368089914321913,0.08680378217367422,0.09090909090909091,0.13846153846153844,0.13846153846153844,0.13846153846153844,0.08680378217367422,0.23076923076923075,0.3505384960724692,0.923076923076923,,,False
fold2,157,3.157897353172303,0.05221356159077431,0.09090909090909091,0.04615384615384615,0.04615384615384615,0.04615384615384615,0.05221356159077431,0.23076923076923075,0.28804857813771184,0.9692307692307692,,,False
fold2,158,3.101451754570008,0.12628575368303865,0.18181818181818182,0.13846153846153844,0.13846153846153844,0.13846153846153844,0.12628575368303865,0.23076923076923075,0.1761414345782489,0.8769230769230769,,,False
fold2,159,3.0337892770767225,0.16202482289584916,0.18181818181818182,0.3692307692307692,0.3692307692307692,0.2769230769230769,0.16202482289584916,0.23076923076923075,0.3799203013496719,0.9692307692307692,,,False
fold2,160,3.133179068565369,0.21137701243284066,0.2727272727272727,0.13846153846153844,0.13846153846153844,0.13846153846153844,0.21137701243284066,0.23076923076923075,0.24760314715638082,0.9692307692307692,,,False
fold2,161,3.3003491163253798,0.0,0.0,0.0,0.0,0.0,0.20612734784437947,0.23076923076923075,0.30233674706024716,0.9692307692307692,,,False
fold2,162,3.3586875200271624,0.0,0.0,0.0923076923076923,0.0923076923076923,0.04615384615384615,0.0,0.23076923076923075,0.2466090806514196,0.9692307692307692,,,False
fold2,163,3.1312655210494995,0.20612734784437947,0.2727272727272727,0.32307692307692304,0.32307692307692304,0.32307692307692304,0.20612734784437947,0.23076923076923075,0.29703643875347036,0.9692307692307692,,,False
fold2,164,3.1974514722824097,0.0,0.0,0.0923076923076923,0.0923076923076923,0.04615384615384615,0.0882908582264152,0.23076923076923075,0.1791999491355061,0.9692307692307692,,,False
fold2,165,3.1227136850357073,0.0,0.0,0.0923076923076923,0.0923076923076923,0.0923076923076923,0.0,0.23076923076923075,0.5809282867162678,0.923076923076923,,,False
fold2,166,3.112204670906068,0.0,0.0,0.23076923076923075,0.23076923076923075,0.1846153846153846,0.19899497607230734,0.23076923076923075,0.4525459549680019,0.923076923076923,,,False
fold2,167,2.9786964654922508,0.5336864148451022,0.5454545454545454,0.923076923076923,0.923076923076923,0.6461538461538461,0.26095914211782945,0.23076923076923075,0.5336864148451022,0.9692307692307692,,,False
fold2,168,3.175499081611634,0.0,0.0,0.04615384615384615,0.04615384615384615,0.04615384615384615,0.0360772966356409,0.23076923076923075,0.24133714056793168,0.9692307692307692,,,False
fold2,169,3.0979624986648577,0.04144193129810076,0.09090909090909091,0.41538461538461535,0.41538461538461535,0.2769230769230769,0.04144193129810076,0.23076923076923075,0.18962016083877684,0.923076923076923,,,False
fold2,170,3.0335949659347543,0.0,0.0,0.23076923076923075,0.23076923076923075,0.23076923076923075,0.0,0.23076923076923075,0.18181818181818182,0.9692307692307692,,,False
fold2,171,3.1097649335861215,0.0,0.0,0.3692307692307692,0.3692307692307692,0.32307692307692304,0.0,0.23076923076923075,0.09090909090909091,0.9692307692307692,,,False
fold2,172,3.17766058444977,0.2460952798370067,0.36363636363636365,0.0,0.0,0.0,0.2460952798370067,0.23076923076923075,0.2894000924360691,0.9692307692307692,,,False
fold2,173,3.146509289741518,0.09090909090909091,0.09090909090909091,0.23076923076923075,0.23076923076923075,0.13846153846153844,0.09090909090909091,0.23076923076923075,0.13431098199592803,0.923076923076923,,,False
fold2,174,3.037484765052798,0.21146221800396986,0.36363636363636365,0.41538461538461535,0.41538461538461535,0.32307692307692304,0.17538492136832895,0.23076923076923075,0.323563150909005,0.9692307692307692,,,False
fold2,175,3.158985018730164,0.0,0.0,0.13846153846153844,0.13846153846153844,0.0923076923076923,0.0,0.23076923076923075,0.31230632272441183,0.9692307692307692,,,False
fold2,176,3.0998600721359253,0.13047957105891472,0.18181818181818182,0.23076923076923075,0.23076923076923075,0.1846153846153846,0.20263416433019651,0.23076923076923075,0.23871146096583742,0.9692307692307692,,,False
fold2,177,3.073217511177064,0.26731983729519054,0.36363636363636365,0.0923076923076923,0.0923076923076923,0.0923076923076923,0.4450327103779557,0.23076923076923075,0.4731275794703295,0.9692307692307692,,,False
fold2,178,3.16234815120697,0.0,0.0,0.13846153846153844,0.13846153846153844,0.0923076923076923,0.14076477180430116,0.23076923076923075,0.22111476416960227,0.9692307692307692,,,False
fold2,179,3.1727072000503553,0.0,0.0,0.0,0.0,0.0,0.3161291638141099,0.23076923076923075,0.41950868720880585,0.9692307692307692,,,False
fold2,180,3.2199939489364637,0.05726913863158514,0.09090909090909091,0.04615384615384615,0.04615384615384615,0.04615384615384615,0.3043610332046666,0.23076923076923075,0.6679973968410302,0.9692307692307692,,,False
fold2,181,3.10176479816437,0.09090909090909091,0.09090909090909091,0.1846153846153846,0.1846153846153846,0.1846153846153846,0.14076477180430116,0.23076923076923075,0.39333627917037844,0.9692307692307692,,,False
fold2,182,3.1009782552719134,0.1385133692191194,0.18181818181818182,0.13846153846153844,0.13846153846153844,0.13846153846153844,0.17995530051722017,0.23076923076923075,0.3830654115940279,0.9692307692307692,,,False
fold2,183,3.1359781026840228,0.04144193129810076,0.09090909090909091,0.04615384615384615,0.04615384615384615,0.04615384615384615,0.1205828915977484,0.23076923076923075,0.26004715353327595,0.923076923076923,,,False
fold2,184,3.0539928674697885,0.0,0.0,0.4615384615384615,0.4615384615384615,0.3692307692307692,0.0,0.23076923076923075,0.10206924248598458,0.9692307692307692,,,False
fold2,185,3.1445673704147357,0.0,0.0,0.04615384615384615,0.04615384615384615,0.04615384615384615,0.0,0.23076923076923075,0.3810368267692738,0.9692307692307692,,,False
fold2,186,3.0816394090652492,0.04340189108683712,0.09090909090909091,0.41538461538461535,0.41538461538461535,0.2769230769230769,0.0,0.23076923076923075,0.1836434009550832,0.9692307692307692,,,False
fold2,187,3.158014178276063,0.09090909090909091,0.09090909090909091,0.0923076923076923,0.0923076923076923,0.0923076923076923,0.22522007290501894,0.23076923076923075,0.5303675483007333,0.9692307692307692,,,False
fold2,188,3.2981587648391737,0.0,0.0,0.04615384615384615,0.04615384615384615,0.04615384615384615,0.0,0.23076923076923075,0.2446324036348989,0.9692307692307692,,,False
fold2,189,3.0259517431259164,0.13235102220719167,0.18181818181818182,0.4615384615384615,0.4615384615384615,0.32307692307692304,0.09090909090909091,0.23076923076923075,0.17379295350529242,0.9692307692307692,,,False
fold2,190,3.044368863105776,0.09090909090909091,0.09090909090909091,0.3692307692307692,0.3692307692307692,0.32307692307692304,0.09090909090909091,0.23076923076923075,0.09090909090909091,0.923076923076923,,,False
fold2,191,3.2155858278274554,0.1327395434914118,0.18181818181818182,0.13846153846153844,0.13846153846153844,0.13846153846153844,0.3145577253095936,0.23076923076923075,0.458630646114853,0.9692307692307692,,,False
fold2,192,3.0543714761734018,0.05726913863158514,0.09090909090909091,0.5538461538461538,0.5538461538461538,0.32307692307692304,0.0,0.23076923076923075,0.2564101194475988,0.9692307692307692,,,False
fold2,193,3.2442492246627825,0.09090909090909091,0.09090909090909091,0.23076923076923075,0.23076923076923075,0.23076923076923075,0.09090909090909091,0.23076923076923075,0.38951748886484855,0.9692307692307692,,,False
fold2,194,3.054587244987488,0.23167386271339208,0.2727272727272727,0.41538461538461535,0.41538461538461535,0.41538461538461535,0.23167386271339208,0.23076923076923075,0.5096169320152254,0.9692307692307692,,,False
fold2,195,3.05531179904938,0.18181818181818182,0.18181818181818182,0.1846153846153846,0.1846153846153846,0.1846153846153846,0.29516880401947104,0.23076923076923075,0.412177816785098,0.923076923076923,,,False
fold2,196,3.1012314558029184,0.09090909090909091,0.09090909090909091,0.0923076923076923,0.0923076923076923,0.04615384615384615,0.22727272727272727,0.23076923076923075,0.22727272727272727,0.9692307692307692,,,False
fold2,197,3.1131795644760136,0.18181818181818182,0.18181818181818182,0.1846153846153846,0.1846153846153846,0.1846153846153846,0.18181818181818182,0.23076923076923075,0.5353766627739478,0.9692307692307692,,,False
fold2,198,3.1660321950912493,0.04340189108683712,0.09090909090909091,0.0,0.0,0.0,0.2032071895645825,0.23076923076923075,0.25789014575013325,0.9692307692307692,,,False
fold2,199,3.077633738517762,0.18181818181818182,0.18181818181818182,0.4615384615384615,0.4615384615384615,0.2769230769230769,0.18181818181818182,0.23076923076923075,0.3448818659985545,0.8769230769230769,,,False
fold3,0,3.131225466728211,0.14285714285714285,0.14285714285714285,0.12903225806451613,0.12903225806451613,0.12903225806451613,0.2857142857142857,0.21505376344086022,0.2857142857142857,0.946236559139785,0.1428571428571428,3.131225466728211,True
fold3,1,3.016839861869813,0.14285714285714285,0.14285714285714285,0.946236559139785,0.946236559139785,0.7741935483870968,0.0,0.21505376344086022,0.2857142857142857,0.989247311827957,0.1428571428571428,3.016839861869813,True
fold3,2,3.1472424268722548,0.2857142857142857,0.2857142857142857,0.21505376344086022,0.21505376344086022,0.17204301075268819,0.2857142857142857,0.21505376344086022,0.42857142857142855,0.989247311827957,0.2857142857142857,3.1472424268722548,True
fold3,3,3.1859434843063372,0.0,0.0,0.12903225806451613,0.12903225806451613,0.12903225806451613,0.11874827087754111,0.21505376344086022,0.5947779081280721,0.989247311827957,0.0,3.185943484306337,True
fold3,4,3.132897257804871,0.0,0.0,0.08602150537634409,0.08602150537634409,0.08602150537634409,0.20503932594972316,0.21505376344086022,0.599019080700466,0.989247311827957,0.0,3.132897257804871,True
fold3,5,2.997522950172425,0.14285714285714285,0.14285714285714285,0.43010752688172044,0.43010752688172044,0.3010752688172043,0.0,0.17204301075268819,0.14285714285714285,0.989247311827957,,,False
fold3,6,3.152530074119568,0.14285714285714285,0.14285714285714285,0.3010752688172043,0.3010752688172043,0.17204301075268819,0.14285714285714285,0.21505376344086022,0.4100786518994463,0.989247311827957,,,False
fold3,7,3.157142996788025,0.0,0.0,0.34408602150537637,0.34408602150537637,0.25806451612903225,0.0,0.21505376344086022,0.22120178426390183,0.989247311827957,,,False
fold3,8,3.17817771434784,0.11874827087754111,0.14285714285714285,0.17204301075268819,0.17204301075268819,0.08602150537634409,0.11874827087754111,0.21505376344086022,0.261605413734684,0.989247311827957,,,False
fold3,9,3.139140486717225,0.261605413734684,0.2857142857142857,0.3870967741935484,0.3870967741935484,0.3010752688172043,0.261605413734684,0.21505376344086022,0.2857142857142857,0.989247311827957,,,False
fold3,10,3.0584715604782104,0.39910007514058565,0.42857142857142855,0.43010752688172044,0.43010752688172044,0.3870967741935484,0.39910007514058565,0.21505376344086022,0.4811499576403739,0.989247311827957,,,False
fold3,11,3.064236521720887,0.456161937843323,0.5714285714285714,0.3010752688172043,0.3010752688172043,0.25806451612903225,0.31330479498618014,0.21505376344086022,0.6482995886219837,0.989247311827957,,,False
fold3,12,3.344501137733461,0.0,0.0,0.0,0.0,0.0,0.0,0.21505376344086022,0.0,0.989247311827957,,,False
fold3,13,3.081389546394349,0.14285714285714285,0.14285714285714285,0.3870967741935484,0.3870967741935484,0.34408602150537637,0.0,0.17204301075268819,0.5228219936266353,0.989247311827957,,,False
fold3,14,3.058599829673767,0.21106011456502977,0.2857142857142857,0.25806451612903225,0.25806451612903225,0.21505376344086022,0.21106011456502977,0.17204301075268819,0.3539172574221726,0.946236559139785,,,False
fold3,15,3.0167897939682007,0.21106011456502977,0.2857142857142857,0.34408602150537637,0.34408602150537637,0.3010752688172043,0.21106011456502977,0.17204301075268819,0.5762226589200429,0.989247311827957,,,False
fold3,16,3.1462668180465703,0.0,0.0,0.21505376344086022,0.21505376344086022,0.17204301075268819,0.0,0.21505376344086022,0.4100786518994463,0.946236559139785,,,False
fold3,17,3.1185640096664446,0.0,0.0,0.3870967741935484,0.3870967741935484,0.25806451612903225,0.0,0.21505376344086022,0.14285714285714285,0.946236559139785,,,False
fold3,18,3.0327039957046518,0.5254966032329437,0.5714285714285714,0.5161290322580645,0.5161290322580645,0.5161290322580645,0.38909065981716984,0.21505376344086022,0.6783631614135023,0.946236559139785,,,False
fold3,19,3.1054667234420794,0.2230724290400017,0.2857142857142857,0.17204301075268819,0.17204301075268819,0.17204301075268819,0.2230724290400017,0.21505376344086022,0.36131296877270486,0.989247311827957,,,False
fold3,20,3.075577139854432,0.07142857142857142,0.14285714285714285,0.34408602150537637,0.34408602150537637,0.3010752688172043,0.07142857142857142,0.21505376344086022,0.18481436085487138,0.989247311827957,,,False
fold3,21,3.1602503061294573,0.2020844369577253,0.2857142857142857,0.12903225806451613,0.12903225806451613,0.12903225806451613,0.2020844369577253,0.21505376344086022,0.5319478026743127,0.989247311827957,,,False
fold3,22,3.097904562950136,0.14285714285714285,0.14285714285714285,0.043010752688172046,0.043010752688172046,0.043010752688172046,0.14285714285714285,0.21505376344086022,0.14285714285714285,0.989247311827957,,,False
fold3,23,3.1427999734878562,0.0,0.0,0.21505376344086022,0.21505376344086022,0.17204301075268819,0.2857142857142857,0.21505376344086022,0.5534672949924655,0.989247311827957,,,False
fold3,24,3.0960274934768686,0.13024606979403097,0.14285714285714285,0.5161290322580645,0.5161290322580645,0.3870967741935484,0.13024606979403097,0.21505376344086022,0.14285714285714285,0.989247311827957,,,False
fold3,25,3.0903962850570688,0.14285714285714285,0.14285714285714285,0.3870967741935484,0.3870967741935484,0.25806451612903225,0.0,0.21505376344086022,0.25112261189359986,0.989247311827957,,,False
fold3,26,2.9774297475814833,0.24156520571198398,0.2857142857142857,0.8172043010752689,0.8172043010752689,0.6021505376344086,0.22490702535693105,0.21505376344086022,0.24156520571198398,0.946236559139785,,,False
fold3,27,3.037348866462708,0.2801712030128892,0.42857142857142855,0.5591397849462365,0.5591397849462365,0.4731182795698925,0.0,0.21505376344086022,0.2801712030128892,0.989247311827957,,,False
fold3,28,3.210116505622865,0.0,0.0,0.08602150537634409,0.08602150537634409,0.08602150537634409,0.0,0.21505376344086022,0.2963355967855025,0.989247311827957,,,False
fold3,29,3.2129145860672006,0.14285714285714285,0.14285714285714285,0.043010752688172046,0.043010752688172046,0.043010752688172046,0.2857142857142857,0.21505376344086022,0.7027346488680892,0.989247311827957,,,False
fold3,30,3.0923732519149785,0.0,0.0,0.3870967741935484,0.3870967741935484,0.3010752688172043,0.0,0.17204301075268819,0.20798017775415834,0.989247311827957,,,False
fold3,31,2.9842036962509164,0.0,0.0,0.6881720430107527,0.6881720430107527,0.5591397849462365,0.0,0.21505376344086022,0.06218218309258029,0.9032258064516129,,,False
fold3,32,3.1308804750442514,0.2731032126511738,0.2857142857142857,0.08602150537634409,0.08602150537634409,0.08602150537634409,0.2731032126511738,0.21505376344086022,0.34790993570979,0.946236559139785,,,False
fold3,33,3.2797120809555063,0.0,0.0,0.043010752688172046,0.043010752688172046,0.043010752688172046,0.25112261189359986,0.21505376344086022,0.2562429322834428,0.989247311827957,,,False
fold3,34,3.118845105171206,0.06218218309258029,0.14285714285714285,0.25806451612903225,0.25806451612903225,0.25806451612903225,0.06218218309258029,0.21505376344086022,0.3605210087729019,0.989247311827957,,,False
fold3,35,3.064520955085756,0.0,0.0,0.3870967741935484,0.3870967741935484,0.3010752688172043,0.0,0.21505376344086022,0.0,0.946236559139785,,,False
fold3,36,3.105114817619325,0.0,0.0,0.21505376344086022,0.21505376344086022,0.17204301075268819,0.0,0.21505376344086022,0.11606703015192053,0.989247311827957,,,False
fold3,37,3.0261546373367327,0.1430096947665031,0.2857142857142857,0.43010752688172044,0.43010752688172044,0.34408602150537637,0.1430096947665031,0.21505376344086022,0.3540698093315328,0.989247311827957,,,False
fold3,38,3.1412855386734027,0.08593035972015119,0.14285714285714285,0.043010752688172046,0.043010752688172046,0.043010752688172046,0.08593035972015119,0.21505376344086022,0.302230742809365,0.989247311827957,,,False
fold3,39,3.140712141990663,0.14285714285714285,0.14285714285714285,0.17204301075268819,0.17204301075268819,0.17204301075268819,0.14285714285714285,0.21505376344086022,0.42857142857142855,0.946236559139785,,,False
fold3,40,3.067209124565126,0.20503932594972316,0.2857142857142857,0.4731182795698925,0.4731182795698925,0.3870967741935484,0.20503932594972316,0.21505376344086022,0.3383653325546256,0.989247311827957,,,False
fold3,41,3.133617043495179,0.0,0.0,0.08602150537634409,0.08602150537634409,0.08602150537634409,0.23710770791234959,0.21505376344086022,0.439338986208263,0.989247311827957,,,False
fold3,42,3.11309325695038,0.0,0.0,0.3010752688172043,0.3010752688172043,0.21505376344086022,0.0,0.21505376344086022,0.0820498824997882,0.989247311827957,,,False
fold3,43,3.0681611299514784,0.09425056505520672,0.14285714285714285,0.34408602150537637,0.34408602150537637,0.3010752688172043,0.09425056505520672,0.21505376344086022,0.19295862791004786,0.989247311827957,,,False
fold3,44,3.267360806465151,0.0,0.0,0.12903225806451613,0.12903225806451613,0.12903225806451613,0.0,0.21505376344086022,0.0,0.989247311827957,,,False
fold3,45,3.228939890861513,0.059374135438770556,0.14285714285714285,0.21505376344086022,0.21505376344086022,0.21505376344086022,0.059374135438770556,0.21505376344086022,0.4879455640101992,0.989247311827957,,,False
fold3,46,3.117577910423279,0.19955003757029283,0.2857142857142857,0.21505376344086022,0.21505376344086022,0.17204301075268819,0.19955003757029283,0.21505376344086022,0.48149436456883005,0.989247311827957,,,False
fold3,47,3.1062411069870004,0.14285714285714285,0.14285714285714285,0.17204301075268819,0.17204301075268819,0.17204301075268819,0.14285714285714285,0.17204301075268819,0.2857142857142857,0.989247311827957,,,False
fold3,48,3.1482712030410784,0.22490702535693105,0.2857142857142857,0.17204301075268819,0.17204301075268819,0.12903225806451613,0.22490702535693105,0.21505376344086022,0.7282851769869758,0.989247311827957,,,False
fold3,49,3.040426850318909,0.0,0.0,0.4731182795698925,0.4731182795698925,0.34408602150537637,0.0,0.21505376344086022,0.23285150356391954,0.989247311827957,,,False
fold3,50,3.1174649000167864,0.08999436070677666,0.14285714285714285,0.34408602150537637,0.34408602150537637,0.17204301075268819,0.08999436070677666,0.17204301075268819,0.4577585289208506,0.989247311827957,,,False
fold3,51,3.236969590187073,0.0,0.0,0.08602150537634409,0.08602150537634409,0.08602150537634409,0.0,0.21505376344086022,0.2857142857142857,0.946236559139785,,,False
fold3,52,3.269470095634461,0.0,0.0,0.043010752688172046,0.043010752688172046,0.043010752688172046,0.14285714285714285,0.21505376344086022,0.2731032126511738,0.989247311827957,,,False
fold3,53,3.103296160697939,0.20505279285264716,0.2857142857142857,0.21505376344086022,0.21505376344086022,0.21505376344086022,0.20505279285264716,0.21505376344086022,0.20505279285264716,0.989247311827957,,,False
fold3,54,3.0830215215682983,0.23710770791234959,0.2857142857142857,0.12903225806451613,0.12903225806451613,0.12903225806451613,0.23710770791234959,0.21505376344086022,0.37996485076949243,0.989247311827957,,,False
fold3,55,3.1304413080215463,0.078344641406759,0.14285714285714285,0.3870967741935484,0.3870967741935484,0.3010752688172043,0.078344641406759,0.21505376344086022,0.5403593746760397,0.989247311827957,,,False
fold3,56,3.065972447395325,0.0,0.0,0.21505376344086022,0.21505376344086022,0.21505376344086022,0.0,0.21505376344086022,0.078344641406759,0.989247311827957,,,False
fold3,57,3.189152359962465,0.0,0.0,0.12903225806451613,0.12903225806451613,0.12903225806451613,0.0,0.21505376344086022,0.09425056505520672,0.989247311827957,,,False
fold3,58,3.0646356344223022,0.0,0.0,0.4731182795698925,0.4731182795698925,0.3870967741935484,0.0,0.21505376344086022,0.14285714285714285,0.989247311827957,,,False
fold3,59,3.1346908807754525,0.0,0.0,0.21505376344086022,0.21505376344086022,0.08602150537634409,0.0,0.21505376344086022,0.5185657892782053,0.946236559139785,,,False
fold3,60,3.0924335718154925,0.14285714285714285,0.14285714285714285,0.25806451612903225,0.25806451612903225,0.21505376344086022,0.14285714285714285,0.21505376344086022,0.2857142857142857,0.989247311827957,,,False
fold3,61,3.0432792901992816,0.3358157707671907,0.42857142857142855,0.43010752688172044,0.43010752688172044,0.34408602150537637,0.09870806285484114,0.21505376344086022,0.39910007514058565,0.989247311827957,,,False
fold3,62,3.014509797096254,0.2792630862729166,0.2857142857142857,0.6881720430107527,0.6881720430107527,0.43010752688172044,0.0,0.12903225806451613,0.4221202291300595,0.989247311827957,,,False
fold3,63,2.9955698251724256,0.08593035972015119,0.14285714285714285,0.25806451612903225,0.25806451612903225,0.25806451612903225,0.08593035972015119,0.21505376344086022,0.2830232720044513,0.946236559139785,,,False
fold3,64,3.095035672187807,0.07142857142857142,0.14285714285714285,0.25806451612903225,0.25806451612903225,0.21505376344086022,0.0,0.17204301075268819,0.22120178426390183,0.946236559139785,,,False
fold3,65,3.114212393760681,0.2731032126511738,0.2857142857142857,0.25806451612903225,0.25806451612903225,0.25806451612903225,0.2731032126511738,0.21505376344086022,0.2731032126511738,0.989247311827957,,,False
fold3,66,3.136582732200624,0.0,0.0,0.043010752688172046,0.043010752688172046,0.043010752688172046,0.0,0.17204301075268819,0.20798017775415834,0.989247311827957,,,False
fold3,67,3.014193177223206,0.2857142857142857,0.2857142857142857,0.6451612903225806,0.6451612903225806,0.5161290322580645,0.14285714285714285,0.21505376344086022,0.3450884211530563,0.989247311827957,,,False
fold3,68,3.0747021436691284,0.0,0.0,0.12903225806451613,0.12903225806451613,0.08602150537634409,0.14285714285714285,0.21505376344086022,0.42857142857142855,0.989247311827957,,,False
fold3,69,3.2241755723953256,0.0,0.0,0.08602150537634409,0.08602150537634409,0.08602150537634409,0.0,0.21505376344086022,0.3053106796202365,0.989247311827957,,,False
fold3,70,3.117849230766298,0.14285714285714285,0.14285714285714285,0.3010752688172043,0.3010752688172043,0.17204301075268819,0.14285714285714285,0.21505376344086022,0.2857142857142857,0.946236559139785,,,False
fold3,71,3.2111099958419818,0.0,0.0,0.12903225806451613,0.12903225806451613,0.12903225806451613,0.22212464498042528,0.21505376344086022,0.2309534812495416,0.989247311827957,,,False
fold3,72,3.0991848707199106,0.0,0.0,0.12903225806451613,0.12903225806451613,0.12903225806451613,0.0,0.21505376344086022,0.17259520646196572,0.946236559139785,,,False
fold3,73,3.137166142463685,0.0,0.0,0.3010752688172043,0.3010752688172043,0.21505376344086022,0.0,0.21505376344086022,0.5145017882915798,0.989247311827957,,,False
fold3,74,3.192485690116883,0.0,0.0,0.12903225806451613,0.12903225806451613,0.12903225806451613,0.0,0.21505376344086022,0.19825982974323367,0.989247311827957,,,False
fold3,75,3.1926599740982073,0.0,0.0,0.3010752688172043,0.3010752688172043,0.21505376344086022,0.0,0.17204301075268819,0.0,0.989247311827957,,,False
fold3,76,3.1248072385787973,0.0,0.0,0.25806451612903225,0.25806451612903225,0.17204301075268819,0.0,0.21505376344086022,0.056692894713149984,0.946236559139785,,,False
fold3,77,3.2537819147109994,0.0,0.0,0.0,0.0,0.0,0.14285714285714285,0.12903225806451613,0.3757086464210624,0.946236559139785,,,False
fold3,78,3.2985082864761366,0.0748067230586162,0.14285714285714285,0.043010752688172046,0.043010752688172046,0.043010752688172046,0.22135433617326208,0.21505376344086022,0.3722977959416188,0.946236559139785,,,False
fold3,79,3.157414793968201,0.0,0.0,0.08602150537634409,0.08602150537634409,0.08602150537634409,0.11338578942629997,0.21505376344086022,0.14285714285714285,0.946236559139785,,,False
fold3,80,3.2390240430831927,0.0,0.0,0.043010752688172046,0.043010752688172046,0.043010752688172046,0.056692894713149984,0.21505376344086022,0.27789467897705183,0.989247311827957,,,False
fold3,81,2.9547919034957895,0.2857142857142857,0.2857142857142857,0.989247311827957,0.989247311827957,0.7741935483870968,0.0,0.21505376344086022,0.2857142857142857,0.989247311827957,,,False
fold3,82,3.162011981010437,0.0,0.0,0.17204301075268819,0.17204301075268819,0.17204301075268819,0.0,0.21505376344086022,0.25112261189359986,0.989247311827957,,,False
fold3,83,3.1526237726211557,0.0,0.0,0.17204301075268819,0.17204301075268819,0.12903225806451613,0.0,0.21505376344086022,0.42532997726529054,0.989247311827957,,,False
fold3,84,3.321828007698061,0.0,0.0,0.08602150537634409,0.08602150537634409,0.043010752688172046,0.108265469036457,0.21505376344086022,0.17338850393347247,0.989247311827957,,,False
fold3,85,3.0572041273117083,0.08999436070677666,0.14285714285714285,0.3010752688172043,0.3010752688172043,0.25806451612903225,0.08999436070677666,0.21505376344086022,0.23710770791234959,0.989247311827957,,,False
fold3,86,3.031882882118227,0.42857142857142855,0.42857142857142855,0.5591397849462365,0.5591397849462365,0.43010752688172044,0.42857142857142855,0.21505376344086022,0.42857142857142855,0.9032258064516129,,,False
fold3,87,3.1716762781143206,0.0,0.0,0.08602150537634409,0.08602150537634409,0.08602150537634409,0.0,0.17204301075268819,0.0,0.989247311827957,,,False
fold3,88,3.0595363378524785,0.13771877684552955,0.2857142857142857,0.3010752688172043,0.3010752688172043,0.3010752688172043,0.13771877684552955,0.21505376344086022,0.2277131375523062,0.989247311827957,,,False
fold3,89,3.2274736166000375,0.0,0.0,0.0,0.0,0.0,0.2015289783127893,0.21505376344086022,0.21106011456502977,0.989247311827957,,,False
fold3,90,3.288228154182435,0.0,0.0,0.0,0.0,0.0,0.08999436070677666,0.17204301075268819,0.09870806285484114,0.989247311827957,,,False
fold3,91,3.0810986757278456,0.20223127829591342,0.2857142857142857,0.3870967741935484,0.3870967741935484,0.3010752688172043,0.14285714285714285,0.21505376344086022,0.2857142857142857,0.989247311827957,,,False
fold3,92,3.165020108222963,0.0,0.0,0.17204301075268819,0.17204301075268819,0.17204301075268819,0.0,0.21505376344086022,0.20697353189129813,0.989247311827957,,,False
fold3,93,3.0290981531143197,0.32940369213488374,0.42857142857142855,0.5161290322580645,0.5161290322580645,0.43010752688172044,0.0,0.21505376344086022,0.4722608349920266,0.989247311827957,,,False
fold3,94,3.0827742815017722,0.0,0.0,0.21505376344086022,0.21505376344086022,0.17204301075268819,0.0,0.21505376344086022,0.3624789608642725,0.989247311827957,,,False
fold3,95,3.254779458045961,0.0,0.0,0.043010752688172046,0.043010752688172046,0.043010752688172046,0.06218218309258029,0.21505376344086022,0.5228219936266353,0.989247311827957,,,False
fold3,96,3.1480170488357553,0.14285714285714285,0.14285714285714285,0.17204301075268819,0.17204301075268819,0.17204301075268819,0.2857142857142857,0.21505376344086022,0.4873889269368881,0.989247311827957,,,False
fold3,97,3.0950628519058236,0.14285714285714285,0.14285714285714285,0.3870967741935484,0.3870967741935484,0.25806451612903225,0.14285714285714285,0.21505376344086022,0.14285714285714285,0.989247311827957,,,False
fold3,98,3.184569954872133,0.0,0.0,0.08602150537634409,0.08602150537634409,0.08602150537634409,0.0,0.21505376344086022,0.30713214398405303,0.989247311827957,,,False
fold3,99,3.0758477449417136,0.0,0.0,0.21505376344086022,0.21505376344086022,0.21505376344086022,0.14285714285714285,0.21505376344086022,0.23710770791234959,0.989247311827957,,,False
fold3,100,3.126050353050232,0.0,0.0,0.12903225806451613,0.12903225806451613,0.12903225806451613,0.0,0.21505376344086022,0.0,0.989247311827957,,,False
fold3,101,3.1463974714279175,0.0,0.0,0.12903225806451613,0.12903225806451613,0.12903225806451613,0.0682029717078869,0.21505376344086022,0.12757710714665746,0.989247311827957,,,False
fold3,102,3.1552935838699367,0.10337637410288415,0.14285714285714285,0.043010752688172046,0.043010752688172046,0.043010752688172046,0.18172101550964315,0.21505376344086022,0.5407545878809682,0.946236559139785,,,False
fold3,103,3.1258755922317514,0.23285150356391954,0.2857142857142857,0.17204301075268819,0.17204301075268819,0.08602150537634409,0.23285150356391954,0.21505376344086022,0.2857142857142857,0.989247311827957,,,False
fold3,104,3.046716570854189,0.2857142857142857,0.2857142857142857,0.21505376344086022,0.21505376344086022,0.21505376344086022,0.2857142857142857,0.21505376344086022,0.4936944634684441,0.989247311827957,,,False
fold3,105,3.1429148912429827,0.0,0.0,0.08602150537634409,0.08602150537634409,0.08602150537634409,0.0,0.21505376344086022,0.108265469036457,0.989247311827957,,,False
fold3,106,3.118311524391176,0.0,0.0,0.12903225806451613,0.12903225806451613,0.12903225806451613,0.14285714285714285,0.21505376344086022,0.35083732061130124,0.989247311827957,,,False
fold3,107,3.0645829439163235,0.0,0.0,0.4731182795698925,0.4731182795698925,0.4731182795698925,0.0,0.21505376344086022,0.5106213110712168,0.989247311827957,,,False
fold3,108,2.9877985715866107,0.0,0.0,0.7741935483870968,0.7741935483870968,0.43010752688172044,0.0,0.21505376344086022,0.14285714285714285,0.989247311827957,,,False
fold3,109,3.156230568885804,0.0,0.0,0.08602150537634409,0.08602150537634409,0.08602150537634409,0.0,0.21505376344086022,0.0,0.946236559139785,,,False
fold3,110,3.1037853956222534,0.3035942256359102,0.42857142857142855,0.34408602150537637,0.34408602150537637,0.3010752688172043,0.22878750257729405,0.21505376344086022,0.3035942256359102,0.989247311827957,,,False
fold3,111,3.068529963493348,0.25112261189359986,0.2857142857142857,0.34408602150537637,0.34408602150537637,0.3010752688172043,0.25112261189359986,0.21505376344086022,0.3939797547507427,0.989247311827957,,,False
fold3,112,3.200788617134096,0.0,0.0,0.0,0.0,0.0,0.22490702535693105,0.21505376344086022,0.22878750257729405,0.989247311827957,,,False
fold3,113,2.984917998313904,0.23285150356391954,0.2857142857142857,1.1612903225806452,1.1612903225806452,0.946236559139785,0.14285714285714285,0.21505376344086022,0.23285150356391954,0.989247311827957,,,False
fold3,114,3.058794140815736,0.0,0.0,0.5591397849462365,0.5591397849462365,0.3870967741935484,0.0,0.21505376344086022,0.14285714285714285,0.989247311827957,,,False
fold3,115,3.1369568109512347,0.0,0.0,0.34408602150537637,0.34408602150537637,0.17204301075268819,0.0,0.21505376344086022,0.39980191987621966,0.989247311827957,,,False
fold3,116,3.3417307138443006,0.0,0.0,0.0,0.0,0.0,0.0,0.21505376344086022,0.06512303489701549,0.946236559139785,,,False
fold3,117,3.1201394796371464,0.0,0.0,0.21505376344086022,0.21505376344086022,0.17204301075268819,0.0,0.21505376344086022,0.0,0.989247311827957,,,False
fold3,118,3.045322299003601,0.14285714285714285,0.14285714285714285,0.25806451612903225,0.25806451612903225,0.25806451612903225,0.14285714285714285,0.21505376344086022,0.14285714285714285,0.989247311827957,,,False
fold3,119,3.0797501802444462,0.14285714285714285,0.14285714285714285,0.34408602150537637,0.34408602150537637,0.34408602150537637,0.0,0.21505376344086022,0.3267284486316995,0.989247311827957,,,False
fold3,120,3.318323016166687,0.0,0.0,0.043010752688172046,0.043010752688172046,0.043010752688172046,0.0,0.21505376344086022,0.13024606979403097,0.9032258064516129,,,False
fold3,121,3.121952891349794,0.0,0.0,0.08602150537634409,0.08602150537634409,0.08602150537634409,0.0,0.21505376344086022,0.08593035972015119,0.989247311827957,,,False
fold3,122,3.083671689033509,0.14285714285714285,0.14285714285714285,0.21505376344086022,0.21505376344086022,0.21505376344086022,0.14285714285714285,0.21505376344086022,0.41596035550831667,0.989247311827957,,,False
fold3,123,3.1033092737197885,0.0682029717078869,0.14285714285714285,0.25806451612903225,0.25806451612903225,0.25806451612903225,0.0,0.21505376344086022,0.09870806285484114,0.989247311827957,,,False
fold3,124,3.1065014600753784,0.0,0.0,0.25806451612903225,0.25806451612903225,0.25806451612903225,0.0,0.21505376344086022,0.11606703015192053,0.989247311827957,,,False
fold3,125,3.052860617637636,0.078344641406759,0.14285714285714285,0.4731182795698925,0.4731182795698925,0.4731182795698925,0.0,0.21505376344086022,0.404273976358975,0.989247311827957,,,False
fold3,126,3.1302798986434937,0.0,0.0,0.17204301075268819,0.17204301075268819,0.17204301075268819,0.0,0.21505376344086022,0.26722150904230346,0.946236559139785,,,False
fold3,127,3.069407820701599,0.11887507780573027,0.2857142857142857,0.43010752688172044,0.43010752688172044,0.3870967741935484,0.056692894713149984,0.21505376344086022,0.2950336866564998,0.989247311827957,,,False
fold3,128,3.033716320991517,0.2857142857142857,0.2857142857142857,0.5591397849462365,0.5591397849462365,0.4731182795698925,0.108265469036457,0.21505376344086022,0.2857142857142857,0.989247311827957,,,False
fold3,129,3.1926103830337533,0.0,0.0,0.08602150537634409,0.08602150537634409,0.043010752688172046,0.0,0.21505376344086022,0.30713214398405303,0.989247311827957,,,False
fold3,130,3.196640372276307,0.0,0.0,0.043010752688172046,0.043010752688172046,0.043010752688172046,0.056692894713149984,0.17204301075268819,0.19955003757029283,0.989247311827957,,,False
fold3,131,2.962585330009462,0.22490702535693105,0.2857142857142857,1.118279569892473,1.118279569892473,0.8172043010752689,0.0,0.21505376344086022,0.22490702535693105,0.946236559139785,,,False
fold3,132,3.1506143808364877,0.0,0.0,0.25806451612903225,0.25806451612903225,0.25806451612903225,0.0,0.21505376344086022,0.632475852301242,0.989247311827957,,,False
fold3,133,2.9987300634384155,0.0,0.0,0.4731182795698925,0.4731182795698925,0.3870967741935484,0.0,0.21505376344086022,0.2857142857142857,0.989247311827957,,,False
fold3,134,3.1638592481613177,0.0,0.0,0.25806451612903225,0.25806451612903225,0.17204301075268819,0.0,0.17204301075268819,0.261605413734684,0.946236559139785,,,False
fold3,135,3.1066445112228402,0.0,0.0,0.12903225806451613,0.12903225806451613,0.08602150537634409,0.0,0.21505376344086022,0.11338578942629997,0.989247311827957,,,False
fold3,136,2.982179045677187,0.0,0.0,0.6021505376344086,0.6021505376344086,0.6021505376344086,0.0,0.21505376344086022,0.0,0.989247311827957,,,False
fold3,137,3.1197553873062156,0.09425056505520672,0.14285714285714285,0.4731182795698925,0.4731182795698925,0.3870967741935484,0.09425056505520672,0.21505376344086022,0.5319478026743127,0.989247311827957,,,False
fold3,138,3.0651415586471558,0.14285714285714285,0.14285714285714285,0.34408602150537637,0.34408602150537637,0.21505376344086022,0.14285714285714285,0.21505376344086022,0.5473196994489696,0.989247311827957,,,False
fold3,139,3.116997599601746,0.14285714285714285,0.14285714285714285,0.25806451612903225,0.25806451612903225,0.21505376344086022,0.14285714285714285,0.21505376344086022,0.30105447527180645,0.9032258064516129,,,False
fold3,140,3.2463389635086086,0.0,0.0,0.12903225806451613,0.12903225806451613,0.08602150537634409,0.0,0.21505376344086022,0.55669289471315,0.989247311827957,,,False
fold3,141,3.4099277257919316,0.0,0.0,0.043010752688172046,0.043010752688172046,0.043010752688172046,0.19844904150191786,0.17204301075268819,0.25461043597919153,0.946236559139785,,,False
fold3,142,3.067743420600893,0.261605413734684,0.2857142857142857,0.3870967741935484,0.3870967741935484,0.34408602150537637,0.261605413734684,0.21505376344086022,0.40446255659182684,0.989247311827957,,,False
fold3,143,3.206589102745056,0.0,0.0,0.08602150537634409,0.08602150537634409,0.08602150537634409,0.0,0.21505376344086022,0.0820498824997882,0.989247311827957,,,False
fold3,144,3.3254848718643215,0.0,0.0,0.0,0.0,0.0,0.10337637410288415,0.17204301075268819,0.5254966032329437,0.989247311827957,,,False
fold3,145,2.938004851341249,0.46604776239900386,0.7142857142857143,1.2903225806451613,1.2903225806451613,0.8172043010752689,0.30853627934092104,0.21505376344086022,0.46604776239900386,0.989247311827957,,,False
fold3,146,3.119171738624574,0.0,0.0,0.17204301075268819,0.17204301075268819,0.17204301075268819,0.0,0.21505376344086022,0.280296823989028,0.989247311827957,,,False
fold3,147,3.2321637868881243,0.0,0.0,0.08602150537634409,0.08602150537634409,0.08602150537634409,0.0,0.21505376344086022,0.17044765212903729,0.989247311827957,,,False
fold3,148,2.987804532051088,0.2120938522811411,0.2857142857142857,0.8172043010752689,0.8172043010752689,0.6451612903225806,0.11338578942629997,0.21505376344086022,0.2120938522811411,0.989247311827957,,,False
fold3,149,3.0896817445755014,0.0,0.0,0.3010752688172043,0.3010752688172043,0.3010752688172043,0.0,0.21505376344086022,0.2230724290400017,0.989247311827957,,,False
fold3,150,3.1237903833389296,0.0,0.0,0.3010752688172043,0.3010752688172043,0.3010752688172043,0.0,0.21505376344086022,0.31135655185704253,0.989247311827957,,,False
fold3,151,3.184718489646912,0.0,0.0,0.12903225806451613,0.12903225806451613,0.12903225806451613,0.0,0.21505376344086022,0.14285714285714285,0.946236559139785,,,False
fold3,152,3.0416830778121957,0.0,0.0,0.5591397849462365,0.5591397849462365,0.4731182795698925,0.0,0.21505376344086022,0.22120178426390183,0.989247311827957,,,False
fold3,153,3.013408780097963,0.5273057613556451,0.7142857142857143,0.43010752688172044,0.43010752688172044,0.3870967741935484,0.5273057613556451,0.21505376344086022,0.6816794437699834,0.989247311827957,,,False
fold3,154,3.254636406898499,0.0,0.0,0.043010752688172046,0.043010752688172046,0.043010752688172046,0.108265469036457,0.21505376344086022,0.2562429322834428,0.989247311827957,,,False
fold3,155,3.104007840156556,0.6261983677295194,0.7142857142857143,0.3870967741935484,0.3870967741935484,0.3870967741935484,0.4833412248723766,0.21505376344086022,0.6261983677295194,0.946236559139785,,,False
fold3,156,3.0685471296310443,0.22878750257729405,0.2857142857142857,0.3010752688172043,0.3010752688172043,0.25806451612903225,0.22878750257729405,0.21505376344086022,0.5254966032329437,0.989247311827957,,,False
fold3,157,3.157897353172303,0.0,0.0,0.08602150537634409,0.08602150537634409,0.08602150537634409,0.0,0.21505376344086022,0.08999436070677666,0.989247311827957,,,False
fold3,158,3.101451754570008,0.0,0.0,0.25806451612903225,0.25806451612903225,0.25806451612903225,0.0,0.21505376344086022,0.14285714285714285,0.989247311827957,,,False
fold3,159,3.0011256933212285,0.14285714285714285,0.14285714285714285,0.6021505376344086,0.6021505376344086,0.43010752688172044,0.14285714285714285,0.21505376344086022,0.2792630862729166,0.989247311827957,,,False
fold3,160,3.133179068565369,0.0,0.0,0.3010752688172043,0.3010752688172043,0.25806451612903225,0.0,0.21505376344086022,0.391585875227464,0.989247311827957,,,False
fold3,161,3.1816972494125384,0.0,0.0,0.08602150537634409,0.08602150537634409,0.08602150537634409,0.0,0.21505376344086022,0.14285714285714285,0.946236559139785,,,False
fold3,162,3.2000976800918597,0.0,0.0,0.17204301075268819,0.17204301075268819,0.12903225806451613,0.0,0.21505376344086022,0.22878750257729405,0.946236559139785,,,False
fold3,163,3.1312655210494995,0.14285714285714285,0.14285714285714285,0.3870967741935484,0.3870967741935484,0.3870967741935484,0.0,0.21505376344086022,0.45847421057935617,0.989247311827957,,,False
fold3,164,3.1974514722824097,0.0,0.0,0.08602150537634409,0.08602150537634409,0.043010752688172046,0.1365516063255869,0.21505376344086022,0.20798017775415834,0.989247311827957,,,False
fold3,165,3.122713685035706,0.0,0.0,0.08602150537634409,0.08602150537634409,0.08602150537634409,0.0,0.21505376344086022,0.17646844074434392,0.989247311827957,,,False
fold3,166,3.0988904237747215,0.14285714285714285,0.14285714285714285,0.12903225806451613,0.12903225806451613,0.12903225806451613,0.20798017775415834,0.21505376344086022,0.28632481916091734,0.989247311827957,,,False
fold3,167,2.9786964654922508,0.42851644829741203,0.5714285714285714,0.7741935483870968,0.7741935483870968,0.6881720430107527,0.0748067230586162,0.21505376344086022,0.4317420480180965,0.989247311827957,,,False
fold3,168,3.175499081611634,0.08593035972015119,0.14285714285714285,0.0,0.0,0.0,0.2857142857142857,0.21505376344086022,0.2857142857142857,0.989247311827957,,,False
fold3,169,3.0551344156265263,0.0,0.0,0.5161290322580645,0.5161290322580645,0.3870967741935484,0.0,0.21505376344086022,0.7667976761196178,0.989247311827957,,,False
fold3,170,3.0301920175552377,0.0,0.0,0.3010752688172043,0.3010752688172043,0.25806451612903225,0.0,0.21505376344086022,0.14285714285714285,0.989247311827957,,,False
fold3,171,3.1097649335861215,0.0,0.0,0.34408602150537637,0.34408602150537637,0.3010752688172043,0.0,0.21505376344086022,0.2617322206628731,0.989247311827957,,,False
fold3,172,3.17766058444977,0.108265469036457,0.14285714285714285,0.12903225806451613,0.12903225806451613,0.12903225806451613,0.25112261189359986,0.21505376344086022,0.3939797547507427,0.946236559139785,,,False
fold3,173,3.146509289741518,0.14285714285714285,0.14285714285714285,0.21505376344086022,0.21505376344086022,0.12903225806451613,0.14285714285714285,0.21505376344086022,0.3844223485691268,0.989247311827957,,,False
fold3,174,3.037484765052798,0.35083732061130124,0.42857142857142855,0.4731182795698925,0.4731182795698925,0.3870967741935484,0.20798017775415834,0.17204301075268819,0.40446255659182684,0.989247311827957,,,False
fold3,175,3.158985018730164,0.0,0.0,0.17204301075268819,0.17204301075268819,0.12903225806451613,0.0,0.21505376344086022,0.14285714285714285,0.989247311827957,,,False
fold3,176,3.099860072135926,0.0,0.0,0.3010752688172043,0.3010752688172043,0.25806451612903225,0.0,0.21505376344086022,0.42857142857142855,0.989247311827957,,,False
fold3,177,3.073217511177064,0.0,0.0,0.3870967741935484,0.3870967741935484,0.25806451612903225,0.0,0.21505376344086022,0.19173043083305896,0.946236559139785,,,False
fold3,178,3.162348151206971,0.0,0.0,0.12903225806451613,0.12903225806451613,0.08602150537634409,0.0,0.21505376344086022,0.2938006026254995,0.989247311827957,,,False
fold3,179,3.1727072000503553,0.0,0.0,0.0,0.0,0.0,0.0,0.21505376344086022,0.10337637410288415,0.989247311827957,,,False
fold3,180,3.2199939489364637,0.0,0.0,0.17204301075268819,0.17204301075268819,0.17204301075268819,0.13640594341577378,0.21505376344086022,0.2792630862729166,0.989247311827957,,,False
fold3,181,3.087692856788636,0.42857142857142855,0.42857142857142855,0.21505376344086022,0.21505376344086022,0.21505376344086022,0.42857142857142855,0.21505376344086022,0.4907536116640089,0.989247311827957,,,False
fold3,182,3.070289969444275,0.21766386591575904,0.2857142857142857,0.3870967741935484,0.3870967741935484,0.25806451612903225,0.0,0.21505376344086022,0.2798460490083393,0.989247311827957,,,False
fold3,183,3.1359781026840228,0.0748067230586162,0.14285714285714285,0.043010752688172046,0.043010752688172046,0.043010752688172046,0.0748067230586162,0.21505376344086022,0.5080863169112139,0.989247311827957,,,False
fold3,184,2.992608904838562,0.14285714285714285,0.14285714285714285,0.6021505376344086,0.6021505376344086,0.5161290322580645,0.14285714285714285,0.21505376344086022,0.14285714285714285,0.9032258064516129,,,False
fold3,185,3.1445673704147357,0.0,0.0,0.08602150537634409,0.08602150537634409,0.08602150537634409,0.22878750257729405,0.21505376344086022,0.6209996814580399,0.989247311827957,,,False
fold3,186,3.061745762825015,0.14285714285714285,0.14285714285714285,0.5161290322580645,0.5161290322580645,0.3010752688172043,0.0,0.21505376344086022,0.2857142857142857,0.989247311827957,,,False
fold3,187,3.08994734287262,0.078344641406759,0.14285714285714285,0.3010752688172043,0.3010752688172043,0.3010752688172043,0.078344641406759,0.21505376344086022,0.078344641406759,0.989247311827957,,,False
fold3,188,3.2981587648391737,0.0,0.0,0.043010752688172046,0.043010752688172046,0.043010752688172046,0.2067527482057683,0.21505376344086022,0.3496098910629111,0.989247311827957,,,False
fold3,189,3.0259517431259164,0.0,0.0,0.7311827956989247,0.7311827956989247,0.4731182795698925,0.0,0.21505376344086022,0.0,0.989247311827957,,,False
fold3,190,3.0443688631057757,0.0,0.0,0.43010752688172044,0.43010752688172044,0.34408602150537637,0.0,0.21505376344086022,0.22120178426390183,0.989247311827957,,,False
fold3,191,3.1885830163955693,0.10337637410288415,0.14285714285714285,0.21505376344086022,0.21505376344086022,0.21505376344086022,0.10337637410288415,0.21505376344086022,0.17818309716150035,0.989247311827957,,,False
fold3,192,3.0543714761734018,0.14285714285714285,0.14285714285714285,0.5591397849462365,0.5591397849462365,0.34408602150537637,0.14285714285714285,0.21505376344086022,0.42226589203987264,0.989247311827957,,,False
fold3,193,3.1977058649063137,0.0,0.0,0.43010752688172044,0.43010752688172044,0.34408602150537637,0.0,0.21505376344086022,0.108265469036457,0.989247311827957,,,False
fold3,194,3.054587244987488,0.34202823210091965,0.42857142857142855,0.7311827956989247,0.7311827956989247,0.5161290322580645,0.0,0.21505376344086022,0.34202823210091965,0.989247311827957,,,False
fold3,195,3.037061333656312,0.14285714285714285,0.14285714285714285,0.34408602150537637,0.34408602150537637,0.25806451612903225,0.0,0.17204301075268819,0.21106011456502977,0.946236559139785,,,False
fold3,196,3.097974658012391,0.0,0.0,0.12903225806451613,0.12903225806451613,0.08602150537634409,0.2857142857142857,0.21505376344086022,0.2857142857142857,0.989247311827957,,,False
fold3,197,3.1124771833419818,0.0,0.0,0.3870967741935484,0.3870967741935484,0.34408602150537637,0.0,0.21505376344086022,0.3640589271210447,0.989247311827957,,,False
fold3,198,3.1660321950912493,0.0,0.0,0.08602150537634409,0.08602150537634409,0.08602150537634409,0.0,0.21505376344086022,0.42857142857142855,0.989247311827957,,,False
fold3,199,3.077633738517762,0.23710770791234959,0.2857142857142857,0.34408602150537637,0.34408602150537637,0.25806451612903225,0.23710770791234959,0.17204301075268819,0.37996485076949243,0.989247311827957,,,False
